0,1,2,3,4,5,6,7,8,9,10,11,12,13,14,15,16,17,18,19,20,21,22,23,24,25,26,27,28,29,30,31,32,33,34,35,36,37,38,39,40,41,42,43,44,45,46,47,48,49,50,51,52,53,54,55,56,57,58,59,60,61,62,63,64,65,66,67,68,69,70,71,72,73,74,75,76,77,78,79,80,81,82,83,84,85,86,87,88,89,90,91,92,93,94,95,96,97,98,99,Transition,oversampled
29118206.592105746,-789279.1228158101,-114425.15462688461,9202.86857808556,-81588.24848270067,-3734.253056650021,-28368.42797816432,-78229.97418440618,13045.550233511836,-4206.138884597685,-30290.587998064548,-1214.6046336073487,3275.79552777758,1014.1236722770451,-1086.284581435666,-695.5000959841675,456.52855505678247,-85.94247580155104,-171.75753250744734,2.6640872899873784,-48.12687684691264,153.7565192706588,7.160612393326204,-3.367256357260871,53.82183463963581,-61.470772620892376,23.856022059807003,1.6452568227568918,14.096494990945047,13.079940671979983,15.56615161532406,5.7374672877213015,15.641684998795284,6.176678581394867,2.758660156413338,-7.645608886192662,4.180807813998602,2.6263380978924147,5.522909342074115,-0.27963366483098184,-4.568784272083949,1.1108802776268334,-0.27040396905164243,0.855283117339682,-0.14917176509030128,-0.04811204308914441,0.1334327011292995,-0.008873168803427589,0.2168636525760892,0.013139887843441878,0.037329384963464385,0.15112967481759076,0.08588261299751032,-0.19660437538325515,0.06030284996455748,-0.01177121095449507,-0.04589520670846792,0.007240027347858113,0.04181602023844477,0.011431913817712136,0.008526782251772502,-0.0218151626525529,-0.008287774544165627,0.005284844288417467,0.0010707615970877438,-0.029154553102413328,0.023911052941258337,-0.011749181256758334,-0.008603134405595458,0.003949489361716518,-0.009303463085693742,0.002200982589391387,-0.010809539850092698,0.007496200162585787,0.00015753100908311168,-0.0025056027218994803,-0.0023708147562484516,-0.002649461541036846,0.004519914925567914,0.0009675673373064075,0.0017871180925929098,0.0017442002112919575,-0.0009210346593995222,-0.001984721241199583,0.0016242076870616184,1.473184585676357e-05,-0.0006608441488338279,0.0003330101019712872,0.0014552052818022632,0.0005589079317986911,0.0010460553876412426,-0.00034937092052056765,0.0004909104466970238,-0.0008392314148879532,-0.00035183675404507064,0.0001479625270373805,-0.00046165110636622354,-0.00045011322108234886,0.0005657965702756118,-0.0002978164387979487,0,NO
57272531.67609435,743654.5776742753,43765.23449755495,-32478.91794665222,-69274.26976380829,253475.6132718685,114506.8560441604,-48177.727258279716,-50582.69622612119,-470.7025928457406,2313.683310350634,-3293.533045850316,-753.5991863458221,5041.218009153969,-937.8567812433485,334.9440943845633,322.9878798274855,-442.0700354193092,-402.3464238788707,-40.71818678175089,268.95718710259473,58.74156825210579,-16.4149566812452,-0.829653628735727,55.76996088342946,17.107361137163366,-35.25236443338389,-13.615056967795226,1.5724554673333841,-5.905099143199465,-2.5501599003077615,4.240880841702392,20.68334534299578,-15.701939800584057,-28.106839406761623,2.8069591206779023,-1.594954452602238,3.215735846158907,-8.739792175716445,5.663356418733045,1.701804958799741,0.25538411150314033,0.20607526601440895,0.1771833435499799,0.33804748370314286,-0.10536417314682822,-0.024238613812213927,-0.04671225607453966,0.2086662119749061,0.1043244295740655,-0.14898464183431948,0.10033682657324139,-0.0665007469964145,-0.07637884477175283,0.019452615827971975,-0.046489560977844346,0.012632666190204311,0.004806082839379666,0.0074339277724890795,-0.011172114983918568,0.002747338462053328,0.0143896147054825,0.021633674911509804,-0.008448033149825562,-0.0010970492544140065,0.011852697214271846,-0.006364418503838454,-0.005667227103632544,0.0015619031568213648,-0.007647129692807286,0.0010675453214642472,0.00789312169851275,0.002478510950587598,-0.004589593974621109,0.0017079502823238446,-0.0032702306760499233,-0.006884227583140223,-0.004247140245577263,-0.0018635290221045153,0.0010073241111026032,0.0026190176953664324,-0.0003566134679122701,-0.0015051719644925132,0.0005367733600364077,-0.001033103572123495,-0.0006386265177737993,5.4542896111842154e-05,0.0020880490158668996,-0.0006696377319406199,-0.0006382104921436316,-0.00036107592841361225,1.9621374638963997e-05,0.0013860492569629512,-0.0004907279233985484,0.00013320624775572942,-0.0006112217672110988,-0.0002455582268537041,-0.0012340620709365702,0.00041554108812053014,0.00012568459814071842,0,NO
-45724121.606310666,-1256205.9267754285,-611734.597893962,369791.83139642497,93519.7478235426,180895.77086038704,43257.31114198986,38941.65353150437,71705.7690772764,-8311.150024849037,2418.5057218159527,4130.971404420576,1025.043224460107,-1671.265572165939,-2830.551434017614,-301.4028245527534,-782.2133235829776,134.17722233053541,16.149894696715336,23.081898912570296,-304.65270892678217,61.99931459055034,4.780071790709712,47.45039324671407,-24.54084359331592,158.41981490296968,-30.931860616703602,-51.16452745994684,17.81977300706282,-0.7865595517408508,13.960744884340528,15.670365658097808,-12.90361498250337,15.572295687001315,12.526678300941004,18.96935813086543,-6.924912049932544,12.763629124091324,14.990781441404124,1.2730789234628617,2.4111515476650354,-2.4006806859670036,-1.735599429421299,0.5011138054633215,0.7700258944270395,-0.010221185965122004,-0.08215461770191723,0.624583917393343,0.36499543942511226,-1.427176381624273,-0.45669526183015297,0.078014976197331,0.012216065067073067,-0.1369386656017504,-0.06279090229606377,0.035393984340537754,0.0342430122177495,-0.015977992815718878,0.07986397623243291,0.018117775743692555,0.01987885685806079,0.0029550614229112426,0.03426679579495995,0.021366392239392518,-0.008503006845595351,0.008585664604821464,0.005838653558436768,0.004332643585006901,-0.005605152278951087,0.006391435941954127,-0.0030795839466393193,0.009069527292119073,0.00772577477036851,0.004603649723535219,0.012135942710137071,0.007610950551535378,-0.006392027968415981,0.0007836281817241719,-0.001795599854774288,0.008836243096215446,0.004374729579478265,-0.005499844176219293,0.007875013445379997,-0.004413032070415324,-0.0013455236972687024,0.001088757960626241,0.0026690641702928897,0.0004509574414944817,0.00025064918018763427,-0.0018509826224786252,5.709102189643822e-05,0.00043511512297638843,0.00031798989577125347,-0.0005144517322998032,-0.0016230134807389551,-0.0011188610053014612,0.0006437484297489911,0.000736902365283898,0.00020972991071105396,0.0008674663246012737,1,NO
140818896.60502028,-1358391.1242682366,513909.07445986016,316806.556289097,-179917.4516979645,3733.925143758199,-62299.17437062952,-64697.75973788236,-54944.66292634161,4578.175327194749,11722.950006767938,-9027.053821786147,1934.3095618593215,2338.6443888452086,1213.991036811407,33.932274647643,-285.80779734062867,42.90058968243528,240.17916801467274,130.4906767090764,38.33631363615663,171.7263515381709,-54.93361652384945,36.204430911096935,116.01049647571017,32.50475830404548,-10.037726060389389,18.79632785085778,-17.426545718651255,-12.193004832344997,4.423953102217467,9.277608669027359,-24.734968316687628,-2.321110584848327,6.009123504588562,-8.259243399763676,-3.917365184619044,0.8878243354679398,7.1068370666556575,-4.151866029283596,-5.66797964772876,-1.504868347206589,0.813720235740135,0.09472657331068968,-0.016095425515892714,-0.07943205858734359,-0.13270206930066042,-0.04226751734234435,0.29091625676229516,0.11086683465072476,-0.03360421636264643,0.08491888262908143,0.048590424050138026,-0.006527815237062695,0.03958831792968853,0.017876229370868857,0.022849700060790568,-0.013284503827181382,-0.008224902754379038,0.00992372968480204,-0.0005893400451211228,-0.01301536567824968,0.006951167474117725,-0.0018516579528888855,0.006468783479492535,0.011146051860510875,0.001450523076676119,-0.002882378517970463,0.0022483102188816106,-0.003439057721665084,0.0010206645850618923,-0.0004205553023055586,-0.005925068456076765,-0.003930281533971236,0.00592494678386557,0.0011391587817481952,-0.0005622019410971291,-0.0012166583475989867,-0.0027926041257577694,-0.0012448230046242514,-0.0009518012296839684,-0.0015584394095549126,0.000545870465274545,0.001153492924679922,-0.0015031119441628604,0.0008531506413889112,0.00014388431769085663,-0.0004110244770634264,-0.0005190805928671494,4.373246195399361e-06,-0.0008008369447300989,-0.0005725490405995475,-0.00030419714181906254,-0.0010306921659581914,1.9462386627325245e-05,0.0002209841488419479,0.0004952224636747046,0.00032418719815408004,0.0009167368562048028,9.934940821593186e-05,2,NO
-21813480.78972119,-796154.0019943155,347928.47766782704,19310.633069795207,-63364.16903846996,-111340.23894395826,-12170.891011346932,26255.72461723523,-22398.23618036718,7679.65315159925,4860.365773503624,-5364.738539665908,-945.2263066101841,5358.463183180936,-977.1279503343612,334.4045559764604,-235.89795040195804,345.1798724208551,451.4278871415239,73.38819353302324,-34.987232768713085,29.805684144708437,44.4527323994846,-30.836759888240458,-34.68530695991351,-13.116965163414193,31.096501850365257,-13.47255664052193,-19.649783721865816,-12.114737247456858,-3.930482802468674,7.9189638400853255,-5.255964928635393,18.79142552618407,-0.7422570779837159,4.130972414406969,-11.472738517074047,-2.7632234800198603,7.291402437428076,-3.863587470125182,1.6838360768577658,1.8985270356735526,-1.6849205822510527,-0.6875831207411007,-0.25073382278134915,-0.12785112989363867,0.1381049725626804,0.21153441963062747,-0.21159185797867064,-0.09431782958640246,0.07166399798030554,-0.19284130305151237,-0.0426959252180934,0.10286305075784963,-0.052003719485909095,-0.004075848316264397,-0.016438611689637117,0.03567505322564202,-0.024515985058351175,-0.045413479713698024,-0.028821322709666752,0.024849668944332493,-0.01604042913958348,0.0007514800527266274,0.001570529038987134,-0.010229868861310498,-0.013701507761567117,-0.01553004512080941,0.005831007305621583,0.011233464083900024,0.004028323164817604,-0.006464537361455136,0.008937580044282356,-0.006459717858298575,0.002283175024155648,-0.004149831749775235,-0.001546780345246912,-0.005298289021326674,0.0025165549959722533,0.004207134684219627,-0.0021473911494767073,0.0003621204056754035,0.0002892884644185578,-0.0009787909938466233,-0.0023902755500377904,-0.0014074773487064984,-0.0005855630243556398,0.0005340160646063463,-0.0007156634971401954,9.045151488851211e-05,0.0012238319260364783,-0.0002009177067205329,-6.944984043300018e-05,0.0002653229188371853,0.0006029886317519689,0.0006595947571279674,9.231028922072025e-05,0.0009103299529369391,-0.0006206179661168432,0.0005044676273657234,0,NO
-48632908.79576093,912817.8794253343,237624.80790152366,-77507.08934785798,258344.04575496473,43320.13903200459,45042.0460566141,-38947.77426361486,-66874.49588213587,-1076.4084885523152,11933.590410089815,-33578.35710887042,1543.807911567983,6525.636029780843,-819.4648923664008,574.6384188237009,-260.81595711789976,235.71243092164428,215.12697853812958,147.6237282172524,-192.55275866657206,35.65187859926243,-1.85027530559384,-14.098769458142897,-29.416518805051176,-36.938764531037464,-13.44138070216843,-33.69646723966571,-34.64353848690817,21.984486887252032,-27.193164585603142,4.150830259292775,-11.906984658409868,-12.432818915261919,-11.809688914856304,-15.647621342098248,-12.809634793770535,8.04116574687572,-1.0604639907704723,2.02117147999779,-1.2391211345991877,1.587454237852569,0.8498271067954164,-0.7263512760791544,-0.02488949035128485,0.06264367277119831,0.2189178417499793,0.23845610786539329,0.19491226563287567,-0.09562032991575212,0.027280262292702417,-0.060838457661982925,-0.01792184419266185,0.0034230889162107925,-0.0675144248753119,-0.10198956769644973,-0.03396144582344007,0.054167575402180645,0.021419858157728955,0.043250417832859434,-0.018666345107261062,0.024269429276642995,-0.006485296152081488,0.004645834828270523,-0.0052311195115613,0.011843290051838373,-0.009319113237852034,0.007251416916599418,0.005038302758414437,0.008000674790130169,-0.006703273207494753,0.0032928202111350835,-0.0010647753247461367,0.009416142242781644,-0.004520294292815974,0.005905752981825163,-0.003377712758856344,0.001377051715583999,0.0011515204483019126,-0.0004987921143126961,0.0017616808823082142,0.002149207303066003,-0.004925666249890659,-0.00011866543777711014,-0.0038751329870435614,0.0005121870069694223,-0.002449730265811967,0.00047782178902289196,-0.00032293814972667034,-3.760204170788484e-05,0.0006897262543354987,0.0005805333959339734,-0.0006949595232595973,0.0013468880347392576,0.0004537161020032182,0.0003596114022394008,-8.984472878006446e-05,0.00023091753408754911,-0.0006426282709293685,6.33324246132605e-05,3,NO
37774505.851181924,-1918299.6084084902,38420.41683496931,4881.8402228836785,-52658.06473176961,-1129.761165216085,-175718.49958087294,-14475.865745331175,-16763.07390300877,6256.287234178965,7127.731814375444,-3691.7553416240407,4682.650559916736,5736.81514507172,183.26892185714132,333.2247084873836,-232.71420551038352,224.25299203148,312.10011190561033,62.03489989421632,-178.9836313786903,-54.90996880755563,44.212558514398665,24.140471458796796,23.90550447287443,8.016176184315214,6.929455635582428,25.153366879340354,-33.5407497108545,-18.718395754039804,4.581108877523803,-23.72923631462743,-3.895322757341262,9.0092295420921,11.120549050599895,-14.430920867889455,-15.710141607352268,-1.4811512488589642,8.510129702683912,3.176689022476012,0.46541116148603123,3.4028691317177646,-0.9167941984556052,-0.50638623021,0.712416671011816,-0.1839233375281033,-0.055488098892955584,0.01825681974202409,0.2651666409259765,0.13183541729298232,-0.04044611622676353,0.12569919259153872,-0.1541856109591686,0.10750313482610463,-0.014411673313066586,-0.006289711497356687,-0.005638391555203182,0.026093649506220284,-0.00678852325744983,-0.033050276589110084,-0.03360106242700045,-1.2948770654830355e-05,0.011765162742230717,-0.006691937714507823,-0.009499217021897044,-0.009701717734002413,-0.008154206331334068,-0.0015791121551776421,0.003354734943493143,0.0019591241647352597,0.007053670341540252,0.011130459882845667,0.003901378107999953,-0.0032823336533023273,-0.000495307518206145,8.786143065298013e-05,0.0015896210615213846,0.0008695431537772969,-0.007135979328778408,0.001717886938533697,0.0011832845330277397,-0.0005982418605048334,-0.0003726955348932748,0.0021485929951084726,-0.00011580043810310858,-0.000540911019537571,-0.0007907212587905388,-0.0011871121810416163,0.001974956566966335,0.00011686994832316167,0.0006079286789375526,0.0010581167256433393,-0.0008783801180349826,-0.0014319650898914071,5.760646225003163e-05,-0.0002716843170041238,0.0011278020925677753,0.0011395108845988489,-0.0004971258830799852,-0.0008051310663004796,0,NO
74744004.93727171,1404992.939121141,-82053.00224492466,-62480.964246464166,99744.45645152745,91326.03742413408,-66704.92597820866,62908.15096580125,74957.43354547,24313.97484642891,52770.11149609858,-3121.636156232067,10707.26511705742,8051.286134555295,807.9920032121136,761.113148010872,-40.14117862187129,-812.5091441038552,4.4096556246403225,-156.42879982090176,53.382398149395215,85.4751824194403,37.30407414258201,62.836846739601,-86.0197799650067,42.33615763624209,7.421257520878044,25.78843137231695,2.2008353151126983,-3.8559590257086143,4.956638915870855,5.991936338445953,0.7537712096014673,5.582415119743132,-6.269561201043722,9.998185745141413,7.307720007161411,-3.4475964460612545,-1.503728199598413,2.956333828023972,-3.5090527456782965,-2.1804617885083246,0.12907271027594902,0.8577231231295404,-0.5878469457886233,0.1469004523826527,0.08328467807514883,-0.11039155217137431,0.2913050846138283,-0.020829773801973386,0.11332436794778555,0.0823995464590852,0.03536879598366305,0.03299928250216144,-0.007553005445471772,-0.07318306365764288,0.03434728022260147,-0.005790442176929034,0.02598849948345605,0.03725547680659158,-0.009432781049253158,0.018209525235787893,0.009782757817553667,0.006419289640972714,0.020198928885717393,0.004057785290896065,-0.018817618876584674,-0.01536992588028463,0.0016713524479695652,0.016703094077660408,0.002482890647650393,-0.005861524942342822,-0.008923757660613596,0.0013339393896075746,0.0016618439518778505,0.002837641293399029,-0.0017407912162976658,-0.004248869533813426,-0.002719005664867158,-0.0003305501611665651,-0.001393435948531252,0.004468712720256729,-0.00025737845527773473,-0.001014687892278321,0.0023573409801876943,-0.0007090348628561172,-0.0003595217841223519,-0.0021674225929629864,-0.0011872755168592097,-0.0001052142129445155,0.00025200524732360563,0.0014649807030815212,7.079062884940424e-05,-0.0008624921729684099,-0.00022938011805870295,-0.0014445844271018284,-6.464627170135219e-05,-0.0012981242525864634,-0.0006308034342848434,-0.00022801624783924668,1,NO
-10495471.402534127,-619986.7702985024,126351.61832972162,-52238.263615850796,8896.136242393346,50027.04706121455,-74558.22798627135,-1761.978335174259,6018.510880090296,11904.13564123387,-5128.055433568934,-6556.479634658128,-1818.68849089968,-1367.2304241343195,492.8340269515993,-119.97133494403874,733.0358327042549,310.12431903555375,388.09693867671285,-73.7866508240462,48.75726362980441,-67.77016679235817,8.28680365235266,-12.628246774715812,14.095373319402338,-11.159569762293245,-7.3689742435139465,-6.5191769099289445,-11.426677137227273,-13.155094626198832,-17.706536560641098,5.0862942600656424,0.8270184943727656,-3.679356778590545,-5.8610303306865426,1.0893498747151398,-2.2091643161129966,-3.887166682134648,-5.912751821829829,1.0142144666370285,1.622269892895602,-0.20846661962191604,-0.320640847485663,-0.6034372625712972,0.05094923024399023,-0.21672635922588057,0.22829943166204547,-0.06034682622716092,0.012485231382161288,-0.15875999254922846,0.018195413353916834,-0.11413499292286655,0.008723190285426341,0.014369734458095307,0.0022262951242160156,-0.02547434609320831,0.03179551272211123,0.00659673810628858,0.03225182075091171,0.018034987171779093,0.00597920477756908,-0.026530256184509327,-0.03914795728186449,0.002159711065417902,0.002820201029633429,-0.011234986896913268,0.01459525106221729,-0.009324837529583796,0.004613171021540019,0.0024088303460466642,0.001986390205182542,0.001413389852422231,-0.005001006058087398,0.0007576573577566803,0.003514444601079747,0.004085088845949603,-0.005404936119701054,-0.007507588255754261,0.005622585907434363,0.00468409574025519,-0.0005979161831309865,-0.0018352512671393484,-0.002292551239844842,0.0004259087529231709,0.0013515066285352262,-0.001851044809085045,0.000906833215835956,-0.001001268695725921,-0.0007783109016957779,-0.0010443875821153359,4.201946668613843e-06,0.0002503807012587513,7.776126111169734e-05,-0.0002059415297664957,-0.000953368452654868,0.00026089855997429856,-0.0006127387481767114,-0.00010323753393270962,0.0002598769696208758,-0.0005293092733074656,4,NO
30043768.054454803,-546561.3352222545,28194.334661684814,-420120.6256514569,-8675.809231138497,182916.05274177194,-34609.34676351526,-71686.6789630583,102317.43611980247,-600.1159030267409,-4619.98179235811,3084.3725662330107,1664.0352630481138,-5611.812275541436,353.227684266325,-201.96709656451412,393.7224207249863,-3.5150285615296752,-16.135222050709217,70.67803425617626,75.99402448647919,-30.511595063153067,55.36508844950288,-7.168981169397455,-57.15846156962594,32.125906014362954,11.527865177279125,-8.848125105824465,-12.746642066493308,-31.346985748848837,30.181565615562647,-7.2423381095962895,-23.263024057398354,-1.359684622372356,10.564948955874438,-16.768227050743988,17.736355654658848,-5.52320546736496,4.100557966948315,0.9981725856678025,-1.1710039258299858,-1.824245321481115,0.39092642776388686,-0.734957152247552,0.03417233462533886,0.19239342070398635,0.1385417400297193,0.10564835134794048,0.123567844932575,0.07300542649522523,-0.05124068184915753,-0.015131335102935406,0.061348549711822464,-0.020181510850443063,0.0185553012814359,-0.03806188980644265,0.0035342276774654735,-0.01629224239906346,-0.042548062284978316,-0.005340357997229539,0.015849777559731937,-0.0024246134412191367,-0.006014778940806043,-0.0004049756048827291,-0.010499864373926693,-0.0041172446688109154,-0.002985566001338036,-0.0034012419291856166,-0.008595334096307639,-0.0010431177779117728,-0.0014844685507978683,-0.0038936345182181142,0.006344359072031125,0.0033522289697096586,-0.0007504398565991721,0.006227692879469338,0.00028773003887838655,0.00633163156522798,0.0035023876214834715,0.0003004367082086734,0.0006798667751256593,-0.0010921775336567574,0.0012546261490691268,0.0010356661232875097,0.0001040908338545421,-0.00022330488149258088,-0.0013107649076693484,-0.0004893019750363825,-0.0007156878449074977,0.0016326758410123432,1.256196318655256e-05,0.0008358213370570555,0.0003895293667568467,0.001066826728254866,0.0006591038095568325,-0.0011099739975305913,-0.0007929929321730759,-0.00016494055253990503,-0.0002900562811556928,-3.6328381836814305e-05,4,NO
51151082.73597157,-821720.6423133845,-198957.97037122666,-296176.969312502,95539.94047344252,-29508.677397258536,52766.87470001789,205551.83256275085,-38980.168673064036,-39374.49067993599,-8668.583694912177,2443.292495441201,7289.195464824281,4426.394388127962,-5286.79428855207,-360.8483804808611,-33.24932586508237,-1.0993676503188112,-109.64477987621194,61.26283711288659,187.3692962250117,179.6559304428799,36.72521489316398,19.925173481392193,45.88025064102982,23.29034252926806,39.93144806104681,-2.3310435969110017,36.02955709832736,-4.3295230847942605,3.391485505427994,12.973213742353096,-9.10979667741384,1.1303584267462838,4.608118743548417,-4.303002313518306,2.48570467508657,-4.25163058243146,-0.47148803722814137,-7.300600479242078,3.3743510336620517,2.383851269359411,1.017554554531074,-1.217639148794057,0.057845771324995354,0.5854778897363246,0.032344160990907866,-0.00899818590594803,-0.30917091524246176,-0.06867850507907297,0.18847960124078433,-0.011263299296834894,-0.01114035836657834,-0.04940558275340545,0.0659989225698201,0.03480797006970826,0.02059633672549621,0.04227766858366566,0.03890203906765577,0.02290570490892918,-0.0071734991811274185,-0.0070588211303075354,0.008414661509661858,-0.00093227274197627,0.012042202295838411,-0.006520808881304019,0.008911378518616009,0.011958669648427067,0.007836259295758374,0.0006247820426362183,-0.0017932431661422665,-0.0055931852409343286,0.0012108608664727072,-0.0022763280009879816,-0.0038465204937114805,0.003598958512700756,-0.0037920218780729265,0.005698364015869206,0.004048870036998942,0.0013772567466445729,-0.001466592372786013,-0.0031954649242542654,-0.00023491738255465577,0.0008186077757710297,0.00272211683880752,0.0019379371928894829,-0.0018865204591189677,0.0004314878496939345,-0.001383418418059279,0.0009784773327266016,-0.000699222174331604,-0.000514844753659309,0.0005350652130842182,0.0009702230448349614,-0.0002754400966773207,-0.000316537891763731,-5.032563490650101e-05,0.00013153630867246413,-0.0003857347199545669,-0.0006078779429533054,0,NO
-104194603.3616944,-69275.9456922384,217968.62438000075,-109288.1023035273,168953.24704040115,-45297.621062870385,29739.668496012513,-27529.31726974207,-19528.730676614156,6078.246092542018,-5218.796489486722,-1340.2563002238603,-3772.2492887275657,1011.5405230178511,738.1379457279163,64.8694323745458,398.21045666585064,41.7831748506199,-109.95049930663609,-6.5457991354047635,3.216535607357173,-75.67946109197487,-64.29088249658011,4.635335850836,-4.4342961709374755,4.061473909685219,-1.0176059655017866,19.34470658530057,8.842738628741074,1.3803199271364832,4.057299640734016,-0.4885321929143629,7.307351282857439,-1.5162525206823716,3.097112239565451,-3.960124201853901,-4.424507381816493,-9.788394075458484,11.911216211445037,-4.114728123862577,-2.2025758439862955,-1.4991499688850922,-0.17685931512203013,-0.20314734934879564,-0.5588047624601167,0.39430017103195425,0.051461005354766165,0.09276127965890257,-0.02511105911806366,-0.17476580868936084,0.05621542170090077,0.0029489959512210007,-0.151301486413832,0.005726478451304917,0.03741458913294027,0.005383303276456086,-0.045038548813429724,0.0337303006579881,0.02439646031744047,0.008632284721998396,0.04423521250012463,0.01033189374681065,-0.01059011434108137,-0.0019490528839769539,0.0022646066541343046,0.01277840237037875,0.0030017951969167067,-0.0025823333583531727,-3.297051077222335e-05,0.006189619694076276,0.012241314912057932,0.011884912040932338,0.003950267434292165,-0.006432820338481582,0.0020380471863041816,0.0049741304834933775,0.0014437704421241815,0.004159832884465864,-0.004505142486213476,0.004738967512691428,0.004034151946696429,0.0013405203083516337,-0.0021432740123561445,-0.0019059086382411383,0.0002320466398073595,-0.0016483188955084271,0.0011037051500277784,-0.003248450634956157,-0.0009522174879714185,9.164649245851919e-05,-0.0009004553226388268,0.0005343889358588134,-0.0011972769996067,-0.0003190119158096305,0.0008709058553158094,-6.40769039112199e-05,-4.6744289521472374e-05,1.0511776628918668e-05,-9.697897802501965e-05,-0.000746468801673672,1,NO
-108624680.48334414,320638.31950188335,-104848.045195251,-188920.1859302219,208473.18649215996,-39786.09128849591,-25609.624926364093,-6091.308283325037,40913.24519235437,-12016.62335436288,-295.99091344780936,-6771.8240252039395,552.0655093788446,130.31854916844384,614.6330371737531,25.39307447174633,-433.00483158465113,-24.139804820895336,-84.22325885592494,-45.89309081645979,47.531079378422504,-39.81020180551687,60.56447777577762,10.132915932430734,-22.645410596582185,21.800242808917005,8.982265084368748,2.902687090871723,4.112310628176942,5.0000547882209645,1.715488358079881,-3.744793083069794,-0.6137637668527134,14.5990379752364,7.560157068760436,9.295374478582758,4.46233299425699,-16.802908796106692,7.8622574836654735,-3.2158437037824257,-0.2746584856425187,-1.8604342251957462,0.22391481504212152,-0.10869117928545435,0.3522687209529316,-0.21099769231507182,-0.26111546498756244,-0.16672909449983697,-0.10988208944879085,-0.1017503925258989,0.2141103855024502,0.09875717831004494,0.0830391792361258,0.09259581973906039,0.004657927246346283,0.08348219111668609,0.04806885399791305,0.015966599893389333,0.018826103245356496,0.03590857630853783,-0.017712626775631346,-0.036883669009331044,0.005123257781638468,-0.003628051609312344,0.0008785587562336605,-0.00936698089334942,-0.014839399491507088,0.0019801422328474816,0.009699793313834526,0.0007729692272960831,-0.0023727813063050274,-0.0067948636919665795,0.005795453629767522,0.0017096965469967085,-0.0044577115576818205,0.005674832485787817,0.006474079740837357,-0.0013138164271357944,0.00246697079809044,0.005041468911370917,0.002185880530924167,0.0028470774761735207,0.00035823504426168995,0.0009958944900195221,0.0026509486319057363,0.0012348312733182487,-3.3716760693858205e-05,0.0014283076259266059,0.00015523450751880885,-0.00024926906938893545,-0.00028541776805623975,-0.00011961720591919644,-0.0010531642648351491,0.00107465599347345,-5.234516873330042e-05,0.0007649834574877251,-0.0005294823500490379,0.00027160088869648824,0.0015329586876481893,0.0005338365053343952,1,NO
-112647972.59960327,199752.3821928571,-8663.156929688994,-159490.63290220776,154312.15773098712,-104397.16115932072,-67076.93360312877,-27715.91080702669,-13675.202485394839,-5245.4234426372295,-3460.385281819732,1430.3205642886023,-1331.3630903731755,2447.963454663678,414.3102624199473,-243.29053717899433,399.8435625992389,-56.08393127982225,-68.38387838961471,-153.8239080846688,-33.744646388754546,-21.581520966626698,4.449185766534498,4.6124760692297,-35.30982568403914,-3.4299337233862843,-4.78039031694567,19.037550784721077,8.479013241193115,20.824093673523052,-19.797533077265484,20.506468461129543,6.688420184942402,-3.463583002569692,-5.853214725524172,0.36550915151642016,0.5454311799702687,-7.468452909762448,8.046013855696515,-8.234710402629602,0.49261742441480294,1.7199738448987887,2.1537522581633084,-0.5521972324894997,0.3056764587706198,1.1226071386099221,0.3155153271685718,0.07935017540612366,0.11893757704406305,-0.19964521092098636,0.07172402468878403,0.013301526156277,0.044945577311430895,0.0732368212054626,-0.029562042895594498,-0.041890241559597696,-0.030186272335580355,0.059842892228511246,-0.02312246149096442,-0.047560013002250656,-0.03564098500400403,-0.0013885062049165953,0.0108765744627356,0.0169817509937511,-0.004316385516607291,0.020806751077246943,0.014375865823463008,0.0066873157857548216,0.0003042460671230929,0.0030127306324420067,-0.0076136630955921936,0.000502248149072404,0.006275992298798272,-0.003175274206761003,0.0017818423988578136,-0.0018946494971969763,-0.0012928297057324123,0.00016692451909960937,-0.006903417353096852,0.0016925338588540395,-0.002277441797008395,0.0013070056933628393,0.0009550498080459491,-0.0010237666043490523,0.003592353077507715,0.0003220440370395039,0.0012467939059392918,-0.0016114883891193976,-0.0017456581415496442,-0.000528505368536436,0.0020433023089014846,-0.001665531109895898,-0.0009109253392098893,-0.0008959719532990462,-0.000757512331627852,0.0006272150760303786,0.0007510661312875918,-6.814163337365287e-05,0.0005842782052489226,0.0001602976734395578,1,NO
-33062273.06856793,-685784.772589202,-57142.521223781514,85856.04955425416,-33505.40039322473,12450.247877434507,121965.50052091875,33222.65389307415,-16165.589664820756,-13171.076677133951,-5594.198755105066,9060.486616974224,-521.915772995555,1565.8094986198157,291.35693297661965,242.75225733893876,-730.7411124420562,-137.03945073932215,-331.2243450433931,317.4213172873617,104.89221936327823,31.761715218371876,-46.31376889472489,30.61916401509187,-8.61245251700575,-21.351212326441782,-1.2567368128201224,-8.805100827543242,10.40774209487222,-7.527192595381123,6.2677499962917125,-1.792751960687724,11.887044482201276,3.9967202776124395,13.220956093121924,-5.310646727972227,0.2676242441649812,-1.3811233517995447,3.2397201650670127,-1.9347935891124877,1.1918876979895998,-5.273911868342495,1.4677743936652234,-0.02867090099334435,-0.06815579849945763,0.01211695114395539,-0.017819819504419243,-0.02136977263999329,-0.16238269837995167,-0.02882521598195952,-0.16861937235589153,-0.15278541419452507,-0.1519917717030328,-0.14352021847276042,-0.02719949635684582,0.04654326852717472,-0.05724545655672131,0.06784571559855301,-0.003466574618448348,-0.026264901329550838,-0.001157488533855222,0.0019442867204393366,0.012293608188536198,-0.019770045718523477,-0.006226906604982263,0.022392284094934656,-0.0070404508815000155,0.004532776667260874,0.007355573316218611,-0.001277468496611922,0.008452701731211376,-0.0007592694788187693,0.0028131246658427145,-0.0028537699773548697,0.004846587575127126,0.0014822342719569281,-0.005646676374484683,-0.0006539461507739652,0.002152143894813552,-0.001122474293338671,0.0003848916875135444,0.001214937202498545,-0.003113250871904283,-0.0033387706660830963,-0.0003231218644924594,5.1913753297716525e-05,-0.001888031590169481,-7.500280482131139e-05,-0.0011430453217022851,1.3684859797136184e-05,-0.0008324346405357286,0.0018240262933145379,0.0005276547889371264,0.00022453130434063606,0.0003940341640444045,4.5041876457404054e-05,-8.052549280914735e-05,0.0001757628516101395,0.00015870602731932193,-0.00034567636379173594,3,NO
-66295570.53362197,-1041011.4519264614,-149097.048926541,297519.93377211835,-50346.12884657766,-38732.29888556582,16610.966125091298,32142.971063421777,13610.898894036247,-397.84139866275837,-11546.447406168416,5730.381325593597,-3746.162518158966,1555.0602129845038,-834.1923808070896,-280.5394108515861,-185.06454554078982,25.99991724755654,-93.264572442245,-229.71414990432248,26.362256950699646,-48.91268377709156,-35.82985916845942,0.17013449459322771,-12.494677192285314,21.19687542195561,7.579433615250025,1.8065159318599626,17.816260968224412,4.596428383500722,3.7596404977952886,13.320024508368192,5.495005549297446,11.4689572125842,4.1126665970096,-5.936741363417113,-4.227803723059376,2.1459035932826396,-8.0927185107833,2.9864976607430833,0.03790213282444199,-3.704466726599655,-1.2433159969440482,-0.1966671608388233,0.10620549606322527,0.5580464065692929,0.017179653196846445,-0.1850777067163003,-0.20394783747551815,0.1698540661212415,0.06116086835284218,-0.1738585383226039,0.11607134468032498,-0.08538172143535849,0.0022287949654105077,-0.03044402485855785,0.004327310998140987,-0.03049070862637704,-0.001625516954089079,0.0242340982919913,-0.039628994779601356,-0.0034035429817134144,0.025297131004755835,0.0004900114302426317,-0.0007956876375962985,-0.00020571005324487857,0.005628596900406402,-0.007646186216749118,-0.001151336411601589,-0.008937416410292054,-0.015623255279003434,0.015515418011774695,-0.006894737690074315,-0.010034255330571007,-0.005961178186488336,-0.004197705629815696,-0.0015133080720213243,0.0037267420468403145,-0.005981096416873388,-0.00327410425652519,0.0046268585059694445,-0.0002748751707053465,-0.0035203945974411344,0.0011943703685259321,-0.001032841866308587,-0.0009014485458817001,0.00010281141439483221,-0.0006647793440005545,-0.0016810048511877174,9.147127740072314e-05,-4.6551072099054736e-05,0.0017805290739426206,0.001184874649715062,0.0005523543532196529,-0.0003754476928292394,0.0001453855807985998,-0.0003412171883515839,-0.00017000016197288303,-0.0005145345223883102,-0.00010108101817635218,3,NO
-33153475.453193963,227648.41957528936,327174.4909244273,-157418.7224860284,-80671.65498682146,195890.2843803187,50432.36045542041,60748.49101595173,7048.304803851759,12319.057933357113,-185.82933087224228,-7770.642954845447,-1604.3040005615585,-72.7811134710463,-502.13493034266685,335.8431319574047,667.5836749688356,176.83448976676738,122.2815365324308,-23.102323376277013,-201.03115727204772,172.2464657212589,-126.93833716426496,10.23794763077538,0.3773848851751431,-36.57282476706291,32.01968110502713,-11.728144690991087,-6.2818225392151135,4.276218295433225,-4.757088191610876,0.09472018097937962,26.20056672573517,-13.932765411962805,6.282364592123688,7.63919007835257,-3.1883418965876285,-3.9382313997364236,-3.479279607535375,3.116201756800521,1.614816719159478,0.08618895526181092,-0.406774097897042,-0.36137840241732455,-0.20587670711619666,0.2695856294763104,-0.18991979379659174,0.07784515119981128,0.05237260136992816,0.02669917859868923,-0.14073249209240668,0.10344824713590128,0.13472845895983454,0.1118187244438329,0.013330180728778007,-0.03890955166721888,-0.01948563479121601,-0.007522595905156582,-0.030431692590489945,-0.017735573572084995,0.013266557714249227,-0.0036087795315982163,0.021981831367873683,0.0012667892691231586,0.0006920632651417069,-0.0031511155141825675,-0.01527107966593974,0.0037579179669263163,0.002017226115509918,0.001968118828749754,-0.012365636021627324,-0.0006332308223999661,0.007479882528933501,0.0033013356940662097,5.692520956013247e-05,-0.00033301491384718496,0.00486476748118414,-0.001759129060541209,-0.002606670422524271,0.0016486836952573913,0.003093936747172066,-0.000994138132100808,-0.0019206182608753064,-8.127139283986562e-05,0.001026211202993843,0.0037946017862162673,0.0006064986387097626,0.0006967885264693718,0.0015916631844516416,0.0024716724494282527,-0.000938477234103452,0.0014333237492619097,0.00016178638060093675,0.0006349969338279582,-0.0013551881335913674,0.00033314712906737896,0.0005463505028888479,-0.0002615965806513909,0.0003308116928876781,0.0006824916220808386,0,NO
-106096.94398492575,591547.4077925202,68732.41410003754,-303635.6428618126,-35331.308915687085,-12555.339422362085,-116942.25922172869,23748.91310619141,-26326.45932244626,-29300.168023391485,-44117.831757157786,-4727.174669116255,-6358.0896623771005,-4337.8846170064435,-1053.4359143196361,-425.8782680202985,-113.44118761074299,-35.19236443215081,-178.51489127504118,-31.219381290092883,-125.14635039017213,165.68123576997783,94.01441497347781,51.760974222840915,-3.907373667128155,0.5154892041091443,-9.327205679625308,-42.841630702289535,6.369656147272394,-1.7985278525700323,15.77263009863367,-24.51778759286742,-21.95205192680217,-3.1068940737203548,-11.044036941520176,8.07535853081609,-7.200194158096526,-5.216569450178497,3.4767985933277714,2.4600338397927857,-0.3081005549353293,-0.8678204749723903,0.6433383438448885,-1.1365078628016694,-0.17594445445419993,0.027873423069397774,-0.0665367241588255,-0.025388111435042937,0.25425147292527495,0.12590463254362816,-0.044613496713311385,-0.008498222948940093,0.283171571410044,-0.1270026757514704,-0.046168200771927737,-0.03911657468278612,-0.012991335021929284,0.03062057735730761,-0.01481073053153903,0.02274097710379408,-0.0018159731204407947,0.00771501153689691,0.010966346795614368,0.005895454552018897,0.003148416784617636,-0.0018650213730779797,0.006681042680741378,0.00303698525515389,0.01595898562479492,-0.018097167473515002,-0.0038875598523970822,-0.006315502883246449,0.01032362063108394,0.002221116137227086,-0.0049578666574412456,-0.004035547554754437,0.003431727493242054,0.0032609371550531563,0.0025658548333620246,0.006253260272074623,-0.005314141196403166,-0.0014212133722166786,-0.0031169092752396654,-0.0024524171563096164,-0.0007740669518851995,0.0011961929273441863,0.0017252817136517162,0.00028452495313646686,-0.0021743245845341486,-0.0008908382207204468,8.333882146782656e-05,-0.0006753672194327849,-0.00014018444885144365,0.0007250280571872159,-0.00036503929937202473,-0.000656340135344085,-0.0001928064188052806,1.8356403959973733e-05,-9.919575001343661e-05,1.4026058195060198e-05,4,NO
-62855757.13507098,-305193.2328707087,109243.16678827838,-16687.591496832523,-89572.37152197171,-39078.14770754463,60681.36917260056,32739.34197527285,49083.616919623164,-729.441189383906,-1476.3162166127913,-3279.6573047495185,-5520.69339836291,-1127.4648175337254,962.1610839267469,114.98204755618622,-326.00941651306493,-96.23689026328793,-256.00739656000616,-143.45805028081247,74.33781477672818,-62.82058292550147,26.1870731044188,0.7563231780922024,0.8447064005824885,1.9432893987263924,10.095143451216643,-7.4973204400643,15.453355036108519,-8.909048245762051,-22.343337227681076,-17.264641659555764,3.005925664788947,-8.223565627546066,2.2446026774171024,0.9734642188322482,4.944828566666761,9.389140595254844,-2.510322018701004,5.81704355018033,-1.7640515811236348,-1.6370525665137947,1.5541087121799961,-0.720966358391776,0.17320298349387642,0.19802061869044252,-0.23342775644758973,-0.011975563631711594,0.08447393421325033,-0.06020133108421932,0.09677736278305726,0.039808041206939926,-0.16160187524396274,-0.05938411995541304,-0.021407876684978788,-0.08001550931785018,-0.0009937646710906911,0.00046572810011991095,0.05171872636308339,-0.050316181768160995,-0.014196072633804402,0.027757305920674824,0.002937397411181708,0.00021113552554385961,0.007993222549874446,-0.002373863193361192,-0.006743160400351833,0.003154709837065117,-0.005085354352569849,-0.006321770097614476,-0.001445114454199814,0.0034525268103142714,0.0006441112837443086,0.004710688432692511,0.002027126994933681,-0.0007075688970110683,-0.0023186974119544512,0.00019041126755281468,0.006100683999415324,-0.004443130900940284,-0.0019144463117257704,-0.0022616509058901446,-0.002052151577655481,-0.001384974970097319,-0.0007873775233787628,0.0011924962432392494,-5.7690402510690575e-06,0.0009280072111328419,-0.0010161352735785223,-0.001679380482057402,-6.926183795252783e-05,-0.0005182039720862484,-0.00035706200374130415,-0.0005317402044309194,-0.001453920320278454,-0.0005480050421291845,-6.41095334966927e-05,-0.0003343076676016743,-0.0004467807436439597,-0.0002994611853067153,3,NO
-49346913.986560345,-20448.252717678435,-76019.9387110488,-85813.28297747477,140844.68117152105,-9529.546145853383,64640.09542935037,-6976.232172952397,100287.7558230029,7698.6857559364,-1474.4757080068066,3205.110180214193,1296.938679199,92.46345512601135,289.3781861120806,-128.55161464233674,169.52746028092167,-25.462955427653128,149.56953504832822,106.78659609588397,212.369132923351,1.990543509924379,37.679189557050904,-77.79588100771785,69.7736279031657,-31.90650646743029,4.138674782119892,28.89807219014955,-12.360078902377012,3.222134502916802,5.121097708941363,-16.39397010552841,19.650697841676617,17.031196570069426,-8.16318935993316,12.738835445268549,8.276526186148963,9.058524187443822,-1.5579352613517017,-4.402150355724231,2.7342730722358084,1.0947525378578291,-0.010364336308654742,0.754942165072245,-0.28257364386005435,-0.04533143596672318,-0.05939830449864125,0.2500351700782266,0.20927695856406814,0.0008667536858432204,0.04541795748609445,0.14460735032503536,0.033377142801590765,-0.028600645373239253,-0.0029869712259755765,0.012454585780986571,0.04178440857076238,0.016192486078865365,-0.010023496275642474,-0.031787990745934636,0.02065992318497134,0.001445441412609938,0.027561586241089397,-0.0010363067117244995,-0.01878201029496518,0.001455368236623622,-0.011034797737544677,0.006529496610261587,-0.003633703997754867,-0.002382910778751357,0.004246616891101729,-0.0005225415756870966,0.005054644272184383,-0.005112591654631626,0.000938041860053973,-0.003477103513314317,0.0016673661051522792,-0.006194325455605831,-0.0021717118869859497,-0.002482090184479979,-0.0007996919282049486,-0.0010533006132313893,0.00010056436637961852,0.0014507498254469064,5.742690184673549e-05,0.0010478356113389209,-0.00043294756128364753,-0.0014262955350151652,-0.0005368405873116822,-9.542981287902208e-05,0.0017311617298882975,-0.0017980673735828183,-0.00013153296983792195,-0.0019940278010373014,0.001256749471350696,-0.0007225009328704884,-5.63408211715858e-05,4.029623318890785e-05,-0.00029829671295306115,0.00027357479499307,3,NO
-136239443.04125288,1061030.5280817118,-34747.45319562161,203819.71225394023,95874.62761308652,76591.91523475738,-8923.978279234507,44966.05407396192,18102.37548770971,16497.532904670803,22025.421446404485,10966.671179311059,8450.130833953726,4434.45257518366,-332.95196104098613,241.32212837866723,-202.4840504312914,-96.1172180650432,353.9990515302891,19.620523427931175,128.1102177312497,-53.45483763548941,-51.317990699191625,27.270108496261074,-22.08244205246026,-29.105991085867004,14.240004993985167,-4.513708889851159,4.6894984933792045,9.664964166051448,9.828702703253242,3.6360096751571973,3.874635548728236,11.702526372755642,-0.29776800766777356,-3.358882392557689,-7.157466702777452,3.1912691241037123,-0.734370469797966,1.0097286478040814,0.6652929045322864,-0.08607058128279732,0.04838925367904778,-0.738527127678895,-0.6897348268127459,0.007849492291025939,-0.25461800220060304,-0.08823141679982616,0.2696265026625033,0.13494101724295296,0.022397737233440296,-0.0551290690171542,-0.05604836959271431,0.07234893267398146,0.04794348863806164,-0.05348415584159116,-0.002039218781228147,0.025830894704720553,-0.028341486751798817,0.016043809216436777,0.015396031060982196,-0.003528394652057898,-0.005253749521335616,0.035764742064520405,-0.008143302782571915,0.005583945418149439,-0.008475444396764453,0.0041423740970105705,-0.0009846395664012686,-0.010699288656948913,0.008425448606704578,-0.004421196157921248,0.0015838789845439294,0.007756245174801557,-0.0017700049582822786,0.0009946857351361693,0.0006703829211491819,-0.007796143532948996,-0.0010057523443016692,-0.005054929208700543,-0.0048372577714913545,-0.005227045610471492,0.004843693108516733,-0.003930919697389262,0.002286358597550331,0.0012892924065028843,-0.0014750789361126504,-0.0024378385090765287,0.0001820379132818073,-0.00019649035816970972,0.0012375291687203305,-0.00015175912945401653,-0.0005472494217297896,-0.0008230195897036552,0.0008276746938447044,0.0004859054143748782,-0.0014500305784075577,0.0015771377719859814,0.002058654080957012,0.0008817096022368243,1,NO
79978063.55883962,-1621304.3320277855,549561.5541220026,549935.8565565012,64723.509850689676,229644.94873614114,145809.66383148116,-44522.03115990669,-114245.98446826922,-4695.7370648998985,3497.6627001108573,304.77149691463273,-6037.326830716978,1259.0101841912892,-751.3655091381734,886.6609813358882,374.65863416432126,479.22674995020543,327.68433126439675,14.862506658599386,-63.66680675860829,111.27891218395452,78.29478478188418,28.489962052920944,-12.646199521785825,-25.832061961795375,-26.27822500545824,-6.280411188744267,15.656009792658892,-5.251172185082154,-29.997438295627916,-2.9286613611957364,-14.257155558533697,1.3169230171805566,-6.797479914154355,10.26287681506048,8.664506920156835,4.788799714346908,0.9969559071906815,0.40230611355042356,-1.7920808149364014,-2.181175510253617,0.452417678251436,0.23766465601629072,0.23522731934040664,-0.06079512641596807,-0.07152343030414787,0.032805351858334664,-0.10270977951836002,-0.015103381986481477,0.09226067020108797,0.07819436335259633,-0.02588289427113466,-0.09092642475569912,-0.08452222981591317,-0.021094063331801693,0.023577814826864163,-0.05263231340465424,-0.014317364548658507,-0.03536998852037154,-0.007689427656155434,-0.003282350732783712,-0.01889966464459647,0.016513486335620442,0.013599673843926796,0.0017089538164756224,0.0017104813573863842,-0.004249189511905949,-0.007198579222495893,-0.010788949537495596,-0.003945718766281248,0.002057056155489345,0.003961404693853865,-0.00015225998170975696,0.0015353688734565107,-0.0023205754581208105,0.002130053331131032,-0.0022666898011429737,0.0050534838004456795,0.0005624888704085507,-0.0008404153623828847,0.0028283768018695365,0.0002868223472429765,0.004024273523702382,0.0005558279409877409,-0.0027698140019422057,0.0003879171482954469,-0.0007690561956140707,-0.0006668147622909126,0.0008414450821965236,-0.0002503803820588235,1.6795077478858403e-05,1.8335182332407385e-06,-0.000802721782330873,0.0002687808710414852,0.00020914592180319887,0.0009396667222713925,0.0007605867004925049,-0.00012048615990317701,-6.719293319507047e-05,0,NO
-23875594.153794467,-1429996.4115949161,170667.08694800362,164412.93180640857,44807.2883400025,-157828.82103074342,-12854.47872066513,-47800.29415481904,-63330.306785821536,-4660.3446937314075,655.2153400224561,21029.99292488009,-2711.3361775085177,1547.1023915647602,-113.75996717476664,-159.71424409009433,80.5504109708038,32.434815047845404,11.39787009706265,111.02590969101641,-85.93054094177984,47.68502501195948,-30.36736701446307,-22.090430457805404,-21.231826006579148,-25.743644020821648,-1.5591641200511503,4.6737948616057,0.848110260096945,-4.236262522264781,-7.215545691408636,-6.864799695610486,4.541133896779286,2.5194320635860095,-12.752667697406826,0.9631409203568069,-2.544252620473557,-6.208895461292457,-4.56953945097348,0.10308962589195403,-1.0393784358731821,-2.152150894950559,-1.2291944406555046,-0.2837521550125235,0.15195131257994987,0.27937147300409393,0.3145170349664017,0.18617393691404605,0.12215753135251406,0.13431322700413567,-0.28575840052234724,-0.10059448478982436,-0.012822196544066244,-0.07227714792867612,-0.03175096151159362,-0.002838848276056516,0.024297841853173185,0.02611395434382624,-0.06578156690921344,0.010834179195562399,0.03388347155880611,0.014740462549450939,0.0031650005645192936,-0.007056387849570633,0.00970408310736337,-0.0006393368091510698,0.009062894494773571,-0.008292833669074684,-0.010859712520016607,-0.00457378580921447,0.006609067377916,-0.00990980225833038,0.013700786440983492,-0.0006007525333431296,0.0037687967667507927,0.0037389494094257625,0.001605845471154943,-0.00052029556084765,0.007337244630695405,-0.002988961937307577,-0.00011395576943551422,-0.0007844346692706949,0.0015308819562411813,-0.0003345829444103554,-0.0007927918685854962,0.0011324988418435211,0.0011911094928702681,-0.0019650442702774384,-0.0012569421938375402,-0.0018573981863208022,-0.000274843517323653,-0.0003958864231759316,0.0006003785859955979,2.2215827174432157e-05,0.0009648113422964927,-0.00020813215941714765,0.00017696332126269053,-0.0001383350801784644,-0.0011294547143728129,0.00030730673517503915,3,NO
26916309.65338415,-1334712.4834663095,-40420.1342570174,52489.507566838234,-91544.99765712861,-45476.56954676505,86824.5782243161,31377.13030379935,32919.79029321001,-4736.235077797119,12701.435496924318,-5852.633876817694,4837.75159989844,-3744.620061530196,1612.4099254618359,-175.2091185332008,-216.88382834119113,-231.18875900830602,-468.9795278863735,111.9623129048291,123.18855045331692,43.71432960991814,-148.52227957856724,-13.935766869850738,-25.612789827497295,-27.644456473049672,-16.952947397578953,-2.750388320398656,0.5938383011443875,17.221090204697617,-5.3442988163909035,-16.377966060541894,-25.037228453255267,9.472956659055512,8.323816258833634,17.165906009232728,8.510526523285606,-2.4243836137903827,4.088578960996983,-0.7405866803629664,-2.0631421323965426,0.15657478483397824,0.28978891857954636,-0.0884658330945034,0.8837639280489995,-0.07134696350035696,0.4098517898770826,0.1646991589935105,-0.10181279306383972,-0.020417795638491415,0.07603987863996498,-0.00979027690402301,-0.10577564221150837,-0.028322942196991496,-0.008849357418553083,0.040184853890535166,-0.08089478659476601,0.0084137141545364,-0.04604531133287293,0.042765058051912774,-0.01008554693934105,0.018077279815468472,-0.0066549789753643784,0.015823049766402697,-0.009962470275356017,-0.0008813077390066315,-0.0022680676617968243,-0.004212354787138439,-0.0035250126558329375,-0.009515701436043522,-1.2423025179897351e-05,-0.005267326069045897,0.005706334852084716,0.0013592419007856238,-0.0078123350385295165,0.000993558663682892,-0.0026944774623209877,-0.0002588555921012592,0.001555447152657763,0.000618292785718344,-0.0036325269549460915,-0.00011938716078585543,-0.004264101473804294,-0.0013082110424545434,-0.001188049940781588,-0.0009040481734045036,-0.0025374399660764713,-0.001058854767923001,-0.001210806978667267,0.0015667259083842477,-0.00031528116602608236,0.0016628929786266103,0.00015126075165228237,0.00013093725099766473,-0.0003663932574641815,-0.00046255518525443323,0.0004683479680786858,-0.0004451812739802996,6.83504312670169e-05,0.0002664516200533984,4,NO
43460844.9754138,349560.2479612776,117695.44661708258,96053.21457121888,-95400.96478856442,36458.65369074109,-128582.63263053374,74822.48661390222,-48133.59454507366,5879.140259181555,4695.686079301501,6138.64212284916,-5157.615890713183,3124.442627774083,-1270.3242155712705,249.4415387250151,-148.72605441087956,-388.6173212493485,-26.12584170065827,-52.24857073726025,-10.233820411315008,95.35764527988306,119.45612531706917,-50.24502567688633,19.471745409819466,-24.387395522332895,18.191986775909243,-45.98630450325902,6.553893257110445,-8.687814150696298,-7.794030329640975,9.880217284992682,-11.12644216586267,-14.17372308300844,10.402004546768435,4.2865820439491245,30.388753119498634,11.803972073377565,1.0150504664946425,1.5458591267502584,0.40188840391641634,-0.03278317659955121,1.0369732704490957,0.05135686051810051,-0.4342680483225543,0.07578754494586093,-0.16213285452525916,0.05160727904911422,0.27177721052679704,0.11083637700034495,-0.015520957063733576,-0.09841359053419696,-0.06608471362596458,-0.04553446913638948,-0.010851672428424664,-0.06026110174096089,-0.07075902572358839,-0.015200969100443995,-0.029478160827139277,0.025190663474068842,0.03317076165214905,-0.006001606629759237,0.008188094963929582,0.011878347064873118,0.018418992035841297,-0.008823060938845106,0.0015971475064269491,0.00020563784251598216,0.013138010192707328,0.01378947443722045,0.007246376919417541,0.0009256235488854792,-0.005271848829825565,0.0016183675371886919,-0.0032043113231032816,0.0034753408464878177,0.0014615305128593548,0.00208967587022979,-0.006451680385556546,-0.002369034566036543,0.005499813968117384,-0.0024169897804249274,-0.0023882672186021914,-0.004601715499960385,-0.0006843506831273327,0.00165609493109109,0.0008712305493383532,0.001708591419784744,0.001038518759476137,-0.001389105959616499,-0.0009050621334405484,0.0001420836419321215,0.0004237513938285531,8.648346323347766e-05,0.001627944851654406,0.0005705101086581656,9.08071139291474e-05,-5.3862888168110246e-05,-0.0009967218457752058,0.0005699034022541016,0,NO
159201163.8415283,1387955.8204668565,33089.79842055624,111072.42450560542,153388.61700435122,-242284.42780634464,-95612.24891817366,-33881.86470378614,-18089.8430542688,-20321.199410896086,9846.020947513784,16397.97014301439,-2773.451244885906,142.10452934442367,1781.6475267904498,181.47560360328998,-422.843315440942,647.3422753552571,-172.3671329088405,-182.40630209239328,60.4324462624819,200.03853888652884,46.47526672723603,52.93810202736748,41.919023877910504,-15.466493347840924,18.936565304112037,48.3665188444113,3.868758438435492,-11.542856685230802,-19.20837256695151,1.2121734207198642,-24.28287848714251,-8.937848555541848,-7.159113140245196,6.776883616818523,0.526416316766877,-5.218999008319884,1.7664339247966723,-1.173725789291737,3.447080838895225,1.5875078526011208,-1.1897400102964184,-0.22717566976431414,-0.22354797963477324,0.16197616075921673,-0.10977722245992538,0.01110568968467085,0.22353400087912734,-0.1114021603644452,0.24619556949482835,0.08797969026802788,0.12652641577808232,-0.08193759146245583,0.012370289496179243,-0.01696571509728756,-0.03140773640247074,-0.01934541054683958,-0.006901041893541349,0.018889103423437525,0.0242220827517996,-0.013235013964800757,-0.016064196352662874,-0.033527335893939636,0.008311175425496975,0.003964347012069824,-0.005547814063594475,0.005972535085092101,-0.001132941209764149,-0.01009338620773087,-0.0001864682285468433,-0.006956308565537306,0.0011895466427978008,0.00421032690213341,0.007713172994058937,0.0025884416246311215,-0.006523720332522132,0.00032003710882078096,0.001518856776040245,0.0003377000559980914,0.0007583244844836523,0.0001290119911205867,-0.0003723620632465341,0.00041804427052977156,0.0004382036476455742,-0.0002610390620045866,-0.0008074567003786282,-0.0011095708007582417,5.507400323639944e-05,-0.0002087553876923831,0.00017716565861203293,2.698388659260354e-05,0.00036908979476080184,-0.0005575028449211761,-0.00033188972867903566,-0.0005740233684417301,-0.0002122176754429054,-0.0005766459593938844,0.0001963253165981338,0.0001445647751971424,0,NO
89538559.32878941,-1368021.769581087,-439485.3194904324,267004.11892386846,-228174.5523392331,40535.95355156451,38848.40796670187,65709.41469960102,-91584.22717961008,-21973.13710400615,-17428.17022137823,9877.87474070413,-4806.094208717932,1498.8440950527988,3927.5774455853543,155.0425486826075,55.415927303912326,-99.61022622998505,-238.20794303450882,298.56448526505096,-64.56269290335297,-85.11233549057056,-9.01426771655261,-24.749626834201848,-45.30596509660117,15.250875178062074,65.25732203627666,-30.425975939210616,-37.50762407619305,37.01323406522864,25.42244548582181,-2.1548419031911408,-2.421269750868362,0.5548204652900495,-2.459587369251029,4.460798534511866,-0.0518730240087244,14.364597732737536,-1.7284582444891612,0.7459230876832379,-1.3317881209135294,0.612526374211555,1.3685148378020955,-1.7743890988825324,-0.09741768421346819,0.15065417877431386,0.05642553004195694,-0.01227267027648038,0.11283635083319021,-0.024032674759200102,-0.06284089658312642,0.07442420885836754,-0.15534401074035387,0.05543127993099062,0.031168034523812338,0.04936750287786296,0.013156456698536712,-0.007941000168419254,-0.07842022592910869,0.014914574142800952,0.00433815277621008,-0.024743564238319138,-0.005337379051368996,0.0030956484876361046,-0.0029173050192214944,0.01265244252720743,-0.013423005003678407,-0.015132463915230487,0.01450513608208348,0.00561189279500407,-0.004620405168760722,-0.0036163615843034513,0.0002573461437389568,-0.004752675612495927,0.005922607145759873,0.0037678576832278488,-0.0010652435962421603,0.0033951812692349925,-0.0021450244705998323,0.002328521752027024,0.008727211966800819,0.0022224082026593983,2.751140940437935e-05,-0.0017354846839226779,0.0024382016019830477,0.00039928604799988054,-0.0004993438396707628,-0.0030791008739540215,0.00028883886443170637,0.001207618575707503,-0.0012612652393477752,-0.0014192423256662108,0.00040268408060439853,0.001264178595702159,-0.0012120467934985946,-0.000407736125129508,0.0005638874211925989,0.000753839610038165,-0.00037408931986854244,0.000665474406161326,1,NO
23436984.500994563,946442.4326232853,91730.05580651248,36291.43351428892,-92724.35823462286,100046.66932045885,136193.01735317908,58788.41770544124,-51033.30049642606,-6759.8106559940425,38149.072343096035,-7638.201141559883,-4694.417746064992,-2857.740072942559,-1824.244349755103,-197.85098491359895,525.2131691440154,-387.97023842816645,-317.0457611121484,32.783995965785266,66.26630936260713,62.96397928353005,-17.54183395268936,18.1434667690515,14.265330618487592,-17.510185096813302,4.028464708146942,25.504342466902017,1.5876499091699543,-12.367403393484764,24.21391863540967,-12.749148761185893,6.946132200787787,1.5047946897126963,13.5476010010488,-7.635347354008317,-8.359362379217782,-1.0282909737402974,1.708854733050316,-2.5368921473231296,4.140290044088815,-0.7556088158976593,1.026305274869273,0.2716690415218217,-0.1850896367050936,-0.09119122231028598,0.3509179261469697,0.14067479175798958,0.07083843834932457,0.013164371659383629,-0.15660615572474068,0.03351749835120721,-0.10687922650099946,-0.0751361142335445,-0.020160903408477537,0.01611754991987424,-0.03258705801934347,-0.02976191779456272,-0.070868405497585,-0.008861243556950171,0.009203415343876031,0.008948663089828557,0.004260995304917192,-0.007466893218071036,-0.0155433796293456,0.00251867920894977,-0.006011902038097011,-0.002108595567181959,0.014795209852589197,0.007895235882511564,0.0017462616861690927,-0.006086407438875785,-0.003944420739466992,-0.0048818914935838675,-0.004794086733442171,-0.0005338607064360179,0.00168690765768309,-0.0032233200848095223,0.0006898229146488077,-0.0002849209581754497,0.002307451072616762,-0.0018897402306252697,0.00043030533896071255,0.0018368532961331452,0.001044605647234631,0.00028963937256343275,0.00027133122286571165,0.002179927984653829,-0.0007465705118097077,-0.0006492665469459702,0.001541074235455575,0.00024099400892747553,0.0007220145153611357,-0.0014356682128833231,-0.0002982362600580657,-0.00036111425308294615,-7.643145790938756e-05,3.2368344389244186e-05,0.0006349863724463556,-0.00010808914881527132,0,NO
-54327363.64930463,-1019270.3381730346,-398995.7571134366,266759.64872071584,90059.43882871768,59444.00166483867,-91758.28243198944,5211.864000157817,19496.805606996873,3573.5195545658617,4805.460847228443,18661.638288939874,-2134.2304783462278,194.46007457380165,-2210.74284684116,-388.04846724004096,-536.5425451596045,33.25796977920305,216.79624095093752,8.808043545929422,42.617130645617124,-95.45085949640747,-24.767379886395645,55.298218787305146,-65.3623668822897,39.4617656598798,12.728769898163023,-21.1817607670219,7.133686477680044,18.07935297587059,-13.68478181503832,19.39199065512946,-12.500457630485897,-3.850172792864953,6.358088537948877,1.2794337736663408,-0.7201463666204262,7.054347885716993,0.9829585870303958,0.8309421310611071,-1.2436386889175601,3.9190804290198287,1.8339855746644247,-0.6821715989401977,-0.5905175929114321,-0.5343928766537864,0.5554937481297708,-0.30110891805922124,-0.1860882443101386,0.10535871607655724,0.0037361822568380276,0.20531099525473406,-0.12180341177570941,0.09984512659252198,-0.0854053979128695,-0.028917214850020023,-0.0029749172376050126,-0.033867935045630126,-0.020847898107535512,-0.02294980362474952,0.03201392593701913,-0.021406511754349822,0.003063868266552916,-0.012760530664118086,-0.011123936861385797,-0.0022779493390903127,-0.00113543369425953,0.004253993226324804,-0.014379962381644185,-0.0021087611180774513,-0.005270996537936945,0.00907554280017786,0.005746819011892335,-0.0013644342838169399,-0.002757167203137012,-0.014374389642473506,0.008042937699590302,-0.004480413046665355,-0.0016038636294295472,0.0025965965880354602,0.005590147419034408,0.0022591366577071614,0.0010432471974581858,-0.00033340125973363444,0.0030371730883934633,0.002039901064773808,-0.0027795860423949215,0.0002499098885795359,-0.001973934152493917,0.0002777143305034979,9.086236182365148e-05,-0.0003844148908009109,-0.0005711447784276791,-2.307181417682269e-05,0.0005539758689388913,-0.001416632715526795,-0.0005452074148723177,-0.0005797218195455756,0.0010757258868669406,-0.0008951389935501486,0,NO
21965247.986662388,2716084.5039352113,-741127.5763927222,-402606.3446849494,-256291.26701024506,-73077.97025820431,124280.05544737238,-73610.42548560399,-59829.509630011395,41288.506610087294,2351.598692367943,3433.2784641458566,-2289.558450827157,-3272.136031249517,-708.6634266561159,2819.115367964194,48.92589962030945,-341.78587862423973,37.839862641501355,14.324488474680606,-151.3059297674847,-152.23392773840806,40.677912955743864,59.33507337358476,-13.924781267935343,-7.589864178627067,-6.151731158535597,-0.7437161285337197,-17.326925702003024,23.348618333585136,-32.204519081835116,21.624668192947638,-4.534167016638804,2.440879815675885,6.989731006962277,-9.76291111606406,-2.163176603399208,-0.1650685451870686,-5.585753911232359,-2.7103570056960393,1.0755212657947268,2.669143231320632,-0.6023037701548617,1.494383397407658,0.38494187613034825,-0.19775463449824215,0.4043706094378452,-0.06800340941901606,0.06599494881701018,0.08480364833836385,-0.0038372797949763893,-0.08337406578090167,-0.025057953345585915,-0.04886446414738166,0.013704059879499297,0.04139895737356658,0.04707212149662343,0.01595125848401935,0.031839232016426244,0.059552633178499015,-0.0062705552291988376,-0.03104060446796808,0.010704152237103082,-0.009692528105664344,-0.012590666444693976,0.011882705160245921,0.00313676571012797,-0.0032682066447593527,0.006028468021219036,-0.007196490119562637,-0.008824837778022787,0.0013066598810027585,0.00766252706916859,0.0094635751402119,-0.002291275216563138,0.0028993797095451246,-0.0007352636072732732,-0.0009692520426725082,0.006469463194392677,-0.004678974576792783,-0.0024195007711540484,0.002119623062853071,0.001106375476403132,-0.0018617486029330332,-0.0027000805017202145,-0.0017995176436548244,-0.0009756127106586021,-0.000932119793158992,-0.0014555665170482568,0.001281706245513936,0.0010394733902789888,-0.0005001459874116078,-0.0004977270974052539,6.780999051814174e-05,-0.0008102353222170233,-0.001346161849097213,-0.000548469792318618,0.0008334096681863468,-0.00011135100836129341,0.0008924712094053322,0,NO
109870923.96512789,2320116.515852622,479780.297496212,587377.3797423143,167143.35926438874,66194.5098836483,-37081.80949358683,8348.922427240774,-111883.96888031118,14525.018315121706,10519.46889466123,-725.0402006321674,-10539.919218845884,-1894.4823757036247,5.103248560932116,100.22788240934892,-1066.2961873857828,468.3949712879414,-548.936002505255,13.15408793247127,23.655544385185692,-235.87587186346457,176.76914742667714,-21.649420477991754,-86.0952137398806,-4.3733857569988,20.570701948542478,32.247642104995975,6.092726470855553,-31.9574573090065,27.181951323831186,4.739384342803191,3.101116085637017,7.076619913266086,-2.4367581775564666,-2.599857641375962,-2.4801181481390486,-1.1691172365187867,1.1514031149090442,-3.410107183221726,-2.889524082043792,-0.9253826613056972,1.3712465989496962,-1.3390669737179854,0.5622095244195364,-0.1512145937119982,-0.3399887945760405,0.06557552569471525,0.27662506698849754,0.07071885723583064,-0.13806728945488445,0.10603676419539632,0.15721188255522556,-0.029398640566217438,-0.07523635252758565,0.010317788441242759,0.03783730783338024,-0.00014161394813294592,-0.014574321396331413,-0.008248264602590538,-0.012926115885593337,-0.024639475976817593,-0.0006924360509914518,-0.00356540470828115,0.015463930780762691,-0.002871639506159651,0.009059753249913066,-0.0038900247729362625,-0.002801851239505604,-0.0006894289070253357,0.011699063300861567,0.010425844962251851,0.0016996833016200696,-0.003969721965596862,-0.00914218545401857,0.0007753654504936147,0.003985617330099833,-0.0019524575381346665,0.0020208851405754125,0.001351176879928584,-0.0012444478290215555,-0.002863933820645981,0.0007343605584810842,-0.0012177751414777505,0.0012612215378925429,-0.00032268962369974563,0.0005283905070398998,-0.0012786143911417414,-0.0028480554392895097,0.0010135568071243384,-0.0009315077926626003,0.0014604662344460907,0.00014591521571671873,0.0004453494579637063,0.00015713692062667428,0.0004602617294216793,0.0007846799274331181,-0.0003253374919440777,0.0010796207895757415,0.00016359526435766325,0,NO
-33519209.94654554,316904.9615684394,-305470.5936933748,174380.13783547597,94481.15568045207,127116.72936145209,65489.0028256984,69938.35668547289,99999.82507678017,-1207.0259792624747,663.6735876578168,-2362.4459771212714,-3942.673421245865,-1219.0817103634076,973.489958230397,381.5025584621866,-615.6843262724865,-35.013130504508126,83.68701296521064,-35.054336088938726,-213.45158890872113,-81.61452690199474,1.8246232538627112,12.916189377760503,2.2052482853736493,-20.206595114410106,11.924701613329887,-20.059082007548,22.98915519846267,8.007847964195832,6.391075258600978,-10.303266428121333,-11.4686891555383,-2.5237735253883216,-0.6543242993186418,-10.135270393776878,-11.179442407910635,-11.775378147886784,2.7494352972056504,0.44161088470038123,3.879134610420536,-3.35775623206667,1.6018042926233562,1.0176487329824404,0.3182144929039694,0.020436289635988203,0.2305875799568078,-0.11043609266826504,-0.03153761013614176,0.040303017222898765,0.04293562254717109,0.12657995190370253,-0.07357771012351222,0.1480260848131385,-0.03512236311649497,-0.03891683556822034,-0.03295984853171774,-0.026595300918250686,-0.019435687706452986,0.0012331291243281584,-0.019183276036515373,-0.01841526701058349,-0.0037712953345850897,0.011129327719991977,-0.0020215127771183727,0.013946189973999212,0.0008175931766697675,-0.0025786015487922476,0.007456821526437785,0.0017745148079562623,0.002105485362944748,-0.0010136414492016854,0.008944427190447968,0.002431711523466773,-0.0015430688670334813,0.00043990749550815167,-0.0077232867891627865,0.0038768664139694486,0.004528094213908762,0.0025081301143483614,-0.0029265633056350104,-0.0010128725076512524,-0.003672293164211249,0.00020589161443440585,0.00011403112417873729,-0.0012835292086800232,-0.0010004573030306663,-0.00024046941446032033,-0.0022905662925329917,-0.00031968687190886413,-0.001092774288317333,0.001024795704709082,-0.0008662433331297903,-0.0010053301717918295,0.00039678490124486765,0.00022539404486276483,0.001046810408043197,-0.0002154207982378864,-0.00048049507019537474,2.063603720009466e-05,3,NO
-114758129.74753433,212668.64948305208,-73398.12275717675,-153258.88241387013,69920.68076901729,68783.42515071697,77276.51871286352,-40449.74158896409,24353.378898642317,-12119.072529169891,-5649.998492973347,1057.3973982767056,1729.854694493857,-1354.4430140964605,201.11280821204127,-265.2842911968203,-22.83063605246241,28.83261264837455,-198.02924782208882,32.890189105228046,-59.75207379702215,120.83780249624178,17.64746948625759,14.303935732845062,-28.267255480632304,13.988876315587163,-18.16857257721682,9.94869663911959,1.1476058671390774,6.968767560575586,6.941625448413987,-19.63079187536698,12.646607720010962,-12.656807903792753,-14.282241536517658,-10.442730319618391,-5.10913485087648,-6.317490005495586,1.3893567016606312,1.523820125401386,-1.5991944707432886,-2.812997499746011,0.5241350895017689,-0.7001558373131602,1.2983519024024837,-0.3576013444320161,-0.12095588545290248,-0.25994603010410966,0.10557583730787634,-0.05841357541742405,0.08306376384457259,-0.1718901838706377,-0.17687591079303022,-0.025645967142147175,-0.09587177312458595,-0.023071746659690917,-0.04779671641480698,-0.03627052193419367,0.021368863165881713,0.008199913628428313,-0.03393232228612675,-0.017636161779954307,0.005499515077840744,-0.033614760461007975,0.02286221290949486,-0.009794930312539085,-0.003262191410917853,-0.008012112375055946,-0.0012782994750725196,0.0011456557717969273,-0.013162949158969872,0.013068963323491722,-0.001897804670513814,0.0031529923786122183,-0.0063845189758895415,-0.001760680678406512,0.00528916865905904,0.001054966572416216,-0.002074174102446147,0.0017198360059620388,-0.0015696599257931654,-0.0013968694891577371,-0.0008582455254169119,0.0005357290664538827,0.0012903794444262262,0.00111255760060458,-0.0014815745960017335,0.0006404023525902192,-0.0012363257448656517,0.0013057542172054681,-0.0007876222218961004,-0.0021452098806547335,1.9129548989194056e-05,0.0007126123852695398,0.000810447507496842,0.0005723603658744983,9.837601027504715e-05,0.0009208143036032457,0.0009511274690784943,0.0015510481380582308,4,NO
74862148.20637155,-1127684.1637360444,-36782.83556944772,-50955.83976086482,-11832.984946941957,252312.9310225278,25816.855887376874,227000.60356415983,-16696.300751963572,-5036.098405898394,-18894.511730291088,3504.610557711203,-7882.678448809103,650.2675000736621,3990.202954473314,1186.4961609250508,215.151433508016,-143.26115320206358,-413.74563101421256,-107.94216315612107,-277.9460578257219,-41.01337138396502,70.30718771197274,29.8784435769754,-73.02526071543767,-35.60569882475227,3.3025646584554806,-31.081113956161914,-1.478515885060716,14.878734956704236,-21.847392963777622,1.5483668407363211,16.493844983243378,1.2013771542341942,10.73912499228788,0.987395223361645,8.623175377607552,8.435812406887237,5.172950440924694,-6.149774907756054,-0.6594961149882508,-0.39455959737529867,-0.9135474707807703,0.3240500096196173,-0.3052002473001494,-0.0317883049887584,-0.24085275089968583,-0.03557119367201711,-0.0746725563067927,0.17985598321196264,-0.16469674193128991,-0.020807129402681035,0.0758061621892212,0.06951184800482202,0.02323402786599038,-0.04736724482349286,0.012112938787249394,0.026445186778531582,0.00016925951774426906,-0.03969254541412415,0.011432175805242029,0.004350381706112572,-0.0216665940033387,-0.0026717940563072418,0.0027601421087264377,-0.010991787630193484,0.005739863282405749,0.0014654985035795765,-0.0061055283469654276,0.005305789350521728,0.0018870332502480824,-0.01185414012926822,-0.005076893602687704,0.0036893218142354245,-0.0048750995820965315,-0.00044983088402039684,-0.0016126569621448539,-0.000819564305813536,0.006162044688466484,0.0027354230037255345,-0.0019494163216853266,0.0013375181140709014,0.001356374780910441,-0.0011430523467446385,0.000425058646159604,5.514869170086811e-05,-0.00047086039272747904,0.0004273918289687817,0.00038967065006512147,0.0008709083877338486,-0.0005480630113616769,0.00033428306276963183,8.884732726244238e-05,-0.001170296147864014,-0.0008121249413050313,-3.629282876036963e-05,0.00040194211932840195,-0.00013897737901191753,-0.0003545036877017904,0.00026882788662357937,3,NO
-6687879.466390729,1253182.4568739934,-363031.6623074756,668.9616494410438,48245.75718664494,-52506.92934491833,-157182.88230185,-46582.43116548669,4122.18686597381,-7459.3645973723,19570.45758732033,3902.259944499354,6260.792132842755,1566.6836089219523,-630.4026225930702,-624.4594793064316,-89.31806149059582,-560.0869882107022,18.971185024004768,299.18298287844414,122.72435289081687,-128.87602406159687,-37.58027053261071,40.95580880052795,-16.061184815871755,-18.453768268651515,-17.097088731692963,-26.092149959577057,8.339782873033897,19.607595353061797,-11.828713662857126,-28.24763903560813,-21.48477280140301,-34.02286728431119,-11.210054447337399,-8.225557553567924,-2.348656319931827,2.8163124018274175,-7.489971615831337,-1.520857051286356,1.257878733446212,-1.654769066432216,-0.641457337768415,-0.29822200628969053,0.14379482962968737,0.08245799109444363,0.13211023391215715,0.06329017046757723,-0.22876697183429284,-0.05470835454706259,-0.14397002589530405,-0.18215867274347985,-0.08827110840756713,-0.007319543897575498,0.019265186763319342,0.026989206195132898,0.09056253279998439,-0.02913743660283652,-0.025418639715995672,-0.039144442087677866,0.01642812582800035,0.0007787691065246349,0.006337716584701947,0.013120511767821696,0.013722368585994849,0.011243394682373342,0.017139525253387605,-0.0004788116790304109,0.01775548809285732,-0.005564150829196035,0.02015542582195673,0.003623801430789886,-0.002066631648686368,0.002305581316184191,-0.0027219526718336162,0.005611729521776798,-0.0012615368265997962,0.0014130134341523437,0.0004194708214844134,0.0008580895659144883,-0.0015403550637212993,0.0025676958639337943,0.0005675716227944161,0.00122588878806279,-0.0012981339727689,0.0005230514491485483,-0.0006158398197539938,-0.0014638151630865792,-0.001067777643183665,-0.0003187612200494794,0.0002601070316750054,4.347944324113555e-05,0.00035764670455740166,0.000915545615216451,-0.0005241146097028082,0.00014349582541268308,-8.284073765521018e-05,-0.0003823871834556236,0.0011449418364778974,0.0009044359141744951,0,NO
-68109753.5072115,-143934.2347449856,1147.997438531369,-86703.40184948032,-87398.43211614696,-56595.87014224466,21613.103933574617,91.09287109570869,-35163.90083651483,-10407.122572959015,12183.996824569782,3155.932777991169,-722.3260214880247,-2771.6369324275083,557.5443756445584,-481.0246235925133,410.63218107833205,148.12055129458815,69.01910244192896,-76.27030497628596,-55.745279935800625,-141.87668771884773,10.495165519926388,-24.306199877451952,-11.739260241303601,23.84842648482595,-15.698790904043165,-0.22467418327585165,9.853827943923989,-13.707472649419273,13.0293044629434,-7.475167017035346,11.892350534941471,-3.481153081356979,9.123762297400429,-4.874637523745662,-2.8810483742628428,6.379406425319189,10.652590255336293,-4.6027873649871935,-4.58199631053596,0.3873695137370632,-1.5909568639619067,-0.31849890696028726,0.12627617663135382,0.3456603768786408,0.09022295964938021,0.034509025614934075,-0.014295675559903298,0.16733550801105243,-0.1399623127574765,-0.17706976721511047,0.007756410348545906,-0.07722832551629999,0.0697888079550757,-0.051890210640716916,-0.0050443750282584965,0.02397673563272562,0.015174215017944581,0.024021454658084807,-0.025633605068637433,0.010341733990683721,0.0017290326347428886,-0.01832450397427099,-0.013568265845460559,-0.003316677582878569,-0.011188961465159214,-0.010923393328021891,-0.004790258658488589,-0.0036765889300389154,-0.007748868106391749,0.004126159628706105,-0.00397532955018054,0.0036705644050225583,-0.0031647261355247647,-0.00262977044352275,-0.0040041315043251036,0.0021026887405684036,-0.0005832340602474062,0.0009590032671766835,0.0027331367756400216,0.0008714220652732418,0.006384048916584728,0.0034575268397113723,-0.0004390629600549145,0.0002889577891220796,-0.00010588021137691861,0.0031203282239727903,-0.0015578401766095928,0.0023115120403229827,-0.00020349683514564454,-0.00021521223626410659,-0.0011219219498185273,-0.0006717692811494258,8.932446473611244e-06,-0.0004970098080892722,-0.0002435956675323151,0.0004523760671775179,-0.0003467075504717809,-0.00028165809670160913,1,NO
-19861414.92678964,-685282.9564554524,-153652.79981890705,12392.123492897896,88353.88096204808,-53667.98541120901,-10052.596226177739,-44426.51842286258,12823.329673937114,-7682.89925822986,1726.3670588633995,5559.77560501534,-6556.194844220641,733.6881443850351,-447.8253252364266,-209.30545536441628,-191.4548390262181,-42.182889691962316,-66.13834114736203,29.01593486838601,-270.2186014843544,201.49263301213017,-4.065931855093368,-37.63617819426277,10.31456175870834,-23.16460800967593,-30.002959101161082,17.336500466891493,6.08494190515944,10.3156960760775,-4.736671680343591,-6.706857052704436,-4.702828497549035,7.812778235183771,2.1533271616813856,1.8700806399872079,0.5272211672148366,6.827336877999926,2.3994240384816408,3.4747585392980795,-0.5844949343332928,1.0103477020583256,0.4801398797298475,-0.04957291938057917,-0.24724756356275535,0.25623986624900397,0.05529949195482864,-0.006406411106540499,0.16220578695504884,0.059405888055949874,0.1299550288630602,-0.10814530856524085,-0.05366407608391377,0.006035892216627037,-0.057983917086941617,-0.001399524366520688,-0.02840193503343702,0.016045823578036522,0.008801345999858823,-0.014441623846210838,-0.010078386669526207,0.009186209581530491,-0.016994174020838915,-0.008693316772999005,-0.009089721152270913,-0.015266559841837779,0.005879845627296737,0.003772395843772869,0.006569210428604588,0.013266064087943175,0.00544448278831311,-0.00816544019613108,0.0011323447368543071,0.003924265016499784,0.002383754493927137,0.003812236565800653,0.001023606451090897,0.002192907349461315,0.0023119386829151267,-0.003008737468821465,0.003827057455548899,0.001715124080919228,0.0004097315634203902,4.5527120000082855e-05,-5.725396643019298e-05,-0.0008311317761237058,0.0019139061268165225,0.0009184581622635468,-0.00047733130409632896,0.0004973891971398192,-0.0009408187137374124,-0.000582258493498156,0.0008935992812337812,-0.00021120942360663975,-0.0002621639579700463,0.0010653691441810456,0.0003082451955387141,0.0005728432655949245,0.00023720513769170948,-0.000149553122472057,2,NO
65080661.6558606,558117.8488342059,139137.16313545592,-306376.201439911,12090.500820448855,43490.498890948315,240562.8326285918,-45172.93315787088,43045.8932856592,-5464.398634609928,3831.294683475544,32647.515075831958,-1142.5594297619318,-3245.5913712975075,815.4734911104133,-80.53648287611054,411.1027799346661,-314.85785295459704,-191.73805381086606,-79.3583525713982,-81.94893584771904,-119.47779980828994,33.74444446855068,-27.96546185756233,-106.52509578872008,-1.2715187393411043,-37.36929067399842,-5.22153925776928,-40.49240770216116,37.32960308315215,-6.61367539535533,10.956338122978764,-3.122023374475134,8.22523312145728,0.9018676986717011,-0.8507033063508231,13.635833744030098,-3.4284519360105605,-0.47166662321711783,0.9468435112112559,-0.863953731598798,0.14020014028567118,-0.6601074229171644,-0.04049206611323264,-0.16888097773998112,0.2801067772485766,0.010482877384154321,0.13977577666391205,-0.1239951071787444,0.06682108430932451,-0.12935170938237572,-0.15056024382117084,0.04099723788604592,-0.15133979112304874,0.015411074408426373,0.05385161543208161,-0.02715333566859046,-0.025050973881036942,-0.017213426207903337,-0.016512619539588158,-0.017512967399747392,0.0001996552662788531,-0.0101697031857374,-0.007377841334212043,0.0045740580293816,-0.0030659733163580505,0.013003305472844229,0.010029673131526917,0.0023735705445291355,-0.010363751413859368,0.0014442214000518483,-0.000920045787283108,0.005495555450067968,-0.005099196470950695,-0.007320737857060333,0.004231049112597862,0.0004414229648264101,-0.00250895293896658,-0.0049099376796806204,-0.00312692425758887,0.0034831453581475325,-0.0014880201078915078,0.0003819745258668572,0.0023392850083742145,-0.00016174734497864662,-0.0033281844656434245,0.002531996358478006,-0.001914643604339128,-0.0003674279690198401,-0.0005401738654888799,0.0005980075114209171,0.0006638191224856184,-0.0008100239906266848,-0.0009893166998329317,-0.00038513947069568344,-0.0008509489617132722,0.0003402636213334139,0.0010568896382252557,1.8496201022510927e-05,-7.031541061569557e-05,0,NO
-5730772.465420425,-993239.5656260718,-411499.11698096024,17647.390995307185,193213.10737137252,87342.93068996468,36629.231623393076,77280.59417342032,-12772.046293918684,-17410.48659950897,9757.807047489474,5598.669578722642,4027.354941129257,506.37693137817075,309.83032691690096,95.96622552305575,-507.931890816501,-16.643504037585586,-134.12657796159766,115.40309244434115,-70.58278251954675,-17.243549524868143,69.72294548018539,7.575834547088093,6.586152252882048,-26.485485816707524,-6.174652350298288,-3.8893904495320157,-19.20883126271457,-7.0427953682664395,8.450877665264727,-16.220209016130184,-7.075079603732945,4.08021452070318,-13.263196960586534,13.851260277408585,-8.177041897426845,-3.4222197373923677,1.0872361261841093,-0.5620183578523807,2.4681322515477575,0.8292833934905275,-0.14326133534962082,0.3280548089396169,0.37622472024007436,-0.016728427286022196,-0.09550427728613364,-0.14531651599403173,0.07841297783773715,0.031003058186535915,0.11185612103650833,0.1158675652243284,0.06016069284712522,0.01633134817247006,-0.03833079581998211,-0.013581608160727843,0.009909829387132696,0.000370392685155263,0.01828917213636383,-0.012195132126283426,-0.0011754158278973748,-0.014538221553628716,-0.011810125969885288,0.010894299526047035,-0.008910973999297411,-0.019244693908610833,0.005667988934652202,0.0010495270612818075,-0.005547715855037438,0.006804621702512892,-0.008083716681421382,-0.0038705278282336053,0.0015276885303112664,-0.005729813629204217,0.006705425707013379,-0.0026949246931819992,0.00024004777630004526,0.0013092745436984465,-0.0017335160046969555,-0.0010688689093321102,-0.0024204748572597135,2.7837715147249753e-05,-0.0012575846590867634,0.002079269810623424,0.0010424827558663807,-0.00016705173458375633,0.00012307657633714442,-0.0009150643688082827,0.0012308109844029191,0.0011786445787518307,-0.00023607355733501478,-0.0007090784926580187,-3.927042131857128e-05,0.00015877363335903283,-0.0002775357430996189,0.0006153939082045746,-0.0007645552974551387,0.0013083204127288806,0.000869848642534421,0.00038210822238510245,1,NO
-36214422.64634758,-896594.9083866281,35631.761070317356,309349.7196759942,154630.9114119274,-98259.47254353539,13055.465852369927,-4976.176517132204,17654.34575783182,10722.099721571936,-3880.381883880327,16758.027780899254,-3362.115647460996,-313.01261829165554,-800.692854159006,-198.73721132975788,-307.341342079116,-221.87809100590877,-176.17679904780937,-139.17703339721072,29.76320976793255,-122.90538667131574,-101.96327648300195,1.3180531045160535,-7.496210582234461,0.08178717520377177,-36.4559841794765,12.00693102238398,13.834905241867716,-0.7954010097060547,18.27351519328971,2.620629990499765,14.433662714892506,11.710165113060157,17.14072343253388,-7.197230035125926,-6.203597718998388,6.36308473149262,4.440151670854561,3.7148413510598743,-0.2782923954740255,-2.910914296705073,0.44223137174667215,0.41525068228660134,0.06946320255187999,-0.25732912277854325,0.07217706371688948,-0.027082302270663217,0.11177655455081936,0.18075259233347446,0.058320538553878976,-0.21187576240481043,-0.0186066845421049,0.09190416570519466,-0.04892777897308109,0.15200172755885932,0.03169679838797368,-0.06293782188327679,0.007509816436776839,0.010894828183232619,0.00544577723001316,0.03537366325232938,-0.028956111643703153,0.0030258627289487805,0.01014235980290934,-0.0030307484309382016,-0.010128598298579872,0.011630547303658811,0.011478914793965345,-0.0072978477090483995,-0.0032212152792457927,0.007031468484379744,5.270140350521757e-05,0.001763643998177411,0.003183782269690072,-0.0012557243731836643,0.0007756274642245486,0.0005900310003221776,-0.0006823084033213966,-0.002682894006594383,-8.762473820767003e-05,-0.0022412621056011606,-0.002823346635402846,0.00025002499881454643,0.003602970348969947,0.0009191297971502532,-0.001988136317193412,-0.0007155104165923465,-0.0016592513993539115,-0.00019064550388314672,0.0022770310032738106,0.00024892233147688625,0.00011482910829607729,-7.464837515513967e-05,-0.0002667763693324082,-0.00042144320567268946,0.0004131149163526301,0.0007607542610639229,-0.0007248213897404487,0.00019447265203059727,3,NO
34630300.9062165,464659.71468659537,-161321.99514191423,-98098.89513678828,-269140.4672902119,59690.49284733557,68117.13086050512,-37454.98493794428,1517.7305622691638,-17816.131487454077,-6582.033217007007,-14895.853851437249,-1280.2420749888734,3350.8461497852722,-66.55705375676916,-178.1833438496301,123.98519491888885,-144.10620510257263,-187.0326450895462,-7.930468924479783,-19.61031141977105,-132.05882274279526,35.23264047504381,57.28330520738096,53.73885865447876,20.399335580625575,28.155976992674255,11.568741925780273,-7.743535910185187,-32.25341255833469,12.279949362872458,-8.227406335713795,13.702209832782586,18.618636222947146,3.367805244835008,-0.5683412355249402,-3.0903248026224155,8.251887482115933,-6.857039237870367,4.6635192784140855,-0.15215918110357762,-1.3585103929492561,0.8098665946905186,0.3705000218548542,0.05216639715650828,-0.010315093625546723,-0.26096591178061423,-0.07504254262925913,0.05532094140486388,0.1706551912309296,-0.16613550573839397,0.04567684817924178,-0.047094686148463794,0.08200590098931704,-0.058350734130593995,-0.12688959944355394,-0.04695293634929776,0.04044195106986059,0.005958308581849314,-0.025053358185436636,0.02260525885271747,0.022899381754392323,0.006508232066210096,0.002162007335661187,0.00688921519932717,0.014245715386985935,0.0018456696921384796,0.006952199777359114,-0.011279393381415148,-0.0009220335626239917,-0.00752276485988812,0.001243066204910992,-0.0047061271235380175,-0.0019117863737090346,0.004162195085858356,-0.003257251512399195,0.00410704305089471,-0.003128447982522875,0.0036338317393695974,0.00048301869062106206,-0.003742733840115031,0.0025648671877669393,0.0019857028043106517,0.0019027675062543437,-0.0008087339068321153,-0.0014596159015358712,0.0009378282433598617,0.0008377808227917338,0.0015569826641784745,-0.0005500571413235011,-2.3159012042750504e-05,0.0008510701864165703,0.0012739939962044255,-0.00022851531952094994,-0.0002716098297014108,0.000535481780445381,-0.00027004151768841335,0.00014428118616627295,0.0013560192457370834,-0.00014305678115605902,0,NO
-55362670.3209247,130681.23738903971,-149594.9393170447,-136972.5851826904,-72917.99326306325,109935.45002178561,-16008.192838346898,-23879.693517257416,55608.028453704086,-6301.920067735267,6472.5029330280695,-5597.146609407893,5043.2648861453,-502.3776311392229,-113.14855973203885,-202.99113309029622,-210.41930240287218,84.43254612222592,99.73914239660789,-41.089622783070126,-142.5637725722471,172.50634274780063,15.148263233498994,8.568095924953909,-25.62360812218071,-25.15490615501392,-53.96994334561367,-8.0147099234581,11.22844648956135,7.322337725524534,35.779718767117515,7.116592379098506,26.888971790999733,-28.84082262703987,19.813291918188792,10.833691080772525,-15.617163444491037,-5.180317038775854,-7.564916413829337,2.00027726201904,-4.506464739226399,2.3532619633943455,0.22418161010828896,-0.5928088341919797,1.1085222375024202,-0.2825626080998518,-0.6418562844179787,0.7235991392037855,0.02481045334782639,0.12554257288806528,0.2963976094934644,0.14251078850699317,-0.1735841631435484,-0.05333229811485296,0.04875078362675378,0.03449832829013788,0.03644635213783287,0.024650128876086974,0.005370180782321432,0.035730281381035844,0.015541239581041033,0.011511767739785128,-0.012168093829859727,-0.013316503895291376,0.02070191718265546,-0.023131247588142223,-0.0016639551545827025,-0.006789045747860711,-0.0018082802091563543,0.00031702434926023093,0.00397565756871765,-0.008158980431547835,-0.0005795770240917264,-0.0015754841387467522,-0.0025368351009775747,-0.001011159997576172,0.0045101498155888375,0.00453112801100497,-0.005935194096440721,0.0030196979394598866,0.0006184268952852401,0.00015116691917183012,0.004703402698820414,0.0027996728099266566,-0.00017461803153395739,-0.005132218835395497,-0.0036517912096094562,-0.0017932067632492332,-0.0024644977885285857,-0.0017182722171074083,0.0003152876096168544,-0.0006028498689775444,0.001985628274965734,-0.000517407758486077,0.0007386327177722196,-0.0003067675714182143,-0.0005052200304207725,-8.075474441460173e-05,-0.00022614527213865587,-0.0002678765044275555,3,NO
-19332613.20563972,-1106212.7338936795,-105155.04891262483,118987.85364046891,-179803.47151510086,-56596.32070952818,70114.98819577876,12040.7129505411,-28513.20276040974,-15664.670325354393,2216.630568312943,-87.75105200825783,798.7414957993133,509.0122142342276,862.7737844204839,-220.281156494809,-119.01720910894892,-122.64638449588452,-345.64470302580617,194.6131618759964,215.51905553782498,9.842099636948689,6.995005154877731,-21.694982403897903,-43.70140775308454,-10.74392968664688,21.439908197375814,15.53947869403163,-1.5838786165179783,-5.869348175085136,-16.74016365699154,-7.4979691561114805,-18.9227546200745,4.714555996007903,14.084396951553916,0.054574251662856454,0.8790613096138102,2.81055148182179,-2.873547243426117,-0.5007889520442035,-0.43548743568899795,0.12002819500014539,2.187660502912678,0.6451487077976217,-0.4760067716783496,-0.4310717161474322,-0.0755137497011038,-0.00874420863851011,0.34259684696815196,0.04578961777511095,0.06658695157724903,0.05829084775613502,-0.09538735089051453,0.04649559668288039,0.01902449285367558,-0.0005279609547426123,-0.020643568625478004,-0.05839083839513437,0.00695921163087565,0.027151689422773906,0.001692964790055207,0.0159498904262545,-0.008794837611865058,-0.001803720166151379,-0.012736270271509476,0.008758298898347672,0.0014687987455208884,-0.009227171501763276,-0.009984152322508155,-0.006105594541976733,-0.008094707399783019,0.0008963123857630428,-0.004025283941444968,0.004525819267179987,0.002967042768964756,0.0012145609697191695,0.003939951633345817,0.009185872412360574,0.002510504381729284,0.005475116842959427,-0.0029883860727006883,0.004860391098418404,0.0025950717664620093,-0.0006452832807984366,-0.0009269234692791395,0.0019545922284056605,0.0003843042732829538,0.0007589868729944715,-0.0006049701118229778,-0.00024840759721911354,0.0012865090264952972,-0.0001572668557653454,0.000169023601348961,-0.0012149931312247508,-0.0005053932516755899,-0.00017230087019262479,0.0006903493737342222,0.00017961422384282777,-3.5469784698094475e-05,-0.0005068976840665873,1,NO
-1967254.6572024226,-472500.99979734235,-98639.52495921229,-102160.62062748926,-3662.2380649372353,-54626.269451572836,788.6854863506014,568.4309335735379,34990.594701698166,-3851.790191549875,-1010.2867519004594,10238.30775208318,-6828.944310536364,-138.92050559727141,805.2481378208668,-198.6386172342891,470.35442212758016,-14.609811900103892,149.6013842926889,244.93375373421384,18.575431819075305,-98.75637570609854,110.40790136271158,28.735789891252253,21.103439386642084,6.652329404863167,24.96765402601045,-30.452457520019777,-4.435601499567298,10.19585349748094,-4.27862459735627,-29.0034653494464,-7.280568365112259,-3.7636473293352424,15.106214379432895,-11.545803458791724,-11.717912522448025,-1.8780671945280005,-0.6021066582493404,3.435656264722965,-2.4077433803158392,0.7725735432163177,-0.3039087909229039,0.5654150066978811,0.05369598452320545,0.2128233999750897,0.008706494276955468,0.05898216810451373,-0.07072173792676217,0.10063102489216884,-0.1904164156429129,-0.05446940374291476,-0.02229973467595947,0.067335190146258,0.013616259433576694,0.014307601919626656,0.03477994318532618,-0.017879665930854216,-0.02618914466827582,0.01575597516071614,0.0035931669751216866,0.027638138003517554,0.0003089471231965124,-0.003865500605918726,0.007980234628938598,0.002513245069071912,0.005294223378906976,-0.008970332565846062,0.002686810107462967,0.008143157400415324,0.005523062399001688,-0.007835545390089571,-0.003235726059994448,0.010210451866317083,-0.0073026452398314845,-0.0045720589336690765,-0.004124204083167271,-0.0008893683031589994,-0.0034779488909069123,-5.193746299192448e-05,0.0026009392739018145,-0.0008122853029637334,-0.0007072182478391476,-0.0008783765571012958,0.0007220000921753789,0.0013519313018027779,0.0001434369236519295,0.0007040077262480127,-0.0005193945811654554,-0.001296880473839357,-0.0009303511120342112,-0.0006881594586389027,-0.00032121274680430023,0.00017731456385561284,-0.00028679261072070417,-0.0007226864785159683,0.0004701501198671517,-0.00046403400925409954,-4.4406501508220675e-05,0.0003203561002484423,0,NO
-24638517.591834247,-439991.5676168143,-124775.96246912435,155480.8130795707,20871.59426043072,-47410.16711610374,11719.48437764382,19947.432831060534,-10923.857962366543,-11198.593598245789,23503.02095710216,-1291.5595596865169,1976.8338958689455,-1592.2212508821665,469.30304385087766,-156.80522027937832,-381.1091989522888,21.966614282032594,75.90278521490961,-199.16657411022942,138.7088515260981,84.15325999309596,25.64614111230742,-9.702934327393052,19.42113675797177,-41.081549160946565,-48.22823857309419,17.857316859446712,-26.164329383261304,-14.545598452736044,-13.731541934282973,0.17522097712333107,9.747621665467705,-8.591993872254989,-8.774852706278583,0.9677016523360891,4.313441497784446,-4.2867776695450175,-2.459668804398973,1.1669623721147673,1.2395824982742312,1.3707482898606287,1.006831668502457,0.44674126334137965,-0.048777945479145046,-0.411170973998118,-0.0664130911522891,0.12503334185156323,-0.3819131773492548,-0.1987354960911158,-0.05293009380298308,-0.16082972850556,-0.01421578240603516,0.03167952320674594,-0.08013277140217134,0.0469327154945991,0.025748961756761446,0.007832647187994368,-0.01105172140529076,-0.008347258886629128,0.02059630728218176,0.00860248811425457,0.0012572802745403067,-0.0021940270258991035,-0.018628119030479562,-0.0021216724991401925,-0.0036762008730064355,0.007558196672784012,-1.8421161101289663e-05,0.0006530311777213083,0.0002300510181285631,-0.0018691959731444996,-0.0035571364668571803,-0.005634410439173454,0.0021705181447579935,-0.0017838832901371227,-0.005463712190888925,0.003917250259387828,0.00030041388595858365,-0.0006376361681310616,0.0023306697567605505,-0.0011096273523194533,-0.0016973306011625056,-0.0001472232961372555,0.0014291374034141047,0.0008517790152861027,-0.00206661079646131,0.00012072130109175294,-0.0008541897832110568,0.001479735735075316,-0.0013855712072492476,0.0009066673645213748,6.633885844131715e-05,-0.00102007105824109,-0.000444081883082606,-0.00019682908031497075,-0.00014870439766603329,0.0011717540756983613,-0.000575647722829864,-0.00023426262584608226,1,NO
-8530104.312332451,-1172985.3366835061,-164031.65683691518,-116954.7168521981,-28264.060500983323,44881.21622163944,-56302.6663584799,21030.270918062713,30563.12154925376,-5164.089412340587,33187.12217501541,899.6504662904335,1970.303133568421,-3091.733976469316,450.36194916828936,-100.53822531246306,-369.4633735106934,-112.49565599997615,-198.47400649695993,61.901938020565126,-242.35777767203672,-75.54373388743909,0.5944192278998344,-31.117967440661893,-3.7620829919599714,-36.86835976251905,-4.838686321578905,-6.441983512900606,-5.564050201155055,-1.8402035150045748,-1.9909546172267198,-1.810918093612031,0.5603205377761356,12.366487570687184,4.072406451016587,-6.831135829227932,8.700561854254115,-4.917848078664463,-6.567584869710856,1.917047320823471,2.443003121324672,-0.10763935453037021,-0.1910924103136864,-0.3609421217303401,-0.23650503177985982,0.6504416387469973,0.2647164412757883,0.16003122560705219,-0.1983449731382625,-0.03048982083051173,-0.09651621646527797,0.25897387258003723,0.0831548044126178,-0.02277510064462862,-0.0198498219871297,-0.04101742148678583,-0.04072437231214732,0.014668407690763718,0.012178854704608666,0.003517219005039429,-0.03786499657973463,0.029158878220890472,0.008700898848007621,-0.003169729230919849,0.00999257340773485,-0.008222484501162697,0.004676758526716868,0.005934306131472777,0.010116336529129355,0.0036742405202385697,0.003969096168173758,-0.007394547185559208,0.006168365714544599,0.005809711870234158,0.008768036735532503,0.0003900733445947324,-0.00722055690419543,0.001003619151117796,0.004206465663159076,-0.0003228828745420742,0.0007948570559856982,0.000620034123546942,0.0005925609278247812,0.0026188592976207625,0.0017920643869425712,0.000486128274776787,0.0005311111384056488,0.0005351970205551559,0.0021630157599655253,-0.0008324474147469729,0.00163885121344709,0.0003953116758685614,0.0008352850996865557,0.0007925953457725843,0.0007211101422256033,-0.00018805000393743582,-0.00031483675898049714,-0.0007630313344588746,0.0007376279448353951,-0.0005021984943754387,3,NO
-24033557.633922577,-787796.5627322365,187778.60149839998,-78300.44341548759,206733.790434876,145136.498813367,73136.05922531932,120761.8917247154,-73859.14302360793,-3788.4264342574334,22441.5750116457,4494.513931288428,3020.618594194664,-2651.776514151266,-1962.308820170003,132.73209532818282,332.75164953198293,145.57013831172316,-45.94043453030642,110.64301754749852,-95.45066973052332,84.59509954732094,-39.72046078941091,-29.387192565648633,-9.616371125246928,-40.853507898456655,33.90033131041304,21.901168657128267,18.62788282100908,-15.755125034129122,-32.1503041230786,3.458668256279111,10.999182976666987,12.720089503719407,11.887506406241204,-5.087145825465939,3.422061042413702,-3.901014048389243,0.5840284379830791,0.9298418868481662,-0.7581292933030923,0.2438493953978309,1.4136341179424363,0.41106733853015687,-0.33573082178277147,-0.3404939877122857,0.05780581958748421,0.026433382082059698,-0.024434291773448802,-0.0294473138978207,-0.13802682711059688,0.0481267903218181,0.09114706137081008,0.06412630997212121,0.13105750651737536,0.00023022176348386214,-0.08122045470502748,0.003045997565718217,0.0026701290876729455,0.002339998630929152,-0.050192026175553295,-0.009312496360630362,0.00966817620649818,-0.017976381076636905,0.010302197016700543,-0.0043679643812424285,0.005247114400937836,0.007631841038466647,-0.005702365833923029,-0.0017894644272242188,0.011868248275378135,-0.007182093213446983,0.009874952639092882,0.005273902319172796,0.004209397829649797,0.0038074025426997338,0.008793600603624885,0.0015829902773543125,-0.001149310733224329,-0.0023326493892934508,0.003613039967233833,0.00017691982357859182,0.0019214166765948448,0.0006892150259276142,-0.0007963325562881929,3.2522839318427366e-05,-0.0012821873936152972,0.0011032454855530727,0.0007937539950648165,0.0003380401761992058,-0.000804539750896005,-0.00030648807304704036,9.777756652018521e-05,-0.000630470836086694,-0.00042814357639721357,-0.00047585759755076895,-0.00045344028385343495,-0.0002511030985303808,0.0007584040906160605,0.0007377735270767682,1,NO
-32869670.707280934,-629665.3646854945,-55015.47457398567,-145777.04057835374,-254287.54069678503,-39639.301085977306,45390.538208617254,34482.582260593146,110561.50700525963,-3693.031227827196,15641.590184751745,-18599.248752519532,-4303.319133160523,-418.9822120599167,244.8279605310854,-183.83581006652003,161.04812425150772,-10.727254384502658,-121.19943230758987,-80.85626799203499,0.5881245648283198,39.401875896861696,77.12177486342983,6.956556308842465,-65.0415545493671,12.559373248245038,-55.696754962221576,46.43553076211629,-18.683527645588185,-27.623295143505956,1.1476067511876806,26.048405606700157,-0.5204321426563183,10.254648480473634,6.192353091895075,-10.805801070911997,0.06126746934873495,-7.735356923937047,4.951915548318368,0.9703476486321421,0.1737932054517728,-1.2391189876281246,-0.45713102789055426,-0.2605090057678474,-0.4379913156376354,-0.36858288331022493,0.14269128286459942,0.12504835449871976,-0.33447975393667395,-0.11923693610535438,-0.025760411370047365,-0.00858672885243017,-0.07349892309450912,-0.058801611875481274,0.06172161884251137,-0.04006966855566069,0.07484431122312118,-0.025011351606450738,0.018152083608492076,0.03987671136141557,0.014804806127282966,-0.02685187152521884,-0.010539920280302928,0.0029858519874439438,0.0011498693961016215,0.010045569933303078,0.005060815916874628,-0.0035737938869906394,-0.003952760962044,0.01973113487038053,0.0007506449622576294,0.0045756010064059716,0.016527206654154192,0.0027726652101006666,0.0015996887919620395,-0.003254452631093807,0.00013822594438939184,-0.005503874621018756,-0.0007605798345426962,-0.003437252915859057,-0.0026822877863362793,-0.005018772672709337,-0.0032660371997208504,-0.0008001599898353196,0.004830447449945097,0.0021810288832244673,-0.00031202331644397674,-0.0003135211431586349,-9.145551846911903e-05,-0.0018444370133936516,-0.0013314536377484476,-0.0005343248387638085,-0.0001897733211795316,-0.0012917437900660245,0.00020354726291890723,0.0008933099147216562,0.0004255089813471665,-0.00025707275267849994,0.00042890097250375403,-0.0005041264469246021,1,NO
30868940.33199221,1544392.0028949385,-31029.713927986217,49727.906936389045,-247203.4815344335,-182834.94519190246,-24251.785883940727,-16625.493890582256,23092.56779307587,-10326.502322869586,10611.856729602066,-2475.9738475304766,452.86115346387305,-2195.4412084452647,923.1731169548239,-590.5595574988515,13.945357316662466,-429.58912120764114,60.116233290351204,86.29844445813922,94.56553652908805,-74.86838062681596,-57.41873659610445,54.01141816695771,28.987091169465497,7.74433025537428,-21.066160469776435,-9.98153690966302,-7.706691651874422,9.072286708682299,8.758675173750703,-9.403163399547566,0.5327691338433738,11.093022988475298,11.019739952124556,6.980804489468667,7.177831244700407,3.7384197171548976,-3.225337618450567,-0.03486495127440037,1.772596982525144,1.8467938958896752,-0.8207824838069939,1.0288051660337088,0.32085390699250027,0.22258989201514368,0.1604584520488812,0.04602552321754594,0.14069938032725782,0.05763079769679334,0.19369864601643894,-0.010017639906190201,0.05256256095506018,0.10251848439790101,-0.04705444673238057,0.09170323914052081,0.006365445947890791,-0.04785545381339951,-0.0017185819486351672,-0.013799432526493405,-0.00506777772011846,0.019371826939160286,0.0018067215078315657,-0.009881865969402881,-0.00435893693965439,-0.008261808765666512,0.018365701751918873,0.0060339688528257,-0.00013768141790859723,0.008369979628425117,-0.003136285524614424,0.005993406845806515,0.0008380263241241082,-0.004811897432701717,0.00048119149091485625,0.0007747322130018386,0.0067165877242705285,0.0014704830356104814,0.0015098295578872545,-0.0019949275754858053,0.002613041109112535,0.003327472547829835,0.0008714037396702068,-0.00036846552288533063,-0.0008463006950241159,0.00026115343332644425,0.0005656866972871821,-0.0005179941924255971,0.0005939809553355824,-0.0004509907023035886,-0.0005315167027575285,0.0010985979696533183,0.0006826764940272012,-0.00044035012384324723,-0.0009553249282002879,0.0006416948690913128,-9.437500423927804e-05,-0.000580672974417995,0.0006644151059120307,-0.0004191185352640514,4,NO
6727322.039628983,-1408551.4816220375,605827.8286541301,-117637.59092617416,-78256.1901572101,14702.461159863713,47503.018500839506,27167.36556017118,21836.120006385318,21593.032609792404,-843.638092066185,-5737.890249748816,-1228.2043158874694,-136.632667028583,-958.5599003605876,419.8882089154572,-214.98267188819113,390.17509010293486,270.8406444826684,58.26601370107687,51.04503048940711,5.348654908543637,34.4309031752631,-14.363400867899145,-69.90095595970138,-20.942831194571,-67.21344588276531,-2.3712136949719707,36.10056086752439,3.1641963244387057,-11.36734560816015,4.611567879034055,2.7719051669270414,-4.872226400104637,-22.52607432917224,-2.947859807856986,6.179282278340331,2.282805466016896,-0.3873448364984142,-0.763832307368574,1.0244542560451322,1.1249088602583157,-0.09426856293946173,0.08892199917195187,-0.15911754616803364,0.08644410424630422,0.07196774882173962,0.1880584581600342,-0.1706970007218933,-0.11512391818801672,0.003005524639638324,-0.01831388780358667,0.057189756955470905,0.0004950055143442267,0.018068903018467086,-0.02381219024398562,-0.023555608446468757,-0.016131045103068953,0.030607619544129383,0.04213806537902798,0.002971106151751446,-0.01214428869928419,0.01280192428396798,-0.03766305655955726,-0.003478713637475206,0.0035853018030280737,0.010199686021912208,0.004663930147946249,0.008161575481836159,-0.002428200302645067,-0.0026891562135026303,0.016054368736640345,-4.339500813088648e-05,-0.004744653533061305,-0.0012684399139468727,-0.0062787069588370326,-0.0012798603616746007,0.00021966725575994772,-0.004478691016864378,0.002699247943810601,-0.004345495039862257,0.003336853033647058,0.001780525163365132,-0.000258899914625188,0.00290094971361321,-0.0007122805683722477,0.0016884121409372899,-0.0015466470252641917,0.002799944033888113,6.792434448232854e-07,0.0004873364810973335,0.0008068800585714093,-0.0001484473306809786,0.0009429154857514277,0.0003380514450269517,0.0006374241081283372,0.00036950489046481093,0.00034223000597122244,-0.00018762500551111616,0.00017111078665194013,4,NO
-31211560.78494191,481636.7034092732,-11883.369900609017,198202.33979429572,84119.96760764578,-35797.72670557389,189556.72675299915,2464.7531162494997,-6483.815603161813,3891.0434936298007,-18659.53209195956,7399.904133320808,-1976.5518185530054,-322.24827374757916,1081.2581577765413,-308.7684588986133,672.5790586397067,-198.18029201233824,-182.39533872823893,168.61926009417687,76.31348885774042,2.1724137880760566,-18.851304842183822,4.357017893352236,-39.801104080036694,-17.199897928488667,-2.3416291348136724,-7.795692595727644,18.15953124591354,-9.834925263677817,5.8937478755893835,-1.269919834017287,17.02940772090372,5.415420649615498,-2.935969069200304,-0.5256860599564419,-1.682353970226707,-6.71019043441197,-3.6314882532616366,0.8171080962185044,5.805907125468238,3.0952616614716817,0.23154445861037232,-0.10010715280230542,-0.008017686279742975,0.28042815048080527,-0.3532759562592158,-0.13289106690161034,-0.08854718425592178,0.008317593536006324,-0.07848595582084084,-0.10428936427871793,0.11198371418412112,-0.07221637662199032,-0.02056015327067895,-0.025163984303670006,0.0357517482466414,-0.012146157980990946,0.007297328970313766,0.012798123225731928,-0.014171268408120774,-0.018255305308926495,0.02592545435643645,0.008733326463271851,0.004078314202057065,-0.0011475549635757698,-0.007938201599265587,0.0006884857485300877,0.0009827293408399829,-7.763394446652638e-05,0.004226078153610202,-0.010680119991028025,0.000850884788887285,-0.007445511694575968,0.0023378335047832266,0.008576340010751471,0.0024184741105595098,-0.0038650469464771575,-0.0034827537571016087,0.001313724820082074,-0.005923535832278781,0.0035170944338023258,0.0008409014985677477,-0.00100619002011193,-0.0009155494476213999,9.765292575159013e-05,-6.39663597388207e-05,-0.001307464014994597,-0.0010787324125748343,0.0007129222222985732,-0.0006264022239830247,0.0003220430816018036,-9.150879669683754e-06,-0.0007295858132569943,0.0010716936621252282,-0.0006033427724782183,-0.0002586938474662629,-0.0005139379728040794,2.467435025338416e-05,4.348541943660633e-05,3,NO
-106528113.62496519,-531451.6944655897,-116274.5663069362,113885.98078013351,-56944.79226976249,-4507.321261850142,59040.26799509715,-19444.915748505162,6386.58877294563,-2658.930643528405,598.8637012875606,6271.0133676341575,1587.404715030003,-1417.0358603223801,390.49170452544786,-407.63624193313467,32.010354262637634,127.56509825543867,-31.343378119102653,-53.40667981079321,-37.47254092069119,-9.601280161896767,-33.12712697699848,5.516691737552662,-10.557606107011377,66.55232444943124,11.594976139371909,-11.862780263713091,2.122393723947539,2.8936469254431927,-0.7937914254388545,23.99937903549437,-10.809820281991733,0.23078432011811856,2.242840623458868,-7.174696994735214,-2.344067802194875,-1.7816144966430443,2.887795006050794,-3.2497334532567947,-0.6220110832601691,-0.845409863247049,1.581584584365558,0.14691983947344323,-0.44763392314149186,-0.1501538581882933,0.11314276066319628,-0.2720406863107687,0.10864021807231516,-0.02091873240448112,0.2401602165416703,-0.20325016665037188,0.2171692739719564,-0.026654813224862517,-0.096071825755077,-0.11301068318385105,0.04168428468591623,-0.006168519739417455,-0.03690771353273714,0.004913923583690583,0.0016841758302921228,0.04557950584949921,0.01469433224273975,0.01254045804597581,0.014114191716323221,0.00669479047313315,0.002937097630498514,-0.00408344426876317,0.023021352303470022,-0.0068619231912386836,-0.006480327453944779,0.002155132106929969,0.008661354817822264,0.01310430357379233,0.0018964300560639913,-0.0072967327511024305,-0.0026447665620952243,0.006209258132054529,-0.00040104489466585846,-0.002521479928989434,-0.0018766806205756659,0.007526971075570543,0.0030098630192911813,0.0032892849559135184,-0.001079813036481081,-0.0005428840906525068,0.002715983222720153,0.0031628681054802765,0.000627816944977988,-0.0005472277086755462,-0.002846587058819461,0.0007709466801643283,0.0012131133972527186,-0.0008578598102050305,0.001064390238988272,0.0010814605217232647,-0.00015932393105602162,-0.00021999025991004117,-0.0005362272549689906,-0.0006907686955604508,1,NO
28194826.16815573,231143.49670481402,35395.73230844503,-188500.5165516767,181013.88763463125,-116438.4261256646,-19006.041210048497,-69221.6100262192,-30375.773633106437,-19186.922112773493,12459.257791760032,-19407.337599452847,-4882.26061546749,1345.6419406301584,83.00297032636081,52.27371459056894,-270.1180048113441,117.15894546600578,148.09074258069617,-94.08113428942488,-217.34671391293153,175.8525064577156,-22.92733488388879,9.74505092914653,30.231761544334116,-42.267368265473124,22.51319396213603,-7.80907469845539,1.6361135239272357,22.570379795268394,16.475680496496608,-2.6576840431481514,-21.57920069007983,3.409593148485328,1.876103984052385,-1.392182835319531,-3.4629340865908578,4.568553089034708,1.13292208939572,4.647724248962788,8.776538744177309,2.4768377022385692,1.6542695902432172,-0.6032177381657058,0.010033563926167943,0.4217174477514227,0.27405884982665185,0.10030933747483939,-0.1459991183949132,0.09689360086229311,-0.2836010589458011,-0.032585448578407394,-0.34406241635229406,-0.030317861904941568,-0.033881999861303136,-0.08009027714537492,0.08353658576594114,-0.01868170769038313,0.01940588187923109,0.036227437467789336,-0.004721063664198333,0.0018063393063041389,-0.008737384224013822,0.003748351133159744,-0.014603872391955486,0.005926800963226286,0.011710076433059269,0.011819729822107272,0.0005040631535918605,-0.007517087555136137,0.001785522578459986,0.0019208537643971013,-0.012154442760306416,0.003154953188733378,0.0026629057032028225,0.005276615297926224,0.011962166860923551,0.0028141049207657254,0.0009337902986024105,-9.310274357710036e-05,0.002069254824981992,-0.001869331572198707,0.0010305205960838837,0.0017686561282763968,0.0029071700171916515,0.0004724582320193571,0.0002714792946121314,0.0015830296162177016,-0.0014026469553153897,0.0003955740906527172,-1.1704426401193402e-05,-0.0007250417682794627,-0.000141582921000305,0.0007018593855389055,0.0005489771046534309,-7.86683604340685e-07,-0.0006016008242750951,7.492596790292794e-05,0.00017171474857952118,-0.0005073381559864143,0,NO
41977191.59420282,-989946.423052175,673996.9740128916,270097.34788851097,55140.22396782582,-91407.47616875138,8682.27891849499,31443.600774072882,52382.737406849454,31939.70357563059,-31640.562276648256,-2726.8520018138224,-5629.265316265915,251.00763701575056,449.86594952012456,637.9466855920085,-430.0782653129613,303.8764477624352,495.1075514810507,208.92872241218447,-58.57877499394414,-36.093818062479016,97.6630628185444,-1.278922381682932,-5.828673963476156,2.670065874432453,12.19538297099109,-3.3271369478640054,19.72195480677405,-10.369607824997814,13.019423318652741,-11.252016675461391,1.1322571398543744,-1.6080943750652068,-12.6879363281475,-7.246208346249844,-5.512436084864646,-2.000618804888461,-1.2496153000253116,1.3891748227397898,-4.006612033747597,-0.6752623588220104,-0.3146196016747922,0.315175574648455,0.48720238499684143,0.0741914168668707,-0.0284731146417343,-0.057204956246270644,0.05669681235147195,0.04095323329987445,-0.10699489034855514,0.07205065876487593,-0.09057412520794017,0.11761051128274413,0.05276794036416632,-0.0379408264367011,0.0070483384370092494,-0.0780111419618712,-0.012269714075097138,-0.02198130333529935,0.008359892986357753,0.017391466003537914,-0.012737053950603872,-0.0034227478555388657,0.014439240416055377,-0.01281968045528692,0.011806237053960583,-0.016320432734884482,0.0018952833908565392,0.010186230133460483,-0.01120220530437821,-0.00908359707988593,0.0038643062118035587,0.002845357947543592,0.005779551558543483,-0.0028045085061778607,-0.0006462279879837496,0.0021399298919226872,0.0026541700381965683,0.001667013055870692,9.263303286777269e-05,-0.0030983752307622847,-0.0009156925233213542,-0.0014152188250508013,-0.0009735750649704222,0.0010238898735809299,0.0013274215091454433,0.0005788561632834588,-0.0003084595756464581,-0.00027513809262136313,-7.018803630409742e-05,-0.0002875371696113606,-0.0006198152564048653,-0.00019514768652473258,-0.0003550975899318798,0.0006810725101169136,-0.00040044252273065996,-0.00019713184477843093,0.0007182064520258602,-2.7014734498120863e-05,0,NO
109565190.52307981,604735.5523963519,119545.55909793754,13679.1463198876,203172.0209288224,83573.09844491338,158605.5012524407,-149532.94599791366,2393.831053559261,122.59980120830551,-17489.77435072234,5908.09680196282,-803.955692237003,1633.819398102588,-593.8027655155402,-113.07852767221857,693.6973050451655,-549.6106491246912,-477.8469937205249,-71.29521960316629,-127.18581105836188,103.74950748310042,59.32146186809189,-68.97835840688063,-75.87328979506067,58.93808060927745,20.849236562006467,-1.096932264129805,-0.8894171452700164,-4.974274798909647,-7.907445927870953,-7.903602211645534,5.560924992530261,1.568772926469478,-5.91170460691869,-4.993123946872615,-18.492952925336763,5.821457115945066,2.8391987668770753,-6.933962238277459,4.541859855821528,0.8706646825133078,0.6888331225126905,-0.07917457541746975,-0.34203533512620865,-0.3446687040731824,0.07630582306327582,-0.052525139385756425,-0.1978977877141812,0.013834178514793984,0.06961132576412599,0.09381586265238617,-0.04756394263353858,0.2339587532079921,0.11574884313307043,0.0006398474907524099,0.044663188186558234,-0.025354051286749613,0.025956371077695328,-0.012370107227861027,0.015866872996596282,-0.023921282301447633,0.005750522275015046,-0.019587936695587338,-0.008507373514275773,-0.002300573176109877,0.0012060569648855157,0.0060294853759027545,-0.008324758251222919,0.0018340139701658598,0.00808721329409623,-0.009108470002337388,-0.0006822048572319162,0.0007116643663214184,0.0006390342434150487,0.007558844392397734,-0.00890294957314297,0.008451017183237486,-0.0019550815578663894,0.0019045240026807075,-0.0035660604622688163,-0.0003280457742829146,-0.0023612206776530975,0.004384548248355935,0.0003357926593233751,-0.0016017764693554426,0.0009482241251863588,0.000428651894108234,-0.0010249675589348861,-0.0005569922386889914,0.00029439008349618767,0.00042518551005495293,9.185206950379499e-05,0.0003509849083548344,0.0006293611278727212,0.0006279380686688516,-0.0003065713220824721,-0.00011240517847421749,-0.00015182650395378916,-0.0007245956191289094,4,NO
28955088.412296474,-2229379.2420045575,74374.58941058547,197630.20628647174,-48733.71561994549,-170089.11804902245,80602.02954581042,28881.814235569647,42968.59364050196,542.858976753254,-9371.703134519867,8130.4821975225495,1665.3803118946635,2980.0040446392086,678.1917116466466,-27.234093230077633,-5.208494109916614,-334.2405392150988,-561.9029150653017,97.45157576689189,24.535286809460217,-112.11961125619712,-64.33223044774823,16.32370815508122,19.43440262181723,25.369787630426913,-28.08997853888536,-4.380687137014377,10.651019873863902,-13.507008777994159,3.2316599052123536,-7.452514449232353,10.86634062092071,-1.237744271112149,-5.735609524439809,6.243725147118155,-3.205017080040072,-3.126015764402325,1.0426343499084965,-4.49784906154072,2.6302133965894896,0.5695546508045055,2.249555596453746,0.3742119794000027,-0.5756475928026781,-0.11619958915732198,-0.27781936855776923,-0.07087869138955138,0.15717539436722383,0.04543569897398782,-0.04247163998075454,0.07504109969992978,-0.05557359755628877,-0.03486170171794867,0.08126499177660795,-0.021656151680639335,-0.016214111706692513,0.043968557939827235,0.019002863854774343,-0.039948436301258106,-0.015276221980528693,-0.0141298031480801,-0.0035090271412405727,-0.006104339241909784,0.006563303623248418,0.02234729375869282,0.0017089402070167292,-0.003459518581934329,0.004667045886341148,0.003729863805420508,-0.00037982589767415753,-0.0016460151926107613,0.005937967691569845,0.006261273373546317,-0.004844165520259347,0.004371696477326825,0.005242296335056018,-0.00024546430875282965,-0.0025048702107111076,0.0005575094646479428,0.0012666039462858603,-8.939831131171694e-05,0.004250771975418344,-0.0013933561424735175,0.0022295067657833734,-0.0006754062274704209,0.0006064980106674778,-0.0008441149798655845,0.0008359935363905224,0.001186106406007248,-0.0017633247219077663,0.0011205970506757146,0.00020839765003277666,0.001041779963087075,8.910587519271596e-05,-0.0003883995512595599,0.0014114153048456531,0.0002601805203192864,-0.0007346590249526774,-0.00032458514503092006,1,NO
22114566.718548357,1871856.815223006,-165596.33502441493,-38958.57028198111,60416.02155368976,-32552.3778609984,34547.97141285664,-26322.7121885491,96283.86626880069,4306.524363365479,-11488.024024214665,9656.5437021045,2852.917614104632,2701.7950327500807,510.212512124177,-250.54470151544865,362.29865322463814,-335.02387298912095,337.2518116142827,-16.161559333393257,111.77317026614038,-74.58772822860396,45.55621343428743,-58.63730914426782,-5.643666120832641,-2.9126576340851216,33.87298646151254,-9.782735797539488,-32.72832701690979,17.817255043513782,-26.297648253147685,-8.46056357031091,-25.95823376802437,-16.336534266074523,5.010140134711516,-15.153413453639203,1.0214395828862806,-6.255513830595305,-3.2573102710564967,0.438851082170558,-2.5214673825290674,0.17669622092054027,-0.58764897314731,-1.4412324683376427,-0.5760575974199114,0.24272509251912666,-0.14495393058681305,0.16339837603822982,-0.1029131139326882,0.03301602060403508,-0.25410495527294596,0.055809756982281744,-0.011289117669722515,-0.019804118677118288,-0.008087640234160975,-0.019967605251674403,-0.013204111585418232,-0.07689527656529505,-0.022081983995345222,-0.014184264560316961,-0.00475802600528441,-0.004547963646754027,0.003091604974359452,-0.02195377115604824,0.021884414671081043,0.010045751504819123,-0.008546671473881912,0.005742679716478516,-0.0005531908269150732,0.0012149164154116598,-0.011643039302815739,-0.007187148761780282,0.004296319841491147,0.0025525845936348324,0.0045126270699127335,0.007607629697643725,0.004476286137204077,0.000855039335462493,-0.002986200166823938,0.0010692705024510918,0.0003866449220844004,8.862941565213056e-05,0.0017801566844335426,-0.0013554415244285134,-0.0003448670952492794,0.00010213577552298236,-0.0002657403548802506,6.866682000372659e-05,4.4166048378757594e-05,-0.0008238414704939689,0.0006870833263497023,-0.00029941927159571075,0.0009575792978793185,-0.00063068480005668,-0.0015821465313536481,-0.0003161640218272421,-0.00011927172757288974,-0.0007918041135379639,-0.0002911407583890413,-1.3247517135550613e-05,4,NO
65017259.01461923,1212511.235976439,-106224.74354640697,141013.24037675845,-61764.82483352395,-74540.84216363744,88759.93619758784,39384.645616817405,36781.51139997761,-3197.5017900622097,-810.0007415062992,-1009.272143951137,1738.7357489724855,6017.720823248522,295.2117867148936,168.08178156842177,-85.91311584129107,58.75064030507821,623.2261466930404,-235.4922081628951,-99.95412471619579,-29.175789185509245,-93.5082594045669,-87.79638142756895,15.553217328116038,-19.373447835921638,-1.5767661046781996,-17.39191223471431,18.914341934650082,-19.5537324954349,8.019892043027681,-13.710864159755602,-6.863519550038461,3.3961258230745557,7.985118932842024,-8.786940307464363,10.063659213036019,-1.5071447393044082,2.792494395226015,-0.5884548288778859,1.0373897445118274,3.56093913585741,-0.7029664950075869,-1.0315599248700227,-0.362720299280916,-0.17948224722362127,0.09974608936058971,0.31891407367529734,-0.07245895217871556,-0.04114993691708978,0.0976626274275274,0.07420771334829679,-0.0928858316888439,0.010516011347590837,0.010968938430807373,0.08632643302191467,-0.043878849440342815,-0.003532318364641629,0.004386545158858723,-0.009169208445724664,-0.0020592506037027114,0.014598061017235153,-0.0028063740337345155,0.004148640787019708,-0.00342392865740182,0.012537097244081474,-0.007075423493274613,-0.002554865381957816,0.004051707140044214,0.002731229971905391,0.011961773360668393,0.0038423964790998966,0.005982656499049277,-0.003638989748376509,0.001954976162438893,-0.0037903792297675487,0.004872801259117043,-0.005108336494862531,-0.004461343532299544,-0.0005536973739312945,-0.0011019401033505183,0.0006491711711562598,0.0005955680419762466,0.002667891350761925,0.002283149820311081,-0.0004089230304532565,0.0010785543851157264,0.0019306393851787895,-0.00016318427668809976,-0.0011059800187895874,-0.0023048043691504816,-0.00018293772003777006,0.00014315927420038843,-0.00012207716288115122,-0.00014047241129536148,-0.0008571790050398934,-3.6694230455958446e-05,2.69520227356157e-05,0.0003411374718346738,0.00041888004079843055,0,NO
82533437.91376752,1290468.2740803114,459389.7661269485,-67645.08442921867,-80465.36587856396,-45745.66848685277,189722.11117847863,11637.386748573845,113174.41676112358,13405.985709331384,29027.43604049059,5022.566189330595,721.1716877598265,-4630.807934080902,685.7177367715321,244.02408559855894,-365.0900001318066,-686.4267302273369,-337.96041712369265,-266.01411938193553,38.54226524546581,-10.567041903579309,36.43458370063769,42.36904957477904,100.15731073558311,26.860578818848808,46.09660879834797,-35.12888366388256,-24.605742238584895,-8.718187600208182,-17.5071467602381,-7.640334979492991,3.303180515262767,-19.83546839640161,-6.095741844510034,-1.7666534186374463,-14.66799752867081,3.0251502013500158,-0.8301225942120141,-0.18364630427824125,1.136046934086984,1.6316978321307118,-0.5943127970989224,-0.6073448196350975,-0.17910218422320412,-0.17526967217529332,0.10531313972754486,-0.04051319132750386,0.030629155446092682,0.07226623029127502,-0.09007914181928278,0.011732838596704376,0.1069209281483694,0.04608756373556688,-0.060729892366973015,0.14357779573037954,-0.035522008241267944,0.006432964841101452,-0.029721664967141237,0.0265296177385137,0.008343467144082073,-0.0049795488437318625,-0.0033020144168867116,0.00135846677545981,-0.00271054881415167,-0.012554512056720313,-0.012073529373589187,0.0014083157702888816,-0.0035012978030326547,0.012134533449215112,0.004073630993823518,0.00790004211374118,0.007364883663465882,-0.006841125444286167,0.0034917575548105706,0.00198367840940894,0.0015211226242670683,-0.000536081324131743,-0.0028186786267530017,-0.0018299054668446946,0.0015030368454019838,2.8095675178141377e-05,-0.000850002611317846,-0.0014762349393394603,0.0010640356673049522,-0.0002772907869820207,0.00013980615042386013,0.00010560492932110144,-0.00040672889032755677,-0.0011693748280554583,-0.0005072529767005118,-0.0006120978735510221,0.00021200862207415572,6.925821053838099e-05,0.0008232266338582261,-1.1221345456063556e-05,-7.047295351794193e-05,-1.3033260245043365e-05,0.00030967766413309006,0.0003236504133694029,4,NO
-20343716.821436226,-236617.17368372343,167945.51376643416,-103131.64951840433,-259684.09453270567,-48910.532651755304,-28345.60911035027,22816.326022023277,-53099.371095655544,-12160.624725772635,790.2549717578004,-10495.54712571857,-6061.557429396238,831.723219582915,-700.1404768862649,-200.37766267337497,392.5705370727826,59.48342197819579,-17.27372164922616,195.73025196655192,127.6408999910962,-170.79149553307474,-56.108735897388385,59.075683651815055,-50.41825339337469,13.343164786288412,35.4042077701788,-3.241255337297332,0.6291335362984398,-2.433298205377895,6.671690725268064,7.843510762548476,7.18971626285861,0.8156679156238056,-1.799209643717802,-3.2468105196107615,3.1633688348723084,-11.46759221326937,0.5552162304459785,0.9779014712382974,2.3892744587003207,2.2672749590996517,-1.0821150666451729,1.2648704573954115,-0.15177403971315329,0.3688658920691559,0.18216181982807456,0.06555195594535812,0.2006100347722679,0.11226588109610429,-0.18747038579661268,0.02102863163047175,0.09328194654598221,-0.03061271148704936,-0.09769036169141332,0.06508783096666726,0.01859678100014106,0.005279007808482561,0.04059104685379422,0.004811190109001551,0.006648802592577052,0.012162482205592795,-0.008823652783673142,-0.0032993299565022838,0.00828521822626116,0.009189267011681101,-0.021536759225602803,-0.000892939836575124,0.001909995934930575,-0.008513096286645205,-0.0086214548404826,-0.010209327735057894,-0.006608562346187341,0.005709850158466145,0.012316347848949638,-0.002631980381247123,0.005208772496575698,0.004511898843315265,-0.006558870129566685,0.0020394725258525703,0.002827785599230359,0.000624390094646321,-0.003668418206175472,-0.0012342567035432406,-0.00125527323301311,-0.0009969194009715743,-0.0030026460991412485,0.0009240973686804876,-0.0006051211075299712,0.0008859917260433114,-0.0006372069880582476,-0.0003403320387676224,0.00012348830103836583,-0.00024941923037069547,0.00046090300122525463,0.0014224995362966744,-0.0005178727502541895,0.0007878746782685742,0.0006612264387266253,-0.00048032132006420314,0,NO
66981744.17119843,654072.8645936283,-200075.8126398673,-20053.27607093798,-324569.8824043477,-1105.9644967073982,-27241.850572409603,-106539.92273434179,-277.86991114896955,-14007.567338014807,-20474.110970538393,-16762.5495794476,-1584.314828525141,8644.513536050476,232.83046674043362,-70.12499502385708,-80.07598486713982,-442.1877442192226,-284.14897727266197,-100.98001942840449,354.9514660933445,122.37185948925273,-8.401037474239615,-76.46953220478704,-10.53260554390314,80.58993633619855,-18.547769329779157,-41.07746654136582,11.103228314070947,-11.92464917755602,16.715420227738576,2.340992143059907,-18.904225464143025,-0.9599891572196384,10.077423519434934,-2.264061100361289,7.906638612809722,-6.733076828856497,0.7552730252184574,4.839485753161455,0.7123001695344371,2.8732064018780505,0.4054684577282188,-0.17716606010366842,0.28192765989955504,-0.0784941588907131,0.5703798698070761,0.19476823819798206,0.2576867140719701,0.052991571698449494,0.24875182740900392,-0.049126476354849125,0.27485258203934393,0.09825583041728181,0.12696289243236158,-0.10795129744807319,0.003251121097636034,-0.016062977963497538,-0.013215954455070289,-0.007326785796767155,0.027911198189426223,-0.006894894073797175,0.004027359390714302,-0.00966808213159176,0.004417391975380713,-0.001234376192557729,0.0023637864935170116,0.002671082587529572,-0.003056478510359839,-0.010122163065645284,-0.001442303895703878,0.0016424466411280036,-0.000995669438681901,0.0006949711988605278,-3.3254107709934644e-05,0.003476018152375193,-0.005190086235282498,-0.009843300820758127,0.0030186029133911774,0.006180467817464841,-0.0006627067823492538,-0.0023674679664831277,-0.000857544021667378,-0.0006216739888003919,0.002459047584202456,0.0002735625626049121,-0.0010921062855138164,0.0017601337656875105,0.0005588152864194895,-0.0012433411926437987,0.0003417077429204163,0.0015219999285268305,-0.001501622905226374,-2.5349946998209916e-05,0.0002085218143628581,-0.0006178551396948985,-0.0006834766816790298,-0.00029862759679599726,-0.0002746918165062451,-0.00038287467634107175,0,NO
65973466.30768752,2950668.8907783334,14432.369249001262,-70635.7455419054,34786.80852867183,-175526.25912823918,-185627.15815596745,66765.827487126,18654.527293041698,1959.324335908139,-8771.213564700654,10518.042514986038,-10246.631178068,2957.9202467340638,754.3081386685135,148.10549216853542,87.00812933170937,-479.7489793772444,588.3028958271186,-5.782889126217924,-166.38191249570133,49.37229018179869,3.011927418863621,10.419131485305428,-25.67858959943597,33.19988106670712,-34.81223731852231,30.88663281579136,6.373577530668086,-36.795336991970274,16.223371233204233,29.49831036341004,-4.059061823036274,12.522243579061978,3.6809825741937807,-9.165125493559131,10.198824566849787,-4.0691836411312465,-8.42948119044354,4.560480018686832,-1.852672230348908,1.4880690778688006,0.24893045389249835,-0.6294926405053101,0.45633487165710207,-0.30160129972183114,-0.03695547277109945,-0.1198718684752591,0.3391620972758558,0.07954986961149958,-0.030392733586114495,-0.20573491908364883,0.02349041604262414,-0.031007075346276558,0.039599142834157774,0.00955497461714494,0.04811215646504019,-0.008327231124179768,-0.019187498030695638,0.016100516030054912,-0.03070128865083621,0.0016817039414238621,-0.0050939390853368405,0.018892810276459393,-0.021899243116568767,0.01183060878673503,-0.0077152322819306896,0.0027899904094589867,-0.00033766193303419456,0.006478040536517182,-0.004677197280544498,0.00480252923419755,-0.0016774569915432025,-0.0004563509752039119,-0.006160364500636062,0.006694100795722413,-0.0027096801717023666,-0.00547736394142273,-0.003324495168461894,-0.0008781726063127326,0.001939395978810321,-0.002058260982601201,-0.00010148224884232171,0.002101531887286956,-0.000866804065160709,-0.0012861718969127134,-0.0008272696155067205,0.0024575047153881924,0.00022431737517497607,0.000840024158091035,0.0009919558912934168,-0.0014075170540450823,0.00016648649379513714,0.0016212243792150804,-0.00035873921634040074,-0.0011900048075394725,1.620818134948597e-05,0.0005918977649834734,0.0005883231443710168,-0.00040050205658453963,4,NO
-2249152.5637779236,-127186.23339543771,60435.96610888862,229501.960725813,-75833.36776826682,9281.197531562473,-32919.64912853976,31350.038305821887,-36705.569955868035,319.7059111464041,-11450.396833412346,-5005.669394829107,1055.105435810765,-708.151030235656,970.1517883474335,50.10524247843432,-166.3005597029744,145.86141016426615,268.3113510637256,146.60608247884647,68.04703651827185,-51.53992350835972,94.58400141987181,27.534228714006844,41.03731977583557,-17.762546512380027,-20.45090686637792,-3.456448825111579,-13.118600177834253,0.02913875572028246,-30.62170828253474,12.973785767466097,-10.367829616334348,2.698357141207339,-7.243490000310224,4.680402238824001,2.703521604050483,-10.735751885946343,-1.6638006322024808,-4.381571747707483,-0.3305375671354014,-3.6765690015151833,-0.2673021192607479,-0.17144305432092377,0.2722246012304623,-0.359063570843567,0.2943723450020128,0.16744384455106331,0.08424232222385042,-0.007081946791807851,-0.05879609155168719,0.0760347451134673,-0.16367027657225464,-0.0895095163527666,0.017819046576660558,0.060876172529942374,-0.04196872293578746,-0.00849123552614639,0.02365744505509082,0.007095399118216328,-0.033769610977988584,-0.007259765199082224,-0.0005283114753477092,0.00032807217548924683,-0.023978880345648212,-0.018799898163410766,-0.002833789622501831,-0.007979326235178219,0.014641816481828052,-0.009046157070492278,0.006010923426092996,-0.009883062913653262,-0.00039914986412714626,0.007007723549950828,-0.003896546121006761,-0.003488217117985304,-0.004433199348271799,5.5441811549261644e-05,-0.006538884273242562,-0.002714486350213541,0.001126341582374235,-0.0008750740767844434,0.003126428959305372,0.00013001366120252156,-0.003235641127926625,-0.0009243118016928342,0.0015196311125831308,0.00166734292920101,0.0002752195893437892,0.001592237967528165,0.0016040068243321493,0.0008221045394710847,-0.0008987229962504895,0.0005117447726247226,-0.0007262126272082198,-0.0003435318982029801,-0.0007647591069657404,-0.000453110611365215,0.0002694173817047729,0.00022769514440684757,4,NO
-29947080.298988342,-609148.1783651756,26061.26974104985,-310505.2304542586,-204830.33134423709,-103258.34895973989,-14656.599936472274,18975.747872859574,-41691.17623460572,-25618.27800402643,-10894.152570355931,3637.1116374981066,-3813.9641445247034,1865.712157438912,-425.28017448563696,-283.4758752468035,89.0622726844507,-144.69691147179208,-414.31469400124263,108.33473019124926,-1.3535321477779974,-3.6643738386671885,-25.829572166122972,-54.92834776613252,58.56755145186497,-21.270255894666434,-8.042386019568653,-10.748341144590484,10.281698829222819,-22.595634143343204,-1.263215254216675,13.758496688475134,1.426510468448015,11.5037550261776,10.41526255369364,1.1104225598381845,2.16572398151461,10.682540087581003,1.1095613639337216,1.9120267322042253,-4.265674318785976,1.0851324510351645,-0.4988590719566588,0.5266275432550476,-0.2866761094708714,-0.23916185969954284,0.25251046021809387,0.16383696996124097,-0.46587044716842474,-0.11769330093574704,-0.02409139492997081,-0.16749609956797018,0.0983033667980644,0.12693248980352334,-7.380059430728281e-05,-0.022964023934059163,-0.019685980098802514,-0.04021648024807378,0.009455610016874783,0.031274440038712825,-0.045920827329043234,0.011211995957411958,-0.0002933596578045261,-0.014031452283205681,0.0036866851521677457,0.0020392333597925028,0.011511634656996256,-0.01031652737969152,-0.004174085492078983,0.0007230445341363523,0.015503143859686763,0.00016387117935545703,-0.0029246335639401266,-0.006697575821601465,0.007282659732308572,0.0046287314099904275,0.002584463851263097,0.003191324094626413,-0.006134749430734221,-0.005545667463690451,-0.0033337815128655635,-0.0036923012347578332,-0.0008862446466997298,-0.0029575123451409113,0.0010708963522524373,0.00021842161540108762,0.00027169888910250073,-0.000804608504438642,6.312863521357182e-05,0.0001579896957102367,-0.0006114527505767242,0.00028835997483654154,-0.0002774578350110968,-0.00035049767677486354,-0.0004534148527270271,-3.078546907881764e-05,-0.0006007346838117437,0.00017445151179384943,0.0008759180548995604,0.00045057556032562784,0,NO
36707624.00958252,427023.5108630755,-6562.632760206587,-209693.92733163486,476400.0550022784,29506.863592885173,-37102.694875613925,60.59401459930814,22534.307890226424,-21905.898883563288,-19780.09888171288,-28463.96334239433,1103.3656169355927,-5364.415093806232,869.2862886387666,355.673227560752,-715.4243529170219,209.10558120074586,155.09167895776008,81.13157574695879,151.70935691791513,-9.459597990719402,9.122190023682776,14.590042324419457,-20.579283554826077,13.805461187416768,-8.177287844068474,17.42414161059611,-16.099482398451897,5.039966852598525,4.956926703023186,5.386495311878434,4.97790359425025,-7.299762618618047,-2.99788016065477,-0.3983440498626152,0.0020517094722372065,13.168996666658757,1.1425584401393962,1.6854755065611187,0.261677473199029,0.5007360924142219,-0.9595271608717724,0.1612040020010843,0.24368907901142123,-0.1842722486512045,0.14879105074190768,-0.019817491759010597,-0.05136150531937522,0.034148893839891115,-0.08742072611994622,-0.06140324924098328,0.15262457165753762,0.054609696740601565,0.09263524926032485,-0.013207604841435794,-0.03400132487115215,0.014646520792534368,0.022580184608700593,-0.0009729482478268991,0.002232784156995571,0.007113394934160411,0.001033597646567297,0.014035691603234035,0.007442107622034566,0.004519917645249283,-0.0013617252372208066,0.0010742191461144968,0.008095652532985276,-0.0026834922668771966,0.001485023099131011,-0.005273760359271851,-0.0004592829219225436,-0.0005604256001406904,0.002098167122976502,-0.005501828928175412,0.0028752768718269817,0.002313388076854217,0.00024411328714579739,-0.002592145355721609,0.001777410249766076,-0.00027846314999102617,-0.00013954661466830665,-0.00012189644495155805,0.001219789912656033,-0.0006931772280454052,0.0007899893837035599,0.00012137692163916025,-0.0003825619371221056,2.75471873310007e-05,-0.00015831355362228017,0.0004424420822877655,-0.00041451811208370604,-0.0004443107849224637,0.0004674175102698519,-0.0006854508145688089,0.00044036464028704946,3.782787717110381e-05,0.0001770511933966712,0.00019646109405807577,2,NO
68836382.8547576,-413989.9409956527,16830.663205149816,88049.07007057621,-201734.04455115047,-30795.77776364921,99628.79989316271,-33756.91657918948,28411.65297045413,-7481.917771354823,6242.427001377362,-10667.763600374747,3767.365014477493,-2429.545565191875,186.6122711351909,-496.4572099996476,538.6131329093176,202.68673211007598,292.1778019568924,117.10792251603505,-120.44343028405484,-30.798179093367338,42.45539361241214,-87.00874437205829,18.376085106178554,1.6402674090018081,69.00466997821411,-7.319973515216304,7.38559654799198,-14.75966411417582,26.37125854066963,-3.363881853470957,8.037958566953648,4.721598284562333,-1.4146942222485848,-15.279400611914355,-8.544169084346215,-4.014443802335393,-1.6251562475094943,1.5995482449519045,-3.6658830005675256,-0.5496624394378316,-0.03732918300396193,0.05012905971670989,-0.5019349396728217,-0.3008455845056588,0.09967354867887579,0.027103386424853326,-0.28379667344609594,-0.18848499847008274,-0.11407223007874201,0.04208608715811746,0.10786100207319826,-0.058862366541407196,-0.007155747066039275,-0.0456962076283875,-0.020568847123411338,-0.016634183144287107,0.01151731241864784,-0.05119162347989992,-0.007947286563648959,0.015077553468994864,0.021193413593657784,0.03196654127831966,0.007296450306486957,-0.0016269930421708434,0.0006735444961990245,0.0029830811860481754,-0.008353236299358135,0.0006977042379947007,0.010056983297411781,-0.0062209938790926955,-0.013459301639201726,0.0013859291709494848,-0.0004547109547718975,-0.004290823028805013,-0.001679743140401202,-0.0007407355959814232,-0.0040850516499975065,-0.001720211601622168,0.0016798606403284344,0.0004090016675362129,-0.003186939081341933,0.000687022203644444,-0.0007960376163088645,0.0006344452591665606,0.0005157797095927119,-0.0009218066302576489,0.0006104022957608146,-0.0016398005723514686,0.000501353442172281,-0.001458783996445486,-0.001243962800913323,-0.00039386076868697106,-0.0016502209350696267,0.00018888663045577014,0.00018992802519333073,-0.0005167372595147324,-0.00010530490472132614,-0.00044793719608798854,0,NO
73394177.45127267,1755412.0586694065,151572.79250183236,74.83313092571916,438521.6628380623,88558.25161216552,-45272.926142021424,10394.983162347242,-91314.92090048437,3038.0117773433913,-22861.72271149556,6450.315882972929,-2902.0974066715316,-2153.090437110881,1577.7472875390122,262.58915266131453,714.4635413438775,-419.1236413048242,-52.56694299398204,43.56277037362861,-19.118273982663055,6.350633343492035,-96.78395669604669,-72.11551903913802,16.370160077395465,3.042651064541701,-22.947877920471115,-11.922033200112764,7.372617203673457,-22.07280142963134,-18.234507926903007,47.45869590305256,-5.732014402207312,13.371278863740542,7.523405798012771,2.671375523360382,10.604312023987582,0.9824859156119032,-3.923159488096644,3.606836471266618,2.9614896193597247,3.066078239641797,-0.22215362773147262,-0.5427644260155726,0.23231126330558283,-0.1684820902014863,-0.1696021153252225,-0.17493958012358757,0.13554602555374684,0.1634579929512951,-0.014288671205093806,-0.0998397408507743,-0.10819137855099292,-0.04878410051822213,-0.013712638734812987,0.02845559342252757,0.031080460930671183,0.00541351420158076,0.03503368386012107,0.018324061959266835,-0.011411593522073549,-0.009028456439843069,0.014334986736620037,-0.020585179309050794,0.011360604172049982,-0.0004059827739131272,0.002410247909325397,-0.011901225897640366,0.009101961675704096,0.006908994746826935,0.0006006420233695131,0.0002527611310045863,0.004288286705492972,0.008225533114641359,0.00011440610833557407,0.0010750625114985812,-0.0013711957007400688,-0.0017781175499509416,-0.007509791505849517,0.0011436801249500306,-0.0011133929976867574,-0.0011200421407699945,-0.0020210428631939337,-0.00025680914835177204,-0.002299029690373544,0.0003519676139066563,0.0004650296644423957,-0.0005106625677082643,0.0008561445393246991,-0.0006510577837965936,-0.0010904845582944134,-0.0004930982281072544,0.0009224913067015228,0.0003162999970456326,0.00046592572878602356,-0.0004403334968835111,0.000743826616397247,0.0002415469761960498,0.0004775272059688862,0.00016398270063627818,4,NO
-30179967.860033095,-1426610.2866976066,-126099.62593440886,358665.71064491937,78975.62071842657,214446.32564969064,-19270.480360676214,22997.735372432566,55098.06626879028,14077.981959104724,-15201.946040518775,-7688.299017278303,1583.8566054370858,-1729.026369313984,-1191.4814549387138,139.42790200105378,-525.9408526793857,39.713652088187246,-152.68448001417218,188.70652284610787,-70.39145529064047,-56.892377253611414,-58.40653370506601,21.549091410203303,4.981078923376302,10.81468370006155,-22.874421437129172,-13.49741593598361,13.48419713092116,26.33224910905936,16.48499318025148,3.7000569322160572,14.612109371604532,3.5138289392222646,-12.725986517656263,-10.128049432253619,1.4230245800125054,-0.4921553418517419,-4.92025236433625,3.2307400111407105,-1.7006947078552166,7.029595614862913,-1.9821428867771544,-0.7753438268639448,-0.7427726902733731,0.2989414316978305,0.08289935897865597,-0.08108519506013456,0.07679637788508575,0.09004373363619564,0.39149212394060395,0.0762601443027302,-0.09317408543325634,-0.12316356473096812,-0.06000305039968845,-0.0064450316955352305,0.013666271884507974,-0.0068572710026804096,-0.015418583595411484,-0.05650405512043477,0.00585914443859803,0.027484213806980407,-0.0045359094620898155,0.004718989101660576,-0.013808453512936802,-0.018047307740219898,-0.0017461451936147954,-0.0035865491163573626,-0.007967242000744279,-0.010045614263222147,-0.0029705628971932185,-0.004870293842706541,0.004472658912191285,-0.007518675538294328,-0.00543347178980591,0.00013486014281838266,-0.006846684986698159,0.0019980962576311434,0.001014760424150385,-0.0014283269764925333,-0.0010308143044321927,0.0037804232254874393,0.0060200795055394,-0.0006879898679879592,0.0008545462976141671,0.0005999505323608378,0.0013620786333248258,0.0009500183420044772,0.0011725748955839776,0.0008848776419325688,0.0019391620208359939,0.002865548698812494,-9.378786277158824e-05,0.001301777364516421,-0.000761654646898452,0.0004232926503405562,0.000344762026563283,0.000692821685827516,0.0002059568926952582,-0.0004391305407558943,1,NO
123230099.83342987,-3207675.5908574807,258190.55234257865,428678.45856285555,-48496.25315303833,-202004.15015362937,33280.592250912305,-30759.09919709107,44394.340512774186,-18222.40722670094,8356.973747474094,10129.108425021506,7488.449841765789,-3247.4612358553923,-268.1881430039193,-523.8233437160648,1221.34492997152,164.70626236542705,151.2489062700694,-221.24089222730936,76.12568037383934,65.1887985059144,-109.57640940769014,131.97041224653697,-17.285725456070185,-54.33825271009789,11.352499964371418,10.946782518831014,22.67747996958923,14.479174362412621,-24.8594960701314,39.51662131109822,-3.266245534915214,-7.381464347034523,-11.951201677198862,-11.647977776467513,-12.782735992095898,0.5221791305982038,-3.7315832203117907,-4.9171269774714546,-8.42028134982246,-1.5505566758875986,-1.1465399318291247,0.05135508962532587,-0.4703436785849533,-0.1537029583998617,-0.07749007911740069,-0.19940987095117846,0.015397999841166854,0.11537382090934346,-0.15353400390804506,-0.07426635524016367,-0.030901233416355645,-0.03573276847089546,0.017512365700013355,0.03551090424344816,0.05457042317761163,0.01575729206598142,0.02325412528727555,0.0009389395093544195,0.018614362936979933,-0.0031240532947869326,0.016095737070624727,0.010856960911500124,-0.023006326035389657,0.002480587627691655,-0.0055137543978421855,0.0015107432962929712,0.0029217461181445525,0.003758229221048237,0.0019014413357894,0.003238518134083712,0.004292930578005283,-0.0003199820520043417,0.002134604509608007,-0.0036773768140430096,-0.008860408016694521,0.0033460875100703724,0.0036900398245656163,-0.0027637956481190162,-0.004698177394774072,-0.0028595630122054683,0.0010276945234990453,-0.002854536796895679,0.0002277370474593754,-0.001433593899546115,0.0005219786572754348,0.0018286659075981149,-0.0013217297791489058,0.0009942591301077552,-0.0018893926924246074,-0.0019066006448836244,0.0012320516176139718,0.0010506303968198516,0.00044181096738575565,-0.0004305183364196538,0.0004756769874158847,-0.00034977566539295957,0.00027249469036733087,0.0002565490739653842,4,NO
-55049510.0881322,1180402.9422153053,-27291.223815333447,19626.31938932056,-184063.42051879532,-76306.53471253846,54047.507582553226,-14920.431680947186,-23419.484523249674,-27530.16969416277,-25498.255187800278,-4827.323625204313,2472.4212559581756,-6494.70759973529,248.71942637762913,-900.5492314096978,-122.78753482978698,10.62664768290773,-97.0912023842852,-56.1932905314942,38.786472345432514,-57.357742165490095,-34.04110546146225,35.36552336677775,-48.12399242470847,21.531413047167803,-26.29421710168168,-2.463862759860774,-10.374118951421536,-20.45084244590491,-15.644934546073273,2.32467721153364,-4.8939825304885005,15.145809540882226,-7.144169605827681,16.777223248766845,-2.6776628730375727,-4.804267736249528,0.0501421836947884,-6.750440023749647,3.1255670983596318,4.813536701009269,-1.296705015895384,-0.5696743078825728,-0.21863458146295756,0.07571951122287501,0.08632143455980312,-0.012147593777092958,0.1010270280180583,0.31848630051417126,0.00579175538696397,-0.08945704847701874,-0.12515167893515056,-0.011307591497553338,0.0031262965889267136,-0.09580574301610056,-0.017147512311233015,-0.03402143758940657,-0.006904726295452468,-0.04297825842358716,-0.01705147261284079,0.04431438679026023,-0.003910758857193608,-0.0040080079315130135,0.00828538621628816,0.005550748100632719,0.005681277969044052,-0.0011956336332128448,-0.007718444037426164,-0.005178875067636868,-0.0048015028709609275,-0.0019584038919466806,0.007942259354321912,0.004136522451982039,0.0016095133114644167,0.010136064976614234,0.0030925634074896458,-0.0004289205102514515,-0.0009237569419382474,0.001982387955017151,0.00507250676015214,-0.0007338376142294045,0.0008342284437810044,-0.002139875632323124,0.000951916578112999,0.004114247187022135,-0.0020541249651664373,-0.0027249218869870306,0.000994996439613427,-0.001173083298050992,-0.001974971519108193,-0.00013673137627022696,-0.0015348551264604549,0.00015585639156123765,-0.0006690099512449005,0.00031829029398595075,-0.0011361076346685598,0.00019178883300186023,0.0007349637286219735,-8.399205387804587e-05,1,NO
-18973135.182023406,1349726.7384562483,618478.5076405874,-244413.06897111997,-99111.21157600399,-133629.16255495284,105806.21561255405,-45718.221091787454,47382.49535679957,15389.135227782886,969.7987562660219,10043.71551649124,-3507.8771794687527,-4583.589542958281,-653.6002384212334,-225.80871174105096,4.202285371669518,138.87241796780052,502.7786916589723,160.9493282938322,-103.28064762974077,8.050818313509211,28.022351025837622,6.595473768897577,-47.31665842284061,12.499496978613365,7.64570789252798,-14.043407572226215,8.20706510728786,14.99842923450349,38.787784919623306,-0.043285156514684786,-11.683092707504244,0.7725821017028238,15.488628801966524,1.7649468663884988,4.954396131693727,-6.875215978459664,8.892225081029721,4.940679666552398,3.004459513980784,3.1057081680047105,0.2543449460269187,2.075568439445539,-0.8166327311983927,0.1778700116749654,0.17207198028312032,-0.21643634466868678,-0.32028954154213896,-0.10464855662342876,-0.04832104429599049,-0.04246152829245764,-0.0009739193365501109,-0.06268291750896471,-0.03845050087182278,0.006227083456786353,0.009273111569676917,0.034638427317490894,-0.010151120841968675,0.00889199295548071,0.012374288457619453,-0.00449344207516944,-0.014850530914309212,-0.007254773849629359,-0.011393454095983024,0.004162890170137601,-0.017977914276532503,-0.024752445895241393,-0.006744508946257444,-0.0019441804646075367,-0.0060022619458171,-0.004229989366881348,0.0004742953276481998,-0.00011912282567017041,-0.0032889495801191604,0.0046239733560413665,-0.0005615126783837798,0.004600007843494236,-0.0025819063116752083,-0.0061829588978337124,-0.005226273883558563,0.001582265197935362,0.0006771153670996899,-0.004652251979185562,-0.0007789531513588965,-0.0027792317788497556,0.001820672796553957,0.0005209123686882311,0.0008254418669981223,0.0011235698819602735,-0.0003680593832073864,-0.0021470690631855997,0.00026309443298888624,-0.0002914646608810356,-0.0003871630186946251,-0.00138821190766753,-0.00013899325880741865,-0.0004393132931055366,1.6488643775847134e-05,0.0005899279536062951,4,NO
75802645.45465994,2907972.341601276,-467931.5023355383,439419.5669919864,-152244.92351074872,-47497.77399551436,-56041.98410500264,55903.85129971418,12235.911189256352,-10900.268517317978,10058.976207850217,-10034.340793643933,6417.939803095684,-2743.3405104187473,-224.84744226835573,-928.18681805095,181.1223924092833,628.9981841736675,-158.3642325653116,67.35292173016069,-106.5228014088442,65.33341990602173,-24.469263572495976,-32.993212116598905,-9.478692516090751,-2.918587063103814,-14.700510769004381,-14.18995960894523,6.95118156499106,-8.929897433633158,-4.188378022790744,-6.9189332788083675,-5.063742801626688,1.0462700201852044,-2.5630338774472925,6.422851910964951,1.6246080106430192,3.982196304455499,3.0910008741569186,2.166912806397093,0.7254216297178786,-0.8491632033864747,0.05621084632304019,0.21515682618190146,-0.1254068940284867,0.04114943578954211,0.034072638274976086,0.023663441981612188,-0.012277324539298196,0.14282199320216818,-0.023042991524699907,-0.1039487470326792,0.017575472780890777,0.022090969742836863,0.03932224722957933,0.0043915655358339745,0.014998677912748448,0.010773668947157145,-0.005939908886205103,0.007303136282366118,-0.0003861780184726271,0.0023415920037059834,0.008668596233192605,-0.00017503012993191902,-0.0009045647784848843,-0.0031591785812290496,0.0006094610206945628,0.0031536090409438056,-0.01134484900739463,-0.0014690737773178086,0.0014262980545406423,0.0032086632276771,-0.0010063245791620545,-0.0021215898520765553,-0.0029346424138609883,-0.0006897194703019416,-0.00027107196464770666,0.0012415314729326,-0.0015121661591770419,-0.0001519535823977236,-0.003230262537459838,0.0015628968728658155,-0.0011440733136334202,-0.00010693512973000696,0.0005902120186305204,-0.0004052633370247305,7.657873634037138e-05,-0.0002499799229880306,0.0003476710015528073,1.8772492292207232e-05,0.00018732307964874906,-0.0007002951975042457,0.00010085179496854835,0.00015767304838221197,2.5688262197953726e-07,0.0007029268446425273,0.0002302216406022458,0.00021890780457423098,-6.780686238078149e-05,-1.6225648083623145e-05,2,NO
-155631865.76844528,222638.01818052633,112117.77271912678,14635.867456195527,70588.08952633291,10213.509898227581,13433.089281594519,3787.270660175098,20866.43424687488,10262.159197459692,-9956.426290766969,13976.501009354099,4108.892615184335,-758.5027566912199,1216.8952156000505,-192.79751950139507,484.4544811202383,92.42251903823927,97.80310213807408,-93.13833142453325,-78.64911784607654,-8.397226568531948,20.045587593433595,-9.541793555558542,2.7848723439870966,55.608008087842904,9.384541388259208,8.939261183008,8.746842480949141,2.3061299988886077,5.137257022562011,31.047838232960203,-10.619463768531233,-1.3982721071429296,-0.5580251011894859,-2.348042801049857,-9.95699793921495,-6.735586713732459,7.645960375944071,-2.100169095410095,2.563512600071121,0.015555645844031574,1.364488297953784,-0.017422166734918587,0.7751056931469407,-0.06720568909041447,0.020611153046786512,0.6641475368601499,-0.024080566550240157,0.054685589424571066,0.32032131256236784,0.14643548219669977,-0.0957735976566898,-0.2712007636895932,0.043343730957747795,-0.07974574699738779,-0.06640920076991996,0.022248771490734676,-0.11947332323774185,-0.003925957483320808,-0.000289626061036774,-0.013040317758056474,-0.0043755768781881255,0.011468629934140218,0.013363054319182055,0.0121670134440095,0.006878421374065191,-0.012718552436143227,-0.011401927651136678,0.003530356013767666,-0.0026999793371059733,-0.008053163612497194,-0.016751416068739644,-0.0073157537476206125,0.0006304342997904833,-0.001133975648704988,-0.0057353914251081495,0.006576764853097661,-0.0018426776246545096,-0.00392237099189785,-0.0028128668436723236,-0.0020306366503479722,-0.0009434706666950898,0.001765901439969353,0.003736555817440035,8.629776047952564e-05,-0.003162220495415813,0.0018601320424337375,0.004567537473378291,0.0006747073260440217,-0.0024113281150524024,0.0005111628851001164,-0.0007408891179968569,0.000499061948865398,0.00013821647477522958,-0.0006652476745206727,-0.000474716917449847,0.0008001963465530393,-0.00019043551440672823,0.0010310304089419797,1,NO
-150776169.9434782,463822.8617931665,85955.99048621231,-40155.33079035347,-90376.65829784103,-8223.132601815232,6995.326861416259,-45378.53606393941,-131803.01747157297,-4518.933477575147,20427.163747685336,12298.783686564719,2822.5560457993124,28.112732529655204,2027.2528024128433,-203.0253733033744,413.92907321512223,-18.63401465733216,-116.09167810831678,20.877999789896762,102.57049017253557,-11.600163445036202,-148.52805888427014,61.416777262059426,-79.97809572757501,29.866984832442768,106.91219175174336,17.902803950447208,15.688801254114395,-6.671423144963953,-3.655327586883857,19.154618899663546,13.014884532493369,-19.964134991296078,15.22580458112299,-1.7671282343493004,-10.33263907232292,7.071002521384514,19.097264355490495,3.3560938227885657,7.461876058145201,-2.7423629995200614,-1.914343180466446,0.782149592917893,0.13609867890569305,-0.637872015749668,-0.11220735279278582,0.46324345722576243,0.1113310545424584,-0.09097008058546412,0.4256732490974713,0.12121865228857454,-0.13938467915159514,-0.005706174136333564,0.045277851627584464,-0.05547717442075234,0.025951689162090563,0.009329113504314979,-0.0020776349702629204,-0.01699824325704835,-0.02694745785387198,0.0073573893396758905,-0.010774350031043323,-0.005365673964045747,0.02958531762641936,0.008987670448304064,-0.006137587328868599,0.01794261763227628,-0.010113677954990075,-0.0016916438160195502,0.0032209413389816532,0.006857188153989391,-0.003698450572419354,0.006853786197598355,-0.004354797862412996,0.002371019740024405,-0.001862015855374155,-0.0060493287431748755,0.0026416419743413577,-0.0016901287871597948,0.0022397877431836744,0.0010518060346667024,-0.004460789987224434,0.001526404928387598,-0.0005043584700809012,0.006354065808628517,0.0064701511504332565,0.001268054610206959,0.00041249376286883743,0.002773750837701261,0.0026934503536171217,0.0003138139668486138,0.001561976644415819,0.0008119298702028432,0.001615575982293907,-0.0008295551875035882,0.001440066406550677,-0.00027358935913424087,0.0006049592180616403,0.00013259990194319782,4,NO
-8638458.886201918,-1146911.024980764,51439.532949155895,-747.1195138369221,345528.3591362921,-197859.68997465447,-77784.26085767415,-25502.422613772505,-7532.99966156279,-4512.430807045288,-4480.12716491635,-24375.91692970546,-3501.4145933061045,4872.245052283774,-282.70532342730803,107.13887502571856,-125.07775788445451,-209.64202554787053,-410.8494909498446,34.485842365324515,-42.65629651357017,27.264311911122064,-67.82564265541018,-0.26210819955818465,1.9501422613570014,-0.9260197983583112,18.547309798691686,-20.20860492374294,-2.336623221045471,29.132576909725955,3.5839722741252444,-5.81524174147296,5.303393673527239,7.965202772831049,-1.2594061436750366,8.92803795582148,13.276898103733892,-2.5768374235077545,-6.488348288768805,-4.119503680317678,-0.7292902317390926,-4.759827724742713,-0.6344220297128658,-0.27150693259374714,-0.20185432787802426,0.30579910555042034,-0.29304508890561287,0.08186016100467564,0.043876444676157256,0.025255951957101865,0.08876672295406252,-0.02425561324201464,-0.2448507692350237,-0.13341358764469913,0.034394909543429275,-0.07242225403204672,0.012790464884148367,-0.017148539660757134,0.008643956882186554,0.022465927764518057,-0.00683334024995963,-0.004348568532387631,-0.002249022066831974,-0.00022785178933482086,-0.018221007516769028,0.009457548843688768,5.24501886163542e-05,0.014069977435035519,-0.000303376191259197,0.0067304117866962,-0.005507004976555097,0.0038995262290333343,0.0008933627083438367,0.0014748684300129877,0.0010459524422279376,-0.001385905471351423,0.0016720244831931463,0.0037337980472940124,-0.003286727777935816,-0.004320555021398276,-0.0008778910735866008,-0.0002048128030955887,-0.0006105807261942431,0.0008847850084919562,0.0024222387402338397,-0.001635890919694849,0.0016965583849954946,-0.0006609493685230117,-6.038281415021718e-05,-0.0012594834078150097,0.0008450388500329531,-0.00026688038364946,0.0007017377193478946,-0.0003830984890593747,-1.786271770407022e-05,-0.0002161570107758401,-0.0004534781869230068,0.00035870089738709865,-0.00023122365532596278,-7.799057355556416e-05,0,NO
-86961508.16139483,809269.5478322315,128002.33010414615,-52664.443318774225,-47669.36365147069,-32637.01675572901,-56213.59513567469,-30345.91969426272,-7240.698022628378,11403.922783001864,5508.333770080684,1278.7956029793568,-1623.8574558830333,5338.415111901222,216.28896306385832,196.6971021671152,-106.70389817456305,-108.52152912556184,154.23003115343303,-157.85395993958548,151.76031637998642,-14.05317959306285,-20.90210615878368,-7.7058460110074805,-50.75219057623087,-21.945119904932426,-60.93593451937801,-35.76994767902306,13.347162438489619,9.31250894772046,-3.5867036150371803,-2.692753210930846,13.112481589993394,4.316454167444249,1.986740830952126,1.818824360309634,-9.503418323345493,0.37759557589669157,10.726779487355202,1.1598702302345174,-6.147618994335279,-2.1531661303285006,1.8829794839276985,-0.1251471934070909,0.36337781808590464,0.2385874005585933,0.05731967552366424,0.14869908698694534,0.1197049699189483,-0.2181243735137666,0.19228177734269547,-0.014353082323172561,-0.020615436329172176,0.00685154736652005,0.20495224056590278,0.05354963895804432,0.05672394199446629,-0.04727129438282285,-0.03790674064675925,-0.02070790814350154,0.026853169341842342,-0.003146843750581496,0.002819805217590954,0.0011593977153596668,0.010995394479420773,0.0018133819234262827,-0.0034144544319882897,0.010139853445674363,0.011311734240896154,-0.01298270420566,0.017257142115278068,-0.0038333313664509205,0.001693298845512281,-4.5327488157331786e-06,-0.00020461461514242885,-0.000751435228720787,-0.002061041850485834,-0.0018161090352286635,0.002420776647977352,0.003608158573204401,-0.00029152193971382356,0.0007924195681494606,0.002224700490349951,-0.0010451683266619605,-0.0021046665712717294,-0.001764527493988144,0.0016325634073679485,0.0010063954582449908,0.001030042088348726,0.0014902830069223327,-0.0004746232198673539,-0.00033870160209886237,0.0004373007479605562,-0.00012912004363119234,-9.101004159212112e-06,0.0010210843140935032,0.00013012999024484238,-0.0009820033339347223,1.5785203332840947e-05,-0.0001392456651017615,3,NO
-7957770.317046106,-1058436.890830719,-823.62518325157,107025.16298411158,181574.8805507294,-89693.79689678665,85664.63568076964,20392.62780854902,4564.338886075944,-1136.793309994926,-8318.317911203707,6175.350808513853,6417.333890651587,-1515.828238916367,1383.8587617791309,-165.68224735637114,95.78984709768429,330.75435623925136,312.4291041554467,162.18881520129514,-107.67943777468071,-29.451381426661698,22.383211319840314,9.413831075395933,25.04409473211015,-36.47391946094967,-14.15782505700372,5.162973726603525,-6.484700119036347,8.690089729907669,12.715399177654263,-4.979976272905446,-14.7885340485509,-0.17686181411835378,-19.100653178160506,-7.958032777609816,-6.452982852903556,-4.661274604427263,-6.026350428164221,5.6820890348934086,-1.3261509641759588,-2.5606503310084534,0.7160531394704606,-0.16313401184873166,-0.20220481220647102,-0.3440777155024577,0.22741215194461706,0.1606370566930675,0.26908822041258196,-0.032361056550645625,-0.00949817323212443,-0.031047124141292404,-0.011539098842371587,0.020283345906535688,0.0037370962913878536,0.004063066445501917,-0.01999255225610641,0.02081984710804674,-0.028890260761954778,0.003342830176541689,0.005709580259777969,-0.0002836734262725571,-0.011436683211004772,-0.013252900114145483,-0.0026312566232218337,-0.005332805967949161,0.0005128976919709372,-0.0023444212690208466,-0.013326315242773612,0.007012969556524418,-0.0022014658274099874,0.0028379412077477184,0.0021711101540535793,0.0007089874947890928,0.0008655053569592841,0.00288618585280509,0.00022469862383478478,-0.0036700766403114926,0.0012472402400587335,-0.0034851570275267196,0.0015291269197029722,-0.001038187492099496,0.0014178131955229212,0.00014829475963068495,-0.00046873203113872997,0.00038774351828840814,0.0008990752945370328,0.00013479479163291952,-0.0008825151170382406,-5.931205753584301e-05,0.0005373026834465389,0.00029873288801219536,0.00018527533439605115,0.0005531996946193107,0.0014212836022741426,-0.00029917528333926746,0.00028556138665323215,2.4768919826279046e-05,-0.00038795635891714086,0.0005140378852496741,0,NO
9833566.988096356,1537082.6664573695,164846.57844821096,153960.65052699344,-52555.967999804125,263839.2980481633,-7019.288957092311,-55093.362999792516,-19334.244193054794,16781.23758612114,-30298.279782241152,-7186.749182114698,4009.2553124882324,-469.54417466651006,-53.30878238589321,-104.29674167077042,727.4149068489633,-61.52935851394449,174.70252913766902,-46.906344641367696,-22.46892561745875,-64.59149703550099,-124.66745374270512,15.743907404020604,-17.359563351729676,-28.093210185942326,-26.417001179945373,-5.46248675496264,-19.544280940509992,0.42752240689441123,-18.813847276334116,-14.11072636516326,-12.455532289071414,2.4832064597970884,12.376287706847673,-3.6179063482897362,4.079099135303544,1.8302541358631856,4.202768609352518,-2.544206074861151,-0.6102865527409378,-4.285020078916041,0.2971286366535395,-0.1681226571578316,-0.1698414193570308,-0.1591770940986592,0.3634971156734199,0.155856604920384,0.1292327320273028,0.07698194669107002,-0.0944083859729199,-0.1823905391397167,0.021839998112618275,0.010926223747277586,-0.011824852160814192,-0.03221462322880586,-0.008791769831207219,0.01783441179821743,-0.038950975186496706,0.004645214974636325,0.029655946631839125,-0.017312818445933686,0.003199075538831253,-0.003174576163265108,0.006583832600039585,-0.011642980771689126,0.002473517872431552,-0.008043976525601015,-0.0033743635312870612,0.012537434155517335,-0.007987542727152852,-0.0017138147534128123,-0.005967390302521025,-0.0001509231016394441,-0.006668097731733491,-0.0026897776635190773,-0.005964210708703899,0.0006203070392398757,-0.00029557069303276506,0.0031279797890291228,0.0022049862585785673,-0.001887713870348362,-0.0011768381342143197,-0.0025064681228320895,0.0007492066319532142,0.0016073588852782983,0.0006844403940620136,0.00041923346738870215,0.00017398631089277083,-0.0012486438469614392,0.0006946691850591158,2.5547204592806134e-05,0.0006881139807807246,-0.0002198823863056587,-0.00018615553444199795,0.001162478003984736,0.00010044020291120025,4.130720884854e-05,-0.000697324911762387,0.00038947402428862743,0,NO
67418413.67105824,654181.9269261872,-95971.48459344741,-236318.3669766314,-73238.32452696952,-32657.286366584915,-138763.65571454668,102653.05999314711,-33192.45914747252,-19764.11163372289,-4688.224653437166,-1543.2852930982335,10390.182899924932,-1622.4892020374602,49.14925289140774,-407.8500404625563,123.32006489945684,-587.3993047938916,-435.72096026014424,-35.739364981103336,-32.59429562954389,-80.87611433100858,-55.83026471047293,28.8161680993816,22.73727705357027,-34.41447962366351,36.50872218858632,11.796768916292422,6.324580473606545,-13.781950959138683,12.316320026526284,15.522543898238155,5.040696675266361,8.52473873854916,-2.5379074192272597,-6.279131215739767,-0.42463690871301196,8.07694881190173,-8.97622378078853,-7.226882927123697,0.7098795996980485,-0.23575675044970268,-0.38727759335172607,-0.10776139162050935,0.6839170393653049,-0.3746403128683191,0.3784153217870889,-0.007539730272360767,0.20693005374030404,0.00318317518660061,0.11711965777007993,-0.1059721475558364,-0.2208213574089557,0.11669042187123657,-0.016410605366611097,0.09135289829647786,-0.006629390118786382,0.006803399934423471,-0.01029266895629477,-0.049547628809659905,0.01470105890699358,0.007007772875246232,-0.014735951535298497,0.01134476070315582,-0.006576497717151852,0.0020943942033571084,0.008993245384961601,0.002328956180678965,0.01326268746396686,0.004313637345672583,0.010642328170755389,0.000782954711037398,-0.004136309559147122,1.2532564985789918e-07,0.0064976754643848444,-0.002678775468670791,0.001515715259367001,0.0010974807427244215,-0.0027874356829298286,-0.0030458442719214496,-0.0004918467012381411,0.0008184316830819327,0.0014710896000913465,-0.00016538303875882066,0.00037836338825780746,0.0019805556679224345,0.002116056236603825,0.00017959071226836265,-0.0003728418957155144,-0.0012185003461284705,0.0016730672829885496,-0.0012297835048142502,-0.0012464275493513366,8.787248675268255e-05,-0.00029170090752531075,0.00035891999505715047,0.00019147758805624325,-0.0005579594079538897,-0.0004033173935263368,0.0009792346953744757,0,NO
-43654330.1726405,-862777.5170192793,140803.98393520934,-139.58874782870407,-87313.5905295948,-134930.25648974522,-2656.468603214056,-27445.98804336661,51115.40016528423,14962.62311662403,-8377.058088591391,-2867.1641220858,-5221.954905078463,2633.4381045758146,131.4121099449585,-293.67526966237597,691.549559586736,-172.1958216056606,-201.74050253257096,145.9241344802374,-44.339806799568805,12.901758050245405,29.986248878638946,-4.35583975793385,-25.502165495107725,5.709394833489682,-23.525923687728437,22.76202534746767,-15.884818646637399,-19.30486179366612,-35.04583860602585,11.112401782373695,4.998532819501719,7.765466879816245,-8.502150150102405,4.45366909865615,-7.982550950656876,-3.546432548517771,-1.3991175835682839,-3.0480030037064836,-1.4890968295132083,2.2778908572593792,-1.999737956406861,-0.5972035665145161,0.36735236039924857,0.5723333900534158,0.5007280397331746,0.21017705871706394,-0.09141592744033566,-0.03382570051478809,-0.07258856034347883,-0.008646377606927214,-0.2203910884814997,0.08301815859878259,-0.05383799181731197,-0.016939456443072543,-0.044096631889693594,0.06399344851548339,0.026693752002533877,0.02294064073886748,0.018552722583368375,0.016609466887068436,0.016230700989900648,0.020611659513621206,-0.0011545512173853911,0.016773386894342268,0.01200480203980736,0.007261327346349711,-0.0016333910839397836,0.004224731807175086,0.0066043881995565545,0.007161055923747828,-0.007952182119792539,-0.005141976335964582,-0.0030417896009669043,4.180527552799518e-05,0.003940840067664597,0.0020328447191291232,-0.000898301986375305,-0.0031471449806244056,0.0014141540119541052,0.0002245615722065164,0.0012320713145430595,0.002066389813825814,0.0024277994252336343,-0.002273409982532004,0.0009154127970263382,0.0022516148318079132,9.35291465014032e-05,0.0015467067385195321,-0.001375938544401878,0.001994255621623647,0.0011275166164201877,0.0005442662723998959,-0.0005827523871237694,-0.0002026309320202202,-0.00019830395972266802,-0.0012284126082526825,-0.00035703032856987393,0.0003231805372771457,3,NO
-104657567.6521455,-537571.3750459375,-51792.79206837213,70937.26174250769,35459.1963394699,99525.25193996044,-37547.186659449275,51833.461715780955,40053.89748094499,7562.103487081678,6848.506236406507,222.01836042832292,478.4743918301356,436.6657099336488,813.357780096645,411.6399238173685,-419.5491953578007,114.69427377732683,93.66639790856215,-20.625784986321605,-24.071029609794067,60.47182276167533,9.859886356505683,20.35439976150046,67.8029219419408,-12.161838592044546,-12.670911256916156,29.09670619944461,-8.575789384994891,13.385901649753023,12.855172799887015,-6.618678718159231,-23.405443973470824,6.5702786185559034,-2.3760267260605588,1.4287018118859294,8.324927238109645,-4.472989057950713,-5.079459384107224,0.8269813371887125,-1.1225780030946488,5.781979858261522,0.3735371056786363,1.1217450163202116,-0.8122978710385631,1.0126314653563355,-0.11331874128092512,-0.07303510804291324,0.06412764380109381,0.16084524087890978,0.1018432307576207,0.1204945441960712,-0.0067852565585706515,0.07917861172705565,-0.016413571561725515,-0.039018994590850675,0.0047723952176896844,-0.024452363243906206,0.06679009703150762,-0.023752845165729397,0.04704503494552448,0.013007782771692789,-0.007051543554979278,-0.016361503972309066,0.009628017943514422,-0.009196136929117804,-0.0006205469106972394,-0.00422481253669349,0.009188717475798192,-0.002690909424359955,0.0065306979533736875,0.0033896279788172556,0.00046095826659797723,-0.0006124588308847878,-0.012024178387311402,0.0004169438070880105,-0.005897654945441255,-0.003394534506491631,-0.007402517205866044,-0.0033183057378454173,0.0003583819003661892,-0.008165670346266696,5.799126801941945e-05,0.000128154014676779,-0.0010715977984838698,0.0009597423021383555,0.0020636427463807117,0.0003728797438521392,-0.001888938121296313,0.0009115153253238528,-0.00047178722207874557,-0.0014018102960503443,0.0007079004597639882,0.0019599372968761575,0.0003433267207679086,0.00013095172610664424,0.00044985891243640684,0.00043014715995703945,0.0002583689588449012,-0.0001159219542611889,1,NO
16792065.19600022,-337062.81581439124,-385856.03219883016,293549.2612976828,13581.494590377435,169338.88728383195,-161315.79567534465,-73503.43009641953,-25285.702013151255,1709.2063173597217,-14018.745426117595,6048.913535210675,-3013.3868728743837,713.1801380049313,-2071.709608426181,-587.8797026249297,56.6583194749054,-87.08119024502534,94.23020728663536,-351.15682098940187,-9.88680224310886,-227.98135971167545,41.120903857583244,-45.38762787356357,62.54783530441446,-29.54898661189486,-5.160086855569659,-30.387379131618957,-11.568692977403941,-2.2833525098414924,-5.502399079142322,21.231231156394415,1.7064883518014824,20.090677562737312,2.5515218669786677,2.2861086558721126,-10.798181155445691,3.882678553673202,-0.5884218148270293,3.138107682722506,-1.984349056375244,1.4066375782247036,1.7451566477384262,0.2068492551774792,-0.20693313213399733,0.8113751081614815,-0.16498015158852652,-0.045956348618317655,-0.17619254757360148,-0.09187470905616253,0.3536957109306291,0.11048885722109514,-0.05816309248589491,0.047366949514655365,0.18502307979243504,0.04771809589926401,-0.06465258984917366,-0.009390294701672186,-0.018445097886482964,0.0020815543644268075,-0.011324825543647332,0.014331188987123156,-0.009731352501496926,-0.021220312508033246,0.01044504990002415,-0.0012180696777714939,-0.01677343436279502,0.010944402809919207,0.0038333956196275887,-0.006595976351818911,0.005709291205356348,-0.004083061347278871,0.0003011114893221034,-0.0017761644038913893,0.0009839433120275576,0.0033680682222729796,0.0023597231228988935,0.007621698697489965,0.0010266443913677925,-0.0026467654419266573,0.0012356266976866204,0.003288076093479475,-0.0014395181808595225,-0.0017028214717721424,-0.0008646410293687845,-0.00014483366876771875,0.002243211351426133,-0.0020208016556454433,-0.0008037961828090134,9.952669460355779e-05,0.0016632981627202614,-0.0006127692627450367,-0.0018485397032157458,-0.0009068047146689739,-0.0012018286507749082,-0.0008187655837118453,0.0007435353926110496,0.0004619684509641342,0.0004143869344705453,0.0001309892466958007,1,NO
108609865.16876835,2104163.3464783076,25269.9231085208,344758.4024253706,-149342.99759164517,6604.025630148462,198710.13899322524,335.49395336393354,-2520.3678348765825,-28108.94636076094,-37564.12195094328,-5137.692973233672,293.9020893472589,246.71164380306539,441.0847962189964,-40.02716217424245,-61.33080613092784,104.44806850126821,544.4421452311004,-105.923542010093,138.60982009877597,37.309293602756696,142.19548740161196,44.4741297065479,81.64977605686433,38.50307446361762,5.1171305183779054,35.38276241567172,8.92932290457432,-1.4810137158699206,-18.874807587030944,-10.294392912301532,-18.402756380155353,-6.314003849885125,2.3496869455100153,-3.5213506878383356,-20.56772707438557,-2.890731169041601,8.193263799471765,-0.42196485752812407,-0.7631513441261788,0.014708369775554786,0.41920038714233954,-0.6413394341185845,-0.8316065215485011,-0.04496650795568158,0.08024010077764476,0.08845565346085049,-0.19703769901282575,-0.05489356622241026,0.02137215394437586,0.21482389888314168,0.0621347320939547,0.05091834182745636,-0.06316797152211162,-0.02630073303722197,-0.021293471774634476,0.002509483764934206,-0.013978461597979663,-0.009503826491363832,0.004002180591653914,-0.001214465666373954,-0.00011107875942040213,0.00808163036045162,-0.0010629548059377658,0.010723074630277774,-0.0016289988013970802,0.0004622257651748507,0.0008067856506974724,0.003932901965769786,0.013177537462022548,0.0004439184862872203,-0.0003415380351370345,0.0006287639188613525,0.0009761135099055629,-0.0007138731784681607,0.0003282920158860225,-0.0031918887671245066,-0.0014989940066758578,-0.0024721166191721267,0.0008725216723105556,0.0008006977470398358,0.0009175738655675669,0.0014311177954531018,-0.0023858713154596423,-0.0005687913855819682,0.00036697771752058905,-0.0011278036236622713,-0.00013477977781939376,9.633757055915737e-05,-1.548349056768039e-05,-0.00048337609813895073,0.0011313844087472713,0.0006078091826466903,-0.00014334992578289574,1.5328875069961154e-05,-0.00018925789172776798,0.0004921542203024654,-0.0006272759843673481,1.5733165451503606e-05,0,NO
-54108556.97267276,-315773.7814694918,-67328.94705115305,41027.55853095284,116475.56990596533,120476.63568757291,3829.4712434807843,-60022.091733185065,-11273.073251503229,14482.018574496677,713.5753486919166,11280.994019857739,-6984.455413308722,2545.080869465323,-851.7877545147439,-123.50709750518513,871.843020366613,-88.10181060975646,-28.00205258433131,37.11069321020341,-78.34708911102507,-60.038334819647616,56.542586718494476,4.161367906704854,48.41005658509452,-44.53277436880035,40.92041285655313,1.3026981792851302,-6.575430193654,-6.079171137856363,15.87660408481679,4.152560805795929,-4.882162504908933,-3.735357841558084,-10.695820873234132,-4.693627157961217,-7.217317726450165,-9.665395105186406,-0.6664996811496167,1.2598335541817534,0.67662008987147,1.7680329126588106,-0.131798945674106,-0.14215316282062496,0.2642610796682199,0.27565488522258974,-0.5595157679362437,-0.2834201516236199,-0.0015329415428109172,-0.09017754847442484,0.028176280118410446,-0.22257824065577658,0.0655695542749033,0.047663004109748996,0.014112608561605011,-0.007957920957924247,-0.08159812985679338,0.001901258937804684,0.006519914317185016,-0.01670609480777152,-0.01574805539751223,0.009753384681495447,0.005770628082930385,0.003404333791931613,-0.0073540900788999775,-0.0022435619747414037,-0.001095801762518972,0.0006489053245783971,-0.009838843207785719,0.0016639032858115632,0.007746565704453867,0.0015198685175925597,-0.003417305540707183,-0.0016696351728889836,0.0009064634162392338,0.0041978582518793495,-0.003645409785028031,0.002019861511342924,-0.0012104649847346494,0.0014308271257597038,-0.0003985490011618742,-0.0014403563034175448,-9.551114475492284e-05,-0.006320991473941828,0.001413424195295998,0.004080313672007341,-0.0006794638394083119,0.00045391525794857834,-5.960594168241684e-06,-0.002139713332602433,-0.0010520312836290735,0.0006811609651892836,0.00035679286681900013,-0.0012758771223869703,0.0002475292122290501,0.0005513214599197885,0.0001989275493048167,0.00021069572850995755,0.0007953334067997697,1.4102429497231395e-05,4,NO
3563642.7275971174,155120.85904555535,-36746.18564420077,-303749.981661894,-5367.554475384939,-13091.493587309698,51525.30639060176,9517.272345980018,39599.91812245082,-9248.24649998642,23419.694713518293,-19.39166688201658,2211.960981003129,5672.801987461161,-1007.3118359058117,237.7521037539998,-235.41771438138915,93.40408634316123,330.4434382306532,-51.14392267890264,12.114861591208808,29.52397693381417,-43.19911360982405,-20.670572515244245,6.979621508330606,-0.05017981775165481,-0.22904492657522724,-23.99885244207087,-3.0929278215149054,-20.924299654529733,6.381521633326486,-27.51685971856034,-20.940392099955574,-8.351608240242285,-7.746691629789257,13.5665516128729,2.1987171016134717,-0.22525788110681333,-0.860038366277081,-1.6070100736646538,-0.008669050139879175,-0.719058916218053,-0.45696789700228635,0.4872312037271187,-0.0952445342128243,0.00685928129740887,0.04722704305418368,-0.20295805819267176,0.04484442126291954,-0.05535380249199648,0.08021572894510243,-0.25733882556043364,-0.15381781137992334,-0.20555085496848724,0.03153613535917943,-0.06996836810191065,-0.01243824162520868,-0.01785390274866039,-0.0010232918130475,-0.05204561769325622,-0.005812436121785058,-0.014420932504783934,0.021014476326432385,0.008667553870695954,-0.004755502493367869,0.022163090682909337,-0.0025953956989731297,-0.004276291520375453,0.001361330784789505,-0.010580043944900697,-0.00042123007287175884,0.00032782210783421917,-0.00110150354290095,0.003375876590304583,-0.004177615400705603,0.0010033341119890515,0.0002314751815726268,-0.008229966182935478,0.005528463895638325,-0.0029941820799497254,0.002526042594867328,0.0007811377423128096,0.0006914348542366167,0.0033664274359770097,-0.0005301349510589137,-0.001216753808661819,0.0010369423765124175,-0.0010640328747669736,-0.00010820036889103157,0.0026360242435610193,-0.0010360624443472854,-0.0006410643171264338,0.001064013107832662,8.163691373519466e-05,-0.0009191816657862645,-0.00038524673163929483,0.0005261161943190592,-5.3070486220496704e-05,4.004101264498683e-06,0.0007038230854316541,0,NO
-77551311.1709935,-515496.7525447374,-143918.33787976054,1153.5327601691242,120413.22957541206,-31141.664679622947,-7141.598037213265,18858.4758761041,-75366.096136976,-16789.138987366478,7699.630464475078,10033.649378820737,-1986.6881705238156,907.8906922063992,224.63162375017237,-106.16920878088331,-105.97954957603292,128.49232640577077,35.2967111177783,54.42130439461948,-20.534167579928948,-2.6961219095942397,-29.0762288058651,-12.288485859860664,-14.944862661183556,-3.7062849354939544,1.0284332470127993,10.28509474651321,-0.29173344976584303,5.619171929321354,2.7924686133385137,-7.053216513527332,-10.769800097304,-13.14219115608239,6.6309117853237005,-11.080392720654885,-2.579717416220415,-4.461124978175576,5.961922788357413,-1.0664846684016567,-2.679644493529892,-1.3769082192222868,-0.2824957695054735,0.370472367486149,-0.85041763541523,0.5058011456814349,-0.3712093296712142,-0.13056938113829641,0.1980372667187793,0.11516861161347756,-0.04250139172794487,-0.04052706695566277,0.04082426873375411,-0.032378401852841465,-0.028543765340760974,0.01745943249885451,0.02020383351524524,0.030385887733594075,0.0014561383717377474,0.015614621989016975,0.001812817877411721,0.025206132888213162,0.026979479968181175,-0.0029491899604074945,-0.004979506825009583,-0.02456253085032767,0.0034604853609517816,-0.006454191488287797,0.0026589145715220086,-0.0052140129544716585,-0.006294277160151185,0.004667224642138201,-0.0006349645389462921,-0.012209637777605198,0.015901538727714604,-0.00017348668333694306,-0.009886164302161049,6.548154592245226e-05,-0.0029875804555423713,0.0023750848565482485,-0.00048798770766711463,0.003211404822125674,-0.0009829076843248519,0.0026402846205029473,-0.0016580827506766926,-0.00019444244855748583,-0.0003837433034374893,9.74631449903729e-05,-0.0008476397814866088,0.0008697288448726859,-0.00047461606026932834,0.0005370112927315755,-0.000695526372889832,-0.0006831699635618804,-3.5362362673652115e-06,0.00023329563945803135,-0.0007287510006761758,0.0014347360582362967,0.0008762755523925025,0.0005358978384039648,3,NO
-28663573.634088516,-121549.9728925433,-88676.89388932358,-35354.33935481025,10181.164161380904,-229625.85450764874,-71146.60535576343,63743.85920465035,-4072.263430403371,-13572.602849037921,13524.715570289476,-107.51375764705881,-5685.680191630247,-950.3403184133301,68.50362515705456,-436.6769434530538,169.78708160648216,-11.590515026460054,167.0203412109353,-157.32279973977813,-8.790991750953793,-23.760597848127134,-19.774192895502154,-9.524099423107188,0.04833301665646417,7.511493871873881,-25.082099054549246,2.098955259203649,30.665515786084796,14.717356627990782,4.632840082782138,-3.769194588484879,12.277045734042275,4.071139232072369,9.127950590554466,0.05182409652417164,0.4466137691922434,-6.331141450327607,5.97340302465733,-3.3644962664732248,-0.9639865999017232,-2.7189220076008453,-0.09771572550170049,-0.04980268537088195,0.32342433159953643,0.12065545941684164,0.10432656720365419,0.12034081274950381,0.135918830249115,0.2681124338548031,-0.31644743926469054,0.022305533388158327,-0.08328319162535092,0.10759125301638428,-0.09823759754074857,0.010093066569122011,0.0035528861622622365,-0.00249867686182359,0.0014471798303694605,-0.01561825950825746,0.03463520536428799,-0.01611766709748963,-0.008662769241220447,-0.0005530774272717309,0.015415899378326436,0.004001926204094897,-0.011682310381735922,-5.240348662544081e-05,0.014031082278017304,-0.0056784004147176215,0.002996838673093638,0.0017472939444700408,0.0008662887341799319,0.01195544138168958,0.006851546157098598,0.0025251053886108377,-0.007664757108469145,-0.00019494045021506423,8.179394601315337e-05,-0.0010815614789760897,0.002184207845256414,0.0008712983589822532,-0.0007364248579959654,0.0019192486704554534,-0.0002949164864238796,-0.0005668155577455147,-0.0013723161598628852,0.0002553956827999748,0.001150348899428888,0.00019758287794902074,-0.0008962596420016844,-0.0003352528422061983,-0.0015253208426816434,7.445425911523085e-05,-0.00025139341838337215,3.4723068076357444e-05,-0.0007100699309383843,1.8110011714256302e-05,1.4885816491172488e-05,-0.0003343238054459019,1,NO
12997700.119375408,-208889.24218926392,-69153.00846167735,-170306.5341437781,-16964.799785954296,208112.6000693136,-87028.14707425924,-17400.028451458973,47319.84136007499,6966.210172101011,-2102.057312752282,3632.274516477002,-6560.487396486245,5065.102234919354,-1.6103238470241195,668.5006162213357,-211.2648191203233,-104.53245641689784,88.8995295391419,125.037400388744,-81.83379087408343,30.38576341304517,-58.536993512005296,-46.603858127410554,64.7695808985959,-51.26895464161737,33.373775203825346,19.368465016841355,-9.482036653079888,7.878702619916879,-18.90980007723269,-2.515742645726391,0.06621936331220013,13.497035868651494,-6.545403902440242,11.346660050166221,1.0000787606437669,8.562431670237231,4.0508674139501295,3.810036771393868,2.415672928558429,-2.7125741654033675,0.5049218584386495,-1.0800968985074317,-0.2701150566854622,-0.46339861615728495,-0.21146490950456975,0.046908830978812155,0.09959465552662339,-0.12673856082335844,-0.04928842732455507,0.0037077580123914267,-0.027970637313983637,-0.161656574767163,-0.02916509994179206,0.03530662421546782,0.004037518095103998,-0.0007888644111231358,-0.008378362782623272,0.014132040721176686,-0.006394408906261084,-0.005917667733156051,0.027202832263192755,-0.012952244370380228,0.011216630454076837,-0.004266747276731264,-0.0004166575573024134,-0.007062889242804071,0.01305118625379953,0.013656445768557901,0.0036198401046427797,-0.00023867987223447074,-0.002282498205972594,0.009962985648775735,-0.004737605729371097,-0.002870989484313524,0.0040250004200967915,0.004399163600349532,0.005906308012711303,-0.0005351152866792663,0.0012121125476994843,-0.0006471498166664702,-0.002173290064921618,-0.0008790810342801103,-0.0012723812476213014,0.0005001192976649138,-0.0035502233374313796,0.001625272451843074,9.094024277256363e-05,0.0003984513577885984,-0.0004342422875587282,0.00036278414171044774,0.0001954125794628725,7.452477104985533e-05,0.0012869260463322374,0.00043440699721271694,1.0747005830346809e-05,4.9259936901968615e-05,-0.00024264783400590462,0.0003834172092817556,4,NO
84143814.06336617,-888158.7337314934,291565.15609578893,-54524.64597669014,-73932.47482553031,88748.49492131615,-60844.15505494727,26567.07589905712,72912.42266379,21436.150183222388,23473.92685113033,484.8453269417805,853.4735451548222,397.8069963824687,167.3759042012025,488.9998696700678,30.52078986236711,-274.0416163295563,-52.307427311364364,-159.4892510970468,-111.62610944966985,-123.0642949593875,-101.13064173390521,66.43615385529795,-9.12301199747514,13.168857748225491,0.8318184329680207,-36.61559300007116,-10.560556372687557,-3.3922723065403346,-5.614698430378894,-23.651830810874912,-13.288428582753056,-6.054655619288724,9.703774755291182,-6.101006553652638,1.004906161334759,11.186911303319562,3.299226609482787,-1.4523948188682994,1.184890696467562,0.6860571160377447,-0.7221997227515402,-0.39543843528100764,-0.1954652236679948,-0.036252065158986824,-0.21735316689217132,0.017599714800554445,-0.10614127064422041,0.05876349786622731,0.12955179404430783,0.04072223009853104,-0.039407209157090506,-0.056879185739853844,0.09029284790896819,0.10450643320778841,-0.005455923025873943,0.02599769570670185,0.02050179380900974,-0.007922840955547628,-0.006698303497469471,0.016297609189798834,-0.00037285451586877016,0.015550570889616644,0.007829536074995813,-0.006764567357613993,0.006774725442778962,-0.008839999982173219,-0.006177023672492066,0.00521642786903459,0.009691488438681728,0.007000228864743274,-0.003012870753503094,0.0011681118117934375,-0.006611694158433545,-0.002819992763609891,0.007669080742409351,0.0017870955591501314,-0.0005816960680702365,0.001043809636925186,-0.0020412829541035515,0.003597816064934367,0.0021256056515148725,-0.0012013428142390592,0.0007825161644421375,6.366427859494372e-05,-0.0014945352130304457,0.0013313236586955934,-0.0009634079287101915,0.00047423097748855447,-0.0027003486919807695,-0.0002881508212582628,0.0005769589519998286,0.00024400707210725514,0.00028121762002211725,0.000534843382171319,0.00038259245532732376,0.0005781295166691347,-0.0002968639638714632,-0.00027127595368520163,0,NO
906033.7064933777,-1024588.143586142,-519974.2248489462,43130.58417181944,55555.8366387572,-138323.21571860788,124307.46821079892,-22444.89944822796,-89530.19721317128,61279.348428651574,-9681.104985485592,6935.1809093966585,-1685.741626589297,-1479.3012866302165,-526.455762607462,6092.041926631204,314.6123045018203,-62.83356741732612,-199.4874636363435,-82.69847541856473,104.54936246596469,132.87692336965785,-30.618057429396202,-127.1893787165989,-10.993691550399,-22.678790587395042,17.22394019533948,-28.655850374674856,6.420936115981135,-9.215339151582839,36.89228656674604,-20.234878659186847,-6.502497646360723,11.320590838356736,12.271541783107185,-4.05654775957818,3.9201849097717343,1.452847845948554,-5.870474632017533,-1.1097383506936183,-1.9637462645212018,-1.7507539453939742,-1.1712467010641774,-0.2014624375853442,0.5692119289871229,-0.19757704947057064,0.13849781798555316,0.1949473299594704,0.2609327486394193,0.16863592100141045,0.08607613951101456,0.05299823922777236,0.028406707503100925,-0.035987976920029974,0.07979958285533595,-0.050546019275238496,0.035300979428917856,-0.026753991719097314,0.049900067984852026,-0.00675363211738933,-0.0027024621676696725,-0.023416433781706658,-0.005585289742980226,0.02502501761802911,0.004261094073143568,0.004710378863634013,-0.00019503069690474106,0.00990685068685071,-0.009096129184708035,0.003643035163734487,0.0017317547797260913,-0.0023453144340037646,-0.003088112655050601,0.004972332822219205,0.0025289659462164327,-0.0008013049738850864,0.0030242844862291562,0.0036085922790465297,8.708351951813853e-05,0.00013725151145282943,-0.0016271505468661296,0.0015028689385523375,0.0006597461820176953,0.003276313250319768,-0.000755742212899535,0.0009372032469083802,-0.0008693284163627801,-0.0016767398601766903,-0.0012147373429058916,-0.001057680839664732,-0.0006432673174199266,0.0010811607800420174,-0.0009281908621694424,-0.0001909171095810791,0.0002293094801211898,-4.653642857784662e-06,4.496274007357269e-05,0.0001040990845282419,0.00022671161406123685,0.0003916797828963925,4,NO
-14141756.411080241,570983.4323999253,-25406.54107739951,7245.029370505945,233080.31984230378,145892.8236646542,37296.67103002316,-132939.44140684995,-75996.51721929721,-16102.845395425968,6422.388714801863,-11733.579903175225,-14316.924104139678,-3550.559344849096,-999.0136379900796,55.01366291332624,-285.8906399560435,133.17496762968244,-6.2567137572299885,182.9046485728993,-261.6706238253867,116.75702776953557,-5.6662151123838385,-25.41396937536051,42.707250549669496,27.06064582530564,-14.258694968080192,30.14809186877511,-45.71263367508564,19.19091736152599,-4.398592998918787,4.894757735706548,-3.847939529661346,6.333474997834969,-2.865289237297361,-5.594829504364995,-9.295056623548751,-7.140640500966981,0.891914565054094,2.023870312630436,0.8289476498449844,-3.005501935657307,0.38569213443496153,0.022556677593357666,-1.0013232728121118,0.3282738087754886,0.08165613206310951,0.003974984826308425,0.1876566008492948,0.02273644374257833,0.039821475226587744,-0.06898833666890924,-0.08726921239426844,-0.1799482436046027,-0.03276221616612007,0.12302517508822797,-0.03200505924806718,-0.006427162739476522,0.02217556696804701,-0.008760684455102918,0.010996075888307644,0.0035161467187894146,-0.011216832979574654,0.005889066615429428,0.019234532684286876,-0.004655665145317789,0.001993884118464989,-0.002097111315894795,0.005552434120837724,0.0045161505205223995,-0.002884516595699327,0.002738585584512343,-0.0022694763114037286,-0.0031376221164355345,-0.0028458984014776423,0.0026690508959055226,-0.0021323868838665216,-0.003353214687664252,-0.001593504178545757,0.008234739605149866,-0.00022632009350320725,0.0024558411345103615,-0.0018991158121772767,-0.0006928077536668409,0.0036443180419688526,-0.001174654333250924,0.00010009576271086118,-0.0004054193454036126,0.0023026015658452748,-0.0001192413447157481,0.00012273951891716983,-0.0006274931313152397,-0.0003061989798518461,-0.0004026726683332704,-0.0010764599394611774,-0.0001287966438767458,0.0004862459999807941,-0.00045633448370385743,0.0003170757693339854,-0.0005702576685802652,1,NO
53932856.265443206,127517.43373308331,390646.21616815054,-252157.24119997997,-75320.80547192437,-58185.29628550554,13051.902231696202,39873.03204086069,19183.6103563988,-8756.46962093149,-15833.540963588923,17931.191864683773,-1917.943269002546,-1205.0739100226774,-2668.154409524528,-44.092987447305404,-427.43148149022386,277.6933116134495,502.0586333773758,-131.4142321617378,-245.19358705790717,-176.91299429471695,-64.95937536239907,15.725767262986906,-74.97295148719155,-33.07659577807317,-69.38177795861282,77.2717000551819,21.761983113035114,-17.011385429715503,12.887346328484597,-26.52610530728282,-32.25195223693524,2.9993250775041815,-21.86706320830494,5.220273022271456,8.129244509977838,5.462276114965675,5.45506944014636,6.551066998000152,1.9967448837225845,-0.037477776282315745,1.012001389062874,0.37262355526610236,0.43012702778974443,-0.2141692071459964,-0.41636456436185654,0.06796875616047782,-0.03476928861329043,0.010199233692726729,-0.017675593793899047,0.049450162777721296,0.06464775265678657,-0.04549991842349721,0.03030050774441939,0.018367688254982806,-0.013814294233825297,0.010212581527247355,-0.0015641775648147505,-0.01854459624061011,-0.004678434168796652,0.00715822549245182,0.0014925932953925303,-0.029222939829396388,0.011147673357881693,-0.0023828579749607393,-0.008477787462851133,0.0019050187556220455,0.0008562460607794975,-0.0022589882855063026,0.00628121402120696,-0.00010220487069378947,-0.010641711117799879,0.0016030973877105836,0.0071859022443301335,-0.0011468675355448266,-0.003337179202973939,0.004478441743016148,0.003739083186339087,-0.005404337937908288,1.7005290164906484e-07,0.00039006865516921785,0.0018900272304120946,-0.0006664750470353753,-0.0004093729294925019,0.0016800706807245103,0.0010886270632295414,0.0017280051457653212,-0.001489015499607671,-0.0005545798525312673,0.002031791962659568,0.000966361589169731,-0.0007197866788478668,0.0006172627792326857,-9.72351342448663e-06,-0.0004244719047171979,-0.00111862402928844,-0.0005581464912218781,0.0001181593050995633,0.00015884050299258545,4,NO
-89201848.3759535,39610.10295019718,223657.60477904277,-39548.171074441256,-11833.442318532907,-172.84881642232358,-64202.61642926583,16236.15968886773,10187.24097011279,13946.13151100402,-32462.559697924822,659.9260279546579,963.2135244134843,3882.376894490756,200.9478902444771,-44.827704227873255,679.2330554590334,-252.15085230123304,-330.691267843642,47.430825585900266,-179.69106390125114,45.69292689203391,-27.734691661238827,9.456243497731023,-5.997891451551148,-52.40171065026357,-8.58755481812966,12.243694672428603,-8.164216817758103,-8.633770953985547,-9.80735778244616,-11.265147753916267,-4.6664149859776956,-11.839748825071979,-10.434145451789608,-0.04671288833189635,3.6173858474301426,4.949128667861828,2.5144749186245576,4.416867109923658,-1.278937025891807,-0.6319999019749005,-1.9099095305175524,0.11058449582000485,-0.2370371064518153,0.04012553892383508,0.2915684716049478,0.10042647747826106,0.01224915433763396,-0.09837463555712038,-0.014722484519134937,0.11095302034651988,-0.006757146506761735,-0.12405798018748859,0.07067538633903947,0.03226089092302398,0.09247101777776612,-0.026419243984002527,-0.016456605596417928,-0.024213731447914277,-0.03355051875609494,0.025514769036373508,0.0202158962922655,0.003988574001165368,0.008319700699264798,-0.0062897511162511854,-0.009030440815783802,-0.00027267256888979796,-0.0013821153675491749,-0.0015449327232504584,-0.01200281006232029,0.008844796000802457,-0.006649037469063757,-0.00811142021941913,-0.003058387251852812,0.0049712878590790766,0.004093294836816641,-0.002211077850880816,0.004723175387912448,-0.00019256331812300687,0.005467602566359697,-0.001968936214252981,-0.0034782557127577274,0.000611166808718755,0.0006889512935899234,-0.0020367620646196682,0.0010423554445186944,-0.0017169725673313874,-0.0012459243002365672,0.0004971300674274648,-0.0005047601636005705,0.0003433461804235533,-0.0007164915635153868,-0.0011376946984749114,-0.0012161318267089188,0.00047295754075243716,0.0005412431089984789,-0.0003904909971828019,0.00046129130848709954,0.0002901485221464273,1,NO
105468468.99039662,2286166.611984291,244412.224086368,-128046.71251704259,48907.442416156555,-2839.0238062465505,147326.8489411556,41992.98704852656,-26122.87485476397,-21676.30715012077,2421.7002512025592,11883.994046281012,-12290.690437240315,1037.9144526735154,-2296.4032261525463,425.4487966896255,-423.50470078881585,65.3611310482371,665.700135649768,-288.017828307373,191.57988842220573,-54.09461292546729,-142.29728754289914,-13.709716021191873,-45.41120066620199,39.86712492930644,1.3333229704138034,-45.03956616263605,3.640292355550798,-7.014632616208772,-2.5302750343349487,16.932609122344388,-3.6273461821912463,-15.497194602646061,-18.51549989194828,-3.5801996265275164,-6.216395810342595,0.08311496939694507,-2.41803754957823,1.664542754246952,-2.7964090899706164,1.1196301575857177,0.9387781654968421,0.2465379051228811,0.3592075029026418,-0.0017033110184740963,-0.08338492964706745,-0.131832487787106,0.018001991114666716,0.04919116901472942,-0.018279293760102178,0.2658250111027005,0.18910391263506998,-0.044860306057648014,-0.06832277731682979,-0.024717389776285903,-0.031948225882223014,0.029505346284090628,0.02222197686843219,-0.004513178040641996,-0.01987423354574469,0.013061969991404965,0.006733418102502831,-0.01368708522210671,-0.012672836435973611,-0.00946127054275614,0.010089789623581757,-0.014509275811862898,-0.0031139984625881967,0.005377797708866372,0.006068098116553844,0.0023163410612001556,-0.001569952663174945,0.009665244494763692,-0.0014369058473338026,0.0055159218755718165,-0.002467102541480193,-0.00048380184304619434,0.0026764452555121387,0.001407741006434371,-0.002763901392592083,0.0006731582826244864,0.0004102193947415067,0.0038751410209186266,0.003187749692528108,0.0027852094486233714,0.0007024528433290378,-0.0003620722456449954,0.0005209602547107117,-0.0019797004796024975,-0.00032595996069262334,0.0011601006247060107,-0.0013107786866245474,0.0004681404282743662,0.0007284380569889115,0.0006675780285287352,-0.00010354593917674161,0.0008516979102382027,0.00012572767190660583,-0.0009595846999548852,0,NO
19110092.494050503,-1323523.6031596977,-633440.0193419011,-133025.68974715925,-105692.94929929427,-188866.46548951714,-78939.83272505249,-3970.9067642201917,-51132.74483813759,55864.68688859734,-6129.018052910178,-1942.467758450788,-2479.2597827549107,-1199.8243595086387,-259.6694681435274,5997.866693810798,477.6246730269844,10.022000766657754,30.19821495242033,-52.946666035959765,-14.93817357508334,64.09984206006408,11.503682171349396,33.13245536271192,17.06528596348789,26.016098288405374,-35.345265367650825,-3.961595925407437,10.119662102281382,2.4983479542165696,-4.480754498445236,-1.5454880604510208,1.2189882177093523,-1.483855201376059,-0.2915556361159588,2.706211774207489,-6.602808738253987,-1.5219732275107845,4.068229610406547,-1.2818541419125609,-0.20235142411535634,-1.4629904959002786,0.07787578383693017,-0.42055739505752765,-0.22475321331096154,-0.25189827120576425,-0.2452112996042075,-0.032408802471332265,-0.15211479428216235,-0.1117108090236542,0.08102483830995144,-0.028621424035220056,0.10814691990045411,0.03137957346088416,-0.03232387640169865,-0.02155284763741866,-0.040792578522650835,0.026934640015665146,-0.018859846224250854,-0.0385064983793626,-0.010336867190412047,0.00344118598633969,-0.005690063173828364,0.006058614261837292,-0.0015888807096755553,0.007507874642858292,-0.003911578497658663,-0.010741601008134538,-0.007068191275935498,-0.003658267106682156,0.002994844071868008,-0.0017057528493400476,-0.0017988709520011525,-0.0005201434647721381,-0.001455649509522372,0.0015649310585805765,-0.005705027897880965,-0.003501963907970751,-0.0018089179672915456,-0.0013109038820708907,0.0017390979656248806,0.0009275271742543723,0.0005408161787410215,-0.001357592609984054,-0.0012243040757029533,0.0005258016075028182,-0.0002556340423955916,0.0006504939821582179,0.0007420750870982817,-0.0012435951110130183,-0.00030363822824308606,-0.000557188229789193,0.00046070874147885466,-0.00039068972183087247,0.0005148374893816088,-0.0001883642064984311,0.0003157420803394425,0.0004230040310186922,-8.988811457594226e-05,-0.0006494371365260432,2,NO
-70084314.89652681,-364066.7210348272,-81045.61454584345,298050.08301416953,-26743.524284806277,28228.381301905567,38448.62327142415,-21510.654511451656,-2732.9528744529234,-6861.66488235713,-26015.59659336209,-202.8647385784716,1776.3798502149111,-3088.8237208405435,-303.46260799412994,-495.78721648777014,-267.8403149743268,-94.89385284564358,-393.9141067670744,-394.03782542667403,55.81707752136538,47.443974907923575,-27.389864437762554,-4.338500234059765,26.90981943739156,35.773673546176155,-13.147464938412213,-19.96037742609849,17.114058884451936,11.518416269661742,-6.810426525782134,6.301728285537251,-23.461786329415418,13.69470683985071,9.647324167021889,-12.43889218592301,0.7710049871558873,4.47736570945051,-18.673874194873747,-3.2283285623128677,-0.9101953585158356,5.986268352154113,-2.1928251576376567,1.1076082500239983,-0.25191466742363033,0.1909417878973727,-0.7255833641433851,0.023666869097367815,0.8967172406467445,-1.5044608568312017,-0.9777034746026985,-0.07758183418143405,-0.16374977269831525,0.15377369508555305,0.05077661424066626,-0.028978824636169576,-0.010526540200005652,0.02073005510673731,-0.07707828424602448,-0.018537901154177305,-0.0237153469925917,-0.009929560478472155,-0.03784375559497044,-0.023005429611766104,0.011333001598903492,-0.008368428996695654,-0.005928685888403312,-0.001746510854364891,0.0009775367911267763,-0.006006867036152663,0.0034275336915821075,-0.007336576590057486,-0.005673049089928384,-0.004355499848241018,-0.010531347092112675,-0.006376727422852557,0.004486819515002516,-0.0009220793550719364,-0.0006094858323484331,-0.005548634394237029,-0.0040482128417372865,0.004818725904065735,-0.006452864738578423,0.005104876396083313,0.0012263928211987407,0.0007611634245807686,-0.002876331175072133,-0.0007744264668226863,-0.0006993345724564115,0.0016374475624394424,0.00011399400634037882,-0.00016636655299288525,4.1299332898758756e-05,0.0002979181520588181,0.0014745301560733365,0.0009302191704050802,-0.000992251283119994,-0.0005853803512381184,-0.0002354450304536404,-0.0007059061953261225,4,NO
-3012154.605832219,-895354.6851529591,-81453.75417207659,134940.3312258529,-38667.242964534555,13160.755281710633,-69178.87369483014,-10963.872501925813,-45047.10491542073,-2790.938218279425,2468.107089736064,6681.1727692689965,3968.8896186061174,-296.3447957758119,686.2629074831475,-204.54799835678364,2.9365107499860414,-246.87146702745457,-282.82925541638315,56.07239335961083,26.04594791077119,-20.764361964971016,110.40407447040536,-59.68594006066982,-26.466096981852562,-19.182272182948736,1.0995837724851185,8.569881082858103,-19.24556959528337,-7.360966625778019,6.687853325445531,14.58398079232586,3.164818055442737,-7.913775452746336,-8.29870201168088,-7.725687740326322,4.348647877343478,-0.7893057112141832,-2.4664372838125814,3.0851965693212122,0.9438127810351418,-0.4641944713581978,-0.30470512972215147,-0.6177615111988306,-0.3604355782364621,-0.23919149522954442,-0.026805746563757893,0.02219975317195777,-0.06508941067998153,-0.16226621315338136,-0.009714222919422255,-0.018845241730527373,0.12155469120861895,0.162033158122163,0.003992596768699119,-0.008269628462953649,-0.027442140831429818,-0.023358382096814623,-0.04064102865983399,-0.07379634930609758,-0.04195074252714859,-0.03084997387201227,0.02766995322083865,0.017953423596774876,-0.011596316304959498,-0.001752615935287194,-0.010965689361719932,0.0012150477574874863,-0.0019937587797245193,0.000490186920596769,0.004040470885950498,0.014861130747802598,0.0009867948359811862,-0.0013703316257479559,0.0018521186158548808,0.0008257737411021537,-0.003940665720647107,0.00399998297953541,0.007082553799846458,0.00017591547368644989,-0.00577041447660287,-0.003886094046225752,-0.0003862297188956809,-0.0014300887416270613,-0.000583279808436532,0.0006290822903047832,-0.002611311595656307,0.0011291946523032115,-0.0006707250161105405,0.0001918353258076877,-0.0011086502377399832,0.0003473575782352656,0.00032385443552895854,0.00031957634886448094,0.00033385094034531215,-0.0010880631610794902,-0.0010617009534599434,-0.00022766232312099177,-0.000202821704783418,-0.0001235951336607255,4,NO
-40227615.427337825,-838042.4270654097,22776.78669136355,147455.15848275193,21504.22500949196,56570.00859427886,-55623.94072029254,37870.580083693494,42107.753225705994,23992.57687619334,9108.964956064225,8264.128294667782,-2648.7297938171178,-1031.8138549132075,596.2682564954066,54.03820557646782,357.9750306626638,-151.98750447700712,-67.52931050242749,-140.93036712833919,-186.64573431034637,77.94156478554112,-12.574829486975204,-4.1845313840709935,30.58311156943594,-52.43096967863562,45.140355503043,-37.19563513422992,-4.86653048479053,20.199501566297542,25.38205284968481,3.543956986825606,-3.0304151364042013,15.937442817785666,9.69607930853535,4.022127373482576,-3.9781888746186542,-1.297995398800424,8.24828081244857,1.731062642311997,0.7071763168380585,6.5759802057136625,0.4979546087684099,0.21530533255063267,-0.006179861297351152,-0.26063023335124313,0.013422882978401773,-0.10810995682543423,-0.2752831781201457,-0.04514928538021071,-0.012737594185290746,0.03405812938019892,0.25541459127385746,0.06730252578133644,0.013082933376525663,-0.00010365234868348061,-0.018327636040245565,0.06348025072030516,-0.02026153196313807,0.0079997668979086,0.013708573437585247,-0.0017198433852776418,0.007874137146649751,0.0023875030804676456,0.0016057026496949511,0.007630814169307332,0.008244000740442625,-0.008479144187274412,0.01890246490110703,-0.015480727295484692,0.0037314497166347493,0.008250228885634758,0.003655383140653612,0.0006542902988158072,0.012189080513444361,-0.007706919353489772,-0.0025417884395151358,0.0024624145994631697,0.0018964767548128592,0.003743104982721679,0.004270353126214932,-0.0013871492866823765,-0.003947515141252689,7.665581418733747e-05,1.021232626308155e-05,-0.002542322207377712,-0.0011371335022722917,-0.0014842055993515846,-0.0010406063434770796,0.0011369610157212495,0.0006943080734946872,-0.00044205579051162253,-0.00018233252368748953,-9.768137901977614e-05,0.00041102024203208687,0.0006209837371393152,0.00012574634559878693,-0.001001776133021881,-0.0006682859470255598,-0.0004653511819781575,4,NO
-56962000.664492905,339900.65319281584,152085.1859571914,309332.44481597544,45479.1884751443,36251.38079931369,-92633.35596897078,-32056.150157283228,-66648.29712166064,4054.423554961497,11484.565115285684,11326.44919473667,-6727.842354844874,-1123.2397837017177,-171.52799760654125,330.350824820321,-889.3971596668184,-110.07914562222004,101.4581458888243,-121.54616659113356,28.01263303476793,9.246006123054173,-0.9332853438163795,0.9188905630666255,-15.170186845560412,-9.217341914785493,-4.45997953727931,8.651537277486113,6.101391296745021,-6.678695583505515,1.2365600816129358,15.53163445401151,1.1512792778113692,11.852688534531751,-5.475586835554527,0.23412784941979226,3.151625373060895,-12.110365192985,-8.284402327045939,7.6950052186221,1.504885548308316,-5.384786609675622,-0.221346454202191,-0.2627682215008931,-0.7045291934633511,0.5481813550359789,-0.02321404308820263,0.044996588106096524,-0.46840130945753433,-0.03757513032324231,-0.1377587971457439,0.047174216145165815,-0.05689332293198568,0.14135493828071488,0.10382641505433465,0.06185530155399843,-0.013503328957841454,0.037642090469662826,-0.010509278323412197,0.005695622574178216,0.03379870514721128,-0.04292568208364678,0.031289317767936864,-0.010549654490701776,0.02040084998194902,-0.0028240016316178895,0.00045716047217855826,0.021101340036142058,-0.007153406979329757,0.009763512357222115,0.0012015078900318166,0.0003062811287883882,-0.006615533623568481,-0.001715954665469921,-0.002538634266672224,0.0014523676499746951,7.100109298496804e-06,-0.00033733574975070013,0.0014026912561790894,0.001174171578541161,-0.0022481139405970962,0.007391063377437224,0.0017317979015172291,-0.0018236918025870685,-0.00025080147250333695,0.0011690491693283622,-0.0013739423894385538,-0.0009067344063391491,-0.0009066833840706279,-0.0001806699964437275,-0.000268983404089429,0.0011148536270576982,-0.0014807382733778018,0.0005205495733547894,0.0005463212471385065,-0.0012520708246289043,-0.00033615583571069453,0.0006663436802949452,-0.0012353570680175285,0.0006385461089767897,3,NO
-94370387.16388541,-279892.7739072265,45341.35242004809,-3783.021693976363,221131.61724285767,108790.77343483965,-42946.42378051753,-34113.60416429733,-42600.39732823905,8114.633008305348,3194.9663823590945,16088.74946425522,2781.176613561707,-1868.4732089402696,590.4715133048649,6.5039010307159515,136.68709441194176,80.07536155508149,91.44747441582368,177.92397366255784,-110.56623221829335,92.82910728911247,27.748726328932435,-15.604990655307894,19.022289228815378,8.935462230961434,19.940826172893253,12.536272773272401,-0.7667227198612636,-4.706893159585647,-3.232320596114704,-22.312055893623096,8.222092344768782,19.235680731219475,1.9727357595073371,14.72726523985395,6.955718383147886,5.187163827573613,3.0270014447265794,-1.6501328344583612,-5.179434846150009,6.328961254546172,-0.8691802828144688,0.36753542647439863,-0.6251896432100637,-0.5122791048196831,0.08028466950908086,-0.0501252267840413,0.16513419776955285,0.22679104887444998,-0.07368467270465295,0.08967167992147607,-0.04809573582502846,-0.13109305484351608,0.030529258082897748,0.07377094127374306,-0.023892185944582867,-0.03890937897086344,0.06981607091326425,-0.03641446159583772,-0.020645759162348565,-0.008632900487235418,-0.010381984613450856,-0.018407752841131497,-0.023137396290684453,0.02200226333140587,0.0069617628268866805,0.011244208246034337,0.009478921536006601,0.0015919727229872782,0.003261554609995221,0.014354129168298257,0.004229266308080071,-0.003883886924811897,0.0012042956860225384,0.006830800525355896,-0.0028301496406484272,-0.0017214026244642966,0.0033313791038187546,-0.0009823804180157936,-0.005891554313837921,0.0036189591372151053,-0.001204558970099523,0.0008440126052126351,-0.0009907852314168242,0.0019069129544940777,-0.0003378849116681959,-0.0013603783350762955,-0.001128441959131421,-0.001138411624036051,-0.0007559316970937591,0.0004610160990998974,1.0351821369436465e-05,0.0018755578830196296,0.0008674942333069535,-0.0007734336016974215,0.0001724330448146013,-0.0006228785360244959,0.00011518376704738875,0.000352964200648731,3,NO
-23674746.436368406,-738144.5169210043,-429526.6948195923,298281.47201197984,11744.059848940873,237162.10570844513,4361.690035678806,-9827.758532928769,30972.193308629736,-15283.235312269197,-1609.2042246681594,-9951.917893476406,-5845.321599616076,-1773.6835296848412,-2731.7510723568266,581.0054660470911,-1240.3527719191052,42.62622609537328,-139.35600803468924,-92.4100373267355,238.08920585814977,27.903477959673125,-72.40801118188043,75.69181197270349,-54.89893960019907,7.936315564329902,6.264048367814098,13.207473851377415,-3.336906628629265,8.902333820969233,3.8767419704727786,-21.8696130028394,7.899482405722296,0.8595289476168659,-9.009306777351512,-0.9207597088754369,-0.6180576575939867,2.0251092009665967,-8.917693429097085,-6.177090729577657,-2.9767066244159253,9.19076840161216,-0.5479700528044447,0.03191587253645789,-1.0205763410959285,0.18546903132372705,0.08133115261144841,0.04966392096788308,-0.1911524389637198,0.1302231986247226,0.24575357859104674,-0.08221786227904637,-0.24282780642220025,-0.09362010260273279,-0.02295905011493682,-0.016951918471791616,0.05660518585832497,0.058756275400695834,-0.15283895516687518,0.034550991355340344,-0.024022874140978256,-0.026896415836636933,-0.0127675561111259,-0.003208520257618197,0.0053348631821408254,-0.008772407933320014,0.017072091321027993,0.0070772497796257605,-0.023446122702331595,0.011083642236954683,-0.0007733123804967157,0.006840764821289813,-0.006018480298997986,0.011278995049663232,0.02023228889860018,0.004935908001154843,0.0038324658863657657,-0.006361779689089797,-0.0016013419713947208,0.00952590520111296,-0.004219981482905477,-0.007068397425231243,-0.0018119420694850952,-0.0027222042681832037,-0.009017327812188003,-0.0037633624896583617,0.00044938650389103607,0.0027503033502649377,0.0009410050938060688,7.472001436492626e-05,-0.0009445914948009726,0.0014328482965236507,-0.002137608112027234,0.0012269121470128708,0.0007021790593528254,-0.001087769664802585,0.0018422480715907016,-0.0011713842266607433,0.0005276688175427924,0.0003018915835505953,3,NO
-62726392.79909617,-1004288.1163130719,-48503.69158590457,221668.96170343144,-128238.70963193901,-121887.79525213341,-6292.080731876562,-25279.3632832128,-26771.54617585434,-7155.853880367584,-12315.224114526358,6670.204130162703,533.3211874545159,641.1289474426911,-134.59892170633248,-551.5004429800188,95.45118203644711,21.137504948095398,-115.27130809372551,-1.0657815771938886,-25.637123269388127,0.43678120451684777,-16.510638867095565,-18.894744808316602,11.990983162868229,30.830886755019833,16.769211995849673,10.257485091684657,-32.684931316176716,-13.772829173517508,18.30047922244782,20.76697143458523,0.9607994940891444,5.010961499119276,-10.804792689770142,-5.910365082277025,4.323495854480207,1.4068604330462904,-8.775382833602976,4.24313512444742,1.4945365206373253,-6.072830536941758,0.8154095476976693,-0.0386372856920536,-0.5594542022866236,0.02713408414295415,0.03289154837575836,0.007226739175245189,-0.3256223970903056,-0.0259896262230482,-0.15138456136115241,-0.15109649903196543,0.045182904492221176,-0.11390119367713214,-0.0231773663064887,-0.07315937475677403,0.0339613818865554,0.019069646136878227,0.015521420321234825,0.025462314004694342,-0.04352189656843297,0.04297234029366237,-0.025587014125069696,0.0003758239544655595,0.01596826442819621,-0.0042005394654951456,0.013587191178971364,-0.00148921421053555,-0.008992238528889751,-0.0033182780005126533,0.01313803345307285,-5.524519103561332e-05,0.002733855989701439,0.0028102000459349075,0.004660304406179039,-0.008069820518604498,0.0028893789665169756,0.003367382638823191,-0.006599613802579896,0.0033412733094608793,0.003127904951345184,0.0036868489746710864,0.004495870126927315,0.001869516665749027,0.0008390213595984575,0.0004946040824016507,0.0004889155910781096,-0.00019226391632043427,-0.0002947518102318636,6.580988487092654e-05,-0.00015514483646872357,0.0003798773292559626,-0.0002460143674432036,-0.0008588263280692177,0.0011861054867355753,-0.00017244478229617478,0.00022603002974383966,-0.0007985814100250899,-0.00026996625233960403,0.0015201057372313254,1,NO
-75788711.46565777,1883825.9566456,259152.24266678037,-12219.106653763709,-109864.97499392234,-54570.02236517017,12534.10325315545,-40246.90870945327,-64712.72570216714,-5592.106089285022,-27297.247689139753,6098.501930035192,-2137.824445413138,-1187.9459047106084,-978.3802942749171,-529.180863974688,158.22198817419053,-142.61826287050076,22.3959691494197,158.31435237234416,26.864447936936926,34.699335908591536,-2.3020147117043734,-1.9928871435997735,24.862954329481315,-4.001564260049349,-29.421878351208875,-17.310129362234193,3.3205325362339977,-5.703132243311941,7.341803163223034,-4.5286912829684525,-7.361880127623067,-4.856749265657015,0.7763962695518245,7.419183569447256,0.09884086138533732,10.258610257276416,12.341594294583786,-2.3808165598474744,0.049069163158129925,-0.07316628083791699,-0.8419847427790188,0.4098108947385457,0.1343295298646865,0.06297689218069635,-0.11981670439698888,-0.09637830512318013,-0.14237211909772896,-0.14361797183445274,0.3458407271706436,0.09951710384098744,0.13883607831976352,0.2874586272369569,-0.026181573781197898,0.03134318571646677,0.04432167362980621,-0.056267741995329246,-0.04525992113163735,0.03184006523343985,-1.4438380408599016e-05,-0.012480219237263057,-0.02052822803913923,0.0119663016443603,-0.0029704122429548008,0.00502694211490895,-0.01552722491235084,-0.002677816779521003,-0.0021663257885601306,0.005958549471148933,0.005682848617012848,-0.011784993497522933,-0.0010566124537811916,0.00011422062673471789,-0.0027346691348406615,0.0007474972579837313,0.001106459569443663,-0.0028353844345603285,-0.00483972131501087,-0.003543110010181927,-0.0006761153768622963,-0.005693523815314183,0.0007288919404826455,-0.001474518122215357,0.001287464016706652,-0.0004388935948491657,0.0009677846716453775,0.0002495937223163658,-0.00016532217702669438,0.00041777473360848916,-4.039871170791187e-05,0.0007624870895557682,6.654988096743697e-05,0.0009600234994787682,-0.0008637022761529417,0.0004572240953975848,0.00038934223048401294,-0.0005651563135400384,-0.0013889870749366762,-0.0007168477306470078,4,NO
57394173.72562444,-2059265.238225747,-318686.3422482988,278009.9000045603,43359.23944015193,-121501.38672622263,-56090.95615174961,-45401.461094363156,-30134.681207327463,-12105.965412777205,17472.588538683063,27514.44453294125,-2771.2667754425347,1166.1667313027951,-1496.0740388431987,-618.2463690205582,283.47243501930365,-180.17914919015732,-29.842300520101915,14.448502524532955,-97.54460871957798,7.857465100506005,-51.14262783318446,-13.316569654112271,-20.63239255373713,-17.655564684748242,43.581072142923006,-13.42048849686688,-27.286923051214075,-22.383777415939704,-10.155308786644866,13.97194770918145,16.203905575341196,-0.915451379389026,-12.517031957247958,6.80273915287782,-1.2447844682284384,10.027986375287128,-4.3411577689518595,-5.034924458144104,-1.6264961070584967,2.938040784994385,0.31749309894843236,0.14187857462836995,0.01337458002670644,-0.8208806820607961,-0.19826662942443107,-0.23751764686671084,-0.11583646176989593,-0.011220358096992527,-0.04183193913203187,-0.13149667498456097,-0.012522374378573176,0.018063815463293498,-0.06696940096921145,0.011126262608157522,-0.017996008269147268,0.01645328953668601,0.012981586150294211,0.023285755054965662,0.0228242480880696,-0.009039425700436254,-0.007264503785072152,0.032023011428177206,0.019179128423417957,-0.007711306353163971,-0.005130660602870651,-0.008929567586321185,-0.00920151976053396,-0.004789781612350941,-0.0038346198993967073,-0.0002384224618605657,0.011488289633131643,0.010145165995589456,0.006117967356628062,0.010479618713825634,-0.0035301001779250996,-0.0021895355594852006,0.001668789623334277,-0.0035050198354784623,0.001416158573099957,0.003702164760350346,0.0002024550520935975,0.0009663726167913333,0.0033691408742199114,-0.001522787013435778,-0.002193422895860442,-0.001407116266508579,-0.000611999468115576,0.0007217406293420492,0.0018080479958351159,-0.0006148492195940745,-0.0006979240729434455,-0.0006342808809286504,-0.0009061219618678867,0.00021838138948856133,0.0003351725575493122,-0.0005971963139348446,0.0007333238712169954,-0.00012132062327802062,3,NO
-5429638.183699846,-1091240.3087660111,-67098.55969095393,-37723.11609296192,-37316.3601189279,-117025.38043068106,-24678.781407217917,-81541.21622881974,-108046.54244691113,-27707.97046260229,-7853.581823803859,2236.1697848531476,949.4084805782368,149.8851149074152,863.9063711540748,-575.7199177002051,740.5149523769614,343.41124529972376,189.89039999363897,51.54665987780879,177.81011424538514,-167.86870707370616,-43.64281492228298,-7.92068215983879,-5.628655840659821,22.56856194387069,-34.295201441189704,31.430496183514663,1.1131786412225324,34.3407839613771,-0.22559328708905468,-9.170478103686719,9.766414015825347,2.1300509897970983,-5.501666108120432,6.242055080568221,4.041813986535413,-1.2487878401482249,4.959443653313258,-5.152898144329967,-2.4770831205837993,-1.0730466832633567,0.17195724420700742,0.41408885877618573,-0.8478374282320509,0.07659172868442354,-0.28193596292631984,0.11549077719627387,0.020398394021102106,-0.10271632967477132,0.02154706899286296,0.01270573978428624,-0.07644425697530899,0.10016856994796353,-0.02743564690150535,-0.0032752771691999527,-0.001858189082107664,0.015493352673336958,0.009747995376172325,0.03366175233733504,-0.008277088153017864,-0.006273235144133693,0.008127063451186634,0.00942947348167067,-0.002193419668201857,0.003565154702789064,-0.00035707703173074035,0.008137747520576999,0.003685659284652476,0.0064878714467973,0.0035767303665606986,-0.008867085537604957,-0.005316054448075036,-0.001971086055025939,-0.0003002670520657613,-0.0013923298332501055,0.003136591158209301,-0.006092598717636122,0.0028427782883149177,0.003700926783528402,-0.0031318490786079733,-0.0057401682977886725,0.00025543621299473074,-0.0003912778476165557,0.0008641376297434666,0.001719399063126792,-0.001397973418195475,0.0001348969475619688,-0.0010452038895483184,0.0003461027751718859,-8.109855218685347e-05,0.00014756156612426644,0.000919761285848808,-0.00044836488679478315,0.00010691136427243286,0.001313643418349414,2.8863767491426814e-05,-0.0003105269735279581,9.730411283354057e-05,0.0010828741135988085,3,NO
-14924310.534215808,-70926.51921101008,-302557.8544679567,52781.485211029416,-105293.09324642562,187647.84542160307,-51015.3459579323,-26259.652067589806,-80582.64519185995,-11703.682418117169,1372.3313383319037,-2925.8160428989067,-3884.761475991014,2225.118144651539,504.1541725475927,8.887224805360347,92.48607932475329,339.1479878514483,436.8253771623379,50.56986039353717,207.46140620531875,68.3837804199429,16.075893702185,-23.60664540898768,22.04625217086512,-63.25330542083782,-1.567438749316409,-28.35424885737382,2.7821440561732516,-3.936094111582534,10.700583588638125,9.16665081974179,0.4605610158790512,6.879118820971655,-19.929235707250257,11.841742958023971,4.211639847893565,-6.5857592756273675,0.7212968718949355,1.6817672731973374,-0.43206353175837364,-1.2720315404626135,1.1776722156845523,0.6142559759903383,-0.1826444063378858,-0.022358223404218336,0.07024027877982508,0.18985935607008475,-0.07513661619006395,-0.12864490496529765,-0.0960051605435508,0.005070326641457346,0.09215576557795213,0.03002113282171659,-0.09479263137545413,0.026917939008021197,0.0677987654423804,-0.017826090469183153,0.0009092791337179662,-0.002448115953129104,0.01618787772114416,0.009708055711532992,-0.007443498451727315,0.00698547679592032,-0.019001234955526636,0.0028908512015710652,-0.005440354433444983,0.0002967466518898343,-0.010478435514786555,0.012150210234675607,-0.0011455147590554438,-0.004016555719096093,-0.002686159303722846,0.009580140770087509,-0.004206929604869458,0.0012700310039952534,-0.002582030830001969,0.0065118415175176025,0.0010129040483084495,-0.0013076577561985658,0.007935062781058377,-0.0037201171578904457,-0.0020574252576797125,0.0018395956834226512,0.0006561351034235496,-7.713445541746022e-05,-0.00023906692323016898,-0.003993260756187,-0.0012135926889753068,-0.000288870940600372,0.000912149329850287,0.0006660891360074908,0.00040536948712888154,-0.0007800061685470094,0.0011530341897841578,-0.0004439053736260759,-0.00034542774962311763,0.0007317746043313811,-6.0580305415947056e-05,0.0005142932407810608,4,NO
-47808410.087962866,745455.3574422426,140147.47872383124,-110223.66733056889,-43014.04827370384,13449.490072043278,1218.653594429743,5127.130128510318,3703.217283493839,5942.183390854318,-7161.2929950849175,10408.496151033134,-5842.863983309911,1285.9878980645121,-1163.9008068657713,-262.0199481828024,941.7224715528494,105.94393259407627,424.1129555353433,38.928925998338286,81.44959233158653,54.14504154986824,10.508447892324398,27.380409967238435,-14.111125865915797,17.518828343378345,-41.01433107327392,4.980042845774676,-11.50613537536384,7.347322997652299,16.9139895180393,-27.097526496206115,12.237641361075418,-17.150873453568977,18.49329321036078,18.93126717637942,-4.343551729085828,14.995578968559641,-2.668927003008946,-1.1030340898149973,2.897570317568288,1.083883766006835,-0.176400624503259,0.24300969706810616,-0.24042122607063732,0.1960974953172503,-0.07264693044783499,-0.42784016839876093,-0.14935197758598084,0.01917940086823348,-0.12309210980698548,-0.10335891501743211,-0.046953271791761786,0.10703073299070476,0.06277053151014123,-0.010426301696323415,-0.055275337916357525,0.0318614197214524,0.017355856386529478,-0.004353083527468549,-0.011613262839797134,-0.010708202041774584,-0.01519246277766273,0.002219535268532802,-0.0005769345116379831,-0.02987710115592579,-0.0015947147840432718,0.00337082778556852,0.010285158524829363,-0.009891601117532178,-0.006459851698508379,-0.0032750188648815737,0.0016675296522787875,0.005463804511013248,-0.0038723145033268125,0.005448408248090342,-0.00039030566395670263,0.003910739501353344,-0.0017592977237117502,0.002773848529273426,-0.0025534176599147917,0.0019427194526060454,-0.00039064277529643476,0.0015013469974784477,0.0009203098927047515,-0.0012574238691759332,0.0015203779783654614,0.0010137146558747423,0.000863213635354465,-0.0024854863495387125,0.0006042716577625562,0.0015128795646823642,-0.0011429060591195972,0.000890052666244312,0.0001700941057540678,0.0013653855227248046,0.0003789646924891917,-0.00036931145552077105,9.923687278384774e-05,0.0008430495208623934,1,NO
-96138476.67613888,162788.9988738345,96481.20077063981,247194.8071992169,-3994.7019707259606,44074.99307955713,11738.331598997964,-2222.5235605037014,-40842.676691202534,13570.018463537943,23702.05931506354,5618.445221525995,5949.756319443039,177.02958323314874,63.536374152898134,3.9891562106793117,-376.04297741189293,59.71169152055819,209.2258032384648,60.738491285485225,-90.47631028777135,-13.960791410706548,72.37683473936971,-41.626843190726426,4.219976693856886,14.285295524405456,5.387099848756009,0.09373228543688583,-23.743993595267625,-7.200157730255768,37.14277702383305,12.205398752671272,-3.0099795513815195,-5.5031264735098375,-12.94297177718841,-16.847122615973063,0.18148558983855878,4.437879979055538,-4.244292012103017,4.248326601421468,3.2812146387621226,0.2723801894304003,-1.7216754647042904,-0.2363737602661411,0.10594776979399612,-0.3404485838660669,0.021651832102170587,-0.15831972512830328,0.1522738841075184,0.051521852850513944,0.2066319217424688,0.08476207302769057,-0.014201640124329451,0.05337279433627806,0.08064768328946137,-0.05682186619780438,0.013071260167830445,0.0326429432936548,0.004896421545441676,0.01902926032612573,0.0007176061530369537,0.017804837831477016,0.0003413314261119238,0.0004923997886638887,-0.000365442032324248,-0.018919304371839196,0.012450501367503919,0.0155285397928413,0.012260613756721717,0.0008244644481177898,-0.014924472382106035,-0.005161412805916754,-0.0018241500361746432,-0.00010306018830397168,0.003307296912193225,0.007355049148106252,0.0032426051812970424,-0.005814575515266984,0.0023320068876384603,0.001354948267382694,-0.0018583101718421258,0.0010823844115235293,0.0033002372566832694,-0.0018311017837303323,0.0022730023775708874,0.0007604475130745803,-0.0006018411417945124,-0.0014281344737764323,-0.0014682062015998198,0.0015648876431353376,-0.002752643213712158,0.0007833883130240037,0.0012469942514287125,-0.0017150135937812339,-0.0011897985986717152,0.0003717502926047743,0.00011015220652585943,-4.543210233620698e-05,-0.0007079686193090517,-0.0008196386619377383,4,NO
-15128954.508654177,-575285.3674589097,-87881.44276511308,-66120.45171563557,231035.44888885343,152001.37604088176,-9454.377141672103,61157.914572643655,-1809.4821327978862,218.69446113488266,16430.626208447535,-4906.867956914939,-3853.4741304943855,-3601.9781562308603,558.2389327392884,149.92879163767157,453.2548460788774,118.56778275520617,100.51516469299017,-10.73481375371739,171.59641358526898,48.19003998409687,37.272679609608474,-26.02245519663247,-35.48771063762994,-52.237133063488386,19.997272022952416,4.011180833384799,-7.970114145494904,-16.74718739509764,0.423875764241501,23.18375744657726,-0.6497136171662703,6.929595718355699,-1.9699281596854306,-7.668311952064357,-11.575295391877503,-3.94966504228762,-0.21199476120028748,2.6206070053840733,-2.800367066178101,-0.8144837001430787,0.012538994883428245,0.6800664426224174,-0.43508825376182614,0.0881610835833051,-0.5101225190962548,-0.1400632327780702,-0.08037474868370209,-0.06469294148022675,0.0253611965243703,0.002884716827264988,-0.10619486481008966,0.04730227889015026,0.007714395686896136,0.059786124341393965,-0.0005752181365101805,-0.023264061159322225,0.013172701125862663,0.005758614554591368,-0.013562087741979756,0.005780655175259497,-0.008662410917609442,-0.006533071719558414,-0.013934563482126183,0.006803036740405277,-0.015189470479388706,0.00739575430052225,0.0008467030280391308,-0.007005291179285389,-0.005980985427259999,-0.0017355282299154062,-0.0015748779443756078,0.003244446416619029,0.0029802250771107097,0.0023666895790759312,0.00010461622350854682,0.00041024756226404335,0.004312580383010189,0.0011085614157830825,0.0005919841965349448,0.002201887814223591,0.0030488072430401303,0.0018046095505953597,-0.0012891865520711088,0.0013029452483092063,0.0016900062599900512,-0.0005077506808863763,0.000854922557505633,-0.0014288546482728037,-0.0016642928896322129,-0.0016665944144752271,0.001136556680276013,0.0005110229723033211,-0.0005186421199561697,0.0003137803525927931,-0.00015035210195570893,-0.0009439913053261861,-0.000715210140441791,0.0002750669302297726,4,NO
92386270.33995897,-1994656.706424525,-226280.76344012248,-208924.7359927806,76137.6779406674,54695.74630886196,80358.79712781706,15575.293052948502,39375.27282536001,-8232.372389701635,16469.333700180843,6384.260969508039,3411.302375153771,4911.1673786436,912.1680748770195,404.32262774552976,1.103974620157942,123.72784399672645,85.12997860620129,-37.19947998810403,-22.397572602949282,185.73644239955817,-15.934519899360254,-7.864308542477588,26.163604098199034,-10.008707293331213,-37.11345226536582,-7.866325169485378,24.411759244576416,-18.30229473827002,17.49763784703964,8.408088787796373,-16.112562527845,-11.304273933283184,-8.957005484416214,-11.977396790427093,-4.284912031795388,-1.562312305827561,4.873341448611484,-2.360380540649615,5.5173349411141785,0.3901039619868669,0.052269661731855876,-0.8739969289329141,-0.3256169546259109,-0.07090200121549728,0.11841701595644594,0.03700301176815657,-0.01149083744533419,0.08865680751509569,-0.13342985512332106,0.05560114709823516,-0.041448901975376096,0.0957826805765909,-0.025243282872161377,0.05151701150714172,-0.0008030828315601646,-0.05256067959213473,0.001448397298476456,0.0002516159828314102,0.0012744121567531685,0.009056342820834118,-0.02105708274380369,0.013505787176642414,0.0003132733398172327,0.005176376914482805,0.007162317130470303,0.009928702898226005,5.380859307901886e-06,0.0020820140445250157,-0.004909138813208314,0.0040197788198197415,0.004322514368966246,3.4088754348182704e-05,0.0023330347030945386,-0.000935651595818987,0.0024807568423439452,0.0005044415384771739,-0.0020405496551560987,-0.00045956511658751253,0.0029918746587920264,0.002363714423441632,-0.0017830820866464592,0.0013196075213479652,-0.002960704200125286,-0.0014754832520462724,0.0029769530785250797,0.0009822203638466531,-2.5276837223087156e-05,-0.0007414175398885448,0.0009491531994054725,0.0001338763544852222,-0.00045198336585039467,0.0007715694491434721,0.00022607931411786075,-0.0002473973390976266,-0.0006297171084721723,-4.544873927048165e-05,-0.0006880996987031485,0.0004869435325362548,4,NO
-50737839.858659446,-1414876.070419955,6428.511582882376,39627.62897568813,-16698.582008820085,-135802.53611060756,-38666.757757438114,52016.8634435658,21548.544300017762,-6005.903746494907,6863.9325133996645,-1460.6242073824833,-2338.505556920223,373.3789036698711,377.5335230190831,-41.73715398235959,-265.0554235614585,114.8612128924699,-16.223564063139875,-159.4052713491143,-49.215695848190535,9.130803650580276,38.06065090225303,-37.098653257990605,40.79452796210475,30.492584273514353,-4.077307449042451,1.0856295804611023,-25.766425595099577,-25.732426824267122,-8.580542677423551,-15.96146899967107,7.844767184617837,-17.1598779792173,4.006817415615757,-9.642626318832413,-6.190036146996356,-14.219844227390524,10.190319416137811,0.071250418769921,0.8623441949003663,-0.5906337980150766,0.12158952463741457,0.6817582956537547,0.9283623394931126,0.2850199359844865,0.10200081852724185,0.014898185220962201,0.02932444144509594,0.03398744863445288,-0.11396501112962376,-0.06623895079716213,0.004511710227278698,-0.05248107636469079,-0.07274892018197132,0.0023374626122150133,-0.009417550254370965,-0.005917046615167454,0.00890530805286649,-0.03771878151730146,0.02037157046792215,0.006648488439957134,0.00452109450840088,0.004743029680732036,-0.003953773881050449,-0.021929359802862924,0.006161205333686387,0.0055147480439149965,-0.000741906650093993,-0.00948061992436916,0.004343482479620908,-0.012226731150631664,-0.005004371274838881,-0.0018420409346201483,0.004831904148515864,-0.004889217637557897,0.006714014558452774,-0.00838934895139154,0.0010391295054485994,0.004441646350495487,0.003309856614259532,0.0014722491087435507,-0.0025423955288270683,0.0008597412256545478,-0.0014471974199121718,0.0008918908125737923,0.001744590216779196,-0.0017453437889163315,-0.0018616671448252742,-0.0015509901985364394,-0.0004463186277041675,-0.00047823142306675087,0.0014220454305557961,0.0031322681664908147,-0.0008068809785311132,0.00045988210203585025,0.00028158729460145936,0.001080957454426823,-9.53273474320615e-05,0.0005049327592236419,1,NO
53898163.57628757,180923.5870960597,-96966.68115760258,80504.72262669832,-1159.816304494685,-37138.02036408016,-3881.8380438722525,-12780.87902291515,-7903.777462214406,652.7873303604556,38021.93495837273,-1900.232530706242,3276.259765750314,3622.5033092992016,-506.8641744970664,-65.72781161801981,89.9198711103138,-570.4831568882561,-254.5584756702732,-44.6647102032415,53.150108905321616,25.20347439923924,-38.473110660974186,-65.32178252568887,-3.4649360198326207,-18.04529416588457,-52.614056743778406,-0.699095787455974,-1.2520283903625113,-11.909723797765992,7.9767117754572325,-18.47947774882755,-13.07287742805704,-12.529784921101282,-5.841909490317416,-3.4731859347395897,-12.779123978571562,4.309860561137896,-0.9703043857953162,-2.8401380744626294,2.6979048085228996,1.1558963185790958,-0.7753518282953991,0.13943085147400547,-0.2133661403231919,-0.1401188018143884,-0.05013470158245337,0.10235561357523437,-0.00293781367752155,0.0831850790224501,-0.08375923332244462,0.10935027743890391,0.021083600507388667,-0.023919772751367363,0.06250371499825258,0.018106149648852154,-0.049602691583695346,0.0025614763630952275,0.011845995252867114,0.04504335953832328,0.007263043185937068,-0.013165905410403411,-0.004188525696402934,0.009936845411313122,-0.009373290838357695,-0.011856454518672344,-0.010404014631811564,0.0033118790383554475,0.0031517492759499666,-0.004854578895788109,-0.008714354476019981,-0.0025604086627764033,-0.002758067103888706,-0.0009748818137955695,-0.003181204473679866,-0.0029093470757002304,0.0004969891073909327,6.822729618516377e-05,0.0012881315460329112,-0.0017114304666905333,0.001957969327390452,-0.0018028475971239022,0.00183205592229152,1.7886009641532308e-05,0.00016792872374515877,0.00185794455718169,0.0013627877532020882,0.0009103550011404504,-0.0006772339596676225,-0.0007463973878067964,-0.0015769988857334827,0.0025877484366279985,0.00024224569629760495,0.000304474544212896,-0.0006127029776933635,-9.910737555059862e-05,3.909893077502433e-06,-0.0001238970167543041,0.0004226539579527677,0.0004044507288664678,4,NO
121229598.83191413,-109370.97874313034,661937.248826514,2157.686840665585,-59728.37771311583,73971.5594257632,-109504.80898039509,-310.8871405033278,26356.893951526145,27325.6474249115,-55225.430818427594,3780.1989324736205,6138.256547550878,4994.594467376923,-459.69556105921765,465.72795276188936,-902.8216788451252,133.1979563779247,517.7044173001507,-357.64493885852823,259.82614006037574,42.82626048023454,116.7227175511066,-76.07026122471277,-50.31173984766731,65.3021371328922,76.08517523239976,22.626870512180233,18.107146561619714,39.931703221922064,0.2933871393679226,-31.578947226036348,20.190083517728198,-15.839176623314188,5.795835033589498,12.433867678571232,10.575784354899508,-4.339889814434287,0.07554034572183355,0.9624320238760049,-0.15643412851012073,-0.6327026568331959,-0.7358503032607189,0.4115752702415678,0.02850782060330559,0.6122041848383795,0.3158579436448523,-0.3474590172113201,0.15962523104614013,0.05510069663748321,-0.16107391414882777,-0.29652664588317545,-0.07976719420562706,0.04363085719220905,-0.05960581484410499,-0.005977070652887773,-0.03943853086267701,0.02058108801512848,0.027593345179438566,0.013684598483510335,-0.005743224444031636,0.03290182473237557,0.014989749027745192,-0.009852950306092012,0.02268211563059097,0.008931511658990532,0.003776729035995574,-0.015253353149362048,-0.01365755315718764,0.0007882526932102563,0.004152467342563582,0.008038058870320608,-0.0014656615265131734,0.0029533770092255995,0.0026014415412860536,0.003924296842834574,-0.002457281466550887,0.0020408156823927825,0.0018546656221984925,0.004155269192351874,-0.004450080491718356,0.0006269225654200739,-0.002857701365986287,-0.0020783950532556605,0.002520953578694196,-0.00041880008624783915,0.0015807348511269748,-0.0008820521178657392,-0.00022051490156477227,0.002064129550978455,0.0005094292736584904,-0.0012408344121567039,0.0010726810967558453,-0.0001592416672363539,-0.0011132484142426652,-0.0003436949397775009,-0.0003955415464038884,0.0008345013357666797,-0.00011601136269218104,0.0002911373546174434,0,NO
-63166996.11804831,-636699.1800419772,122079.8314740227,41417.273665553774,-18489.33061978215,-42290.044347133444,-53234.07812121008,24017.33925995027,11458.757422753435,5370.4660997681285,-832.4955791775283,-968.0527337031235,3458.8083446785204,-3297.6624852349614,955.2274478657873,-203.89805640883492,-93.10100606623939,-223.679237942424,-349.16415378658985,-67.97842172796356,202.57185086619975,21.633945668640393,-29.429228836464546,-11.842990718794994,-19.39588914903311,-45.30650049707174,-10.386854695717545,-47.875450065045925,6.875585556707335,1.6296494429359711,-11.92469000021245,10.256589337062792,-14.672504467731756,5.295814607213117,-1.105120464837718,4.907523170788835,-3.933986785248594,-3.2742853882121494,-3.6438747591894867,4.114021701287086,3.1730786010622083,1.870895180493875,0.2108576078022537,-0.7519944022766758,-0.07922874867331942,0.2565791225571701,-0.32903411405309324,-0.06163003994440874,-0.16641200026096215,-0.036767613104919765,0.09169374497029725,0.006593707308627739,0.2064256004062086,0.11651582405041849,-0.020794130559893986,-0.0716699509510903,0.010268353753898118,0.03625640608028213,0.01276727324965643,0.018285196829022965,0.01146633873583136,-0.0026778596226684215,0.006930418253270565,0.00020265902463822982,-0.008404832846347965,0.012514507294251631,-0.0034323251837630187,-0.015312896324855274,0.010471029336203919,0.012343864998405396,0.00272335197594209,0.007947815425718208,0.0022468928797350074,-0.0005117903453920603,0.0007555231049425348,0.003376738374941901,0.004278579204072042,-0.0025299339746771565,0.0003143345077250004,0.002301861798547966,0.0006485364974060381,0.0013845918044643746,0.0026388023719916553,0.002898547064328044,-0.0008698486247000758,-0.0021579011075509857,0.0012656614848467473,0.00032528459935265985,-0.0010719417168286727,0.0010677452941922905,0.0009888337501990918,-0.0013720121533437623,0.001486225545799913,-0.0005624343791676978,-2.6222479254614517e-05,-0.0002268299053593461,-0.0006325178781057209,6.043558761104073e-05,0.00017165233709154348,-0.00012887199784722414,3,NO
42471516.98701906,-2401853.169410918,-294054.4209919913,111408.77745876316,267355.9887972169,-205240.92478678754,1436.2723130589475,30367.408322134652,-36140.96680744042,-31219.701378282578,-1635.067392955969,-4439.447504551004,-2242.34632956906,-13.090661174400907,799.7284746219848,-349.22094338226,383.28204358915946,360.3306536475808,99.61402781796667,-125.67430504301251,-114.74054070767448,-135.87413905323086,-0.8507472673945529,35.36043017405488,-12.08242432191059,16.413757646326758,11.344682056931504,-14.861300519864585,-2.7749414996852124,12.987696507098647,0.8746775801424462,0.025497596388504462,-7.004059267386992,-20.07461093524529,-0.40990723811352936,-0.061794236458027285,11.85573018665573,-10.47367109304713,2.238796180230338,-0.8309128376329369,-5.726418780966107,-2.196002081189498,-0.007763490459453237,1.0762552248955375,-0.17014248411985022,-0.24067704835459836,-0.06156511294090539,0.16037882890512556,-0.04352806719886315,-0.12246904248360474,0.18126494822431116,-0.08034045335270568,0.17369442198841156,-0.10157419570833937,-0.030248571694476922,-0.014023873398993691,-0.0006657352007213291,0.00508817080315227,0.02859772371525593,-0.005366090943775603,0.002444078075262368,-0.021580191704677176,0.019007556592513963,0.014677565622860378,-0.009206916132010523,-0.007848084855283322,0.003739516928695813,0.0031131823773923317,-0.0008307476395187363,0.004149502057687771,0.008422770474633023,0.00159134650688042,0.0059772459986575655,0.0057360251777802684,-0.005759072658352737,0.003928499745995184,0.004306467754541465,-0.004525824421957925,-0.002301431815986188,0.0011682426796915113,-0.0015726040048313905,-0.0005420917436098627,-0.004286900577207042,0.0025319128753336084,-0.00036792273085262117,-5.801162761387424e-06,-0.0014118147195856245,0.0011778468608203418,0.0009107053020122602,0.00012483606479407605,-0.0018543269847757227,0.0005272405464962779,-5.5272047122967294e-05,0.00026180609288239953,0.0001329041802748676,0.0008524937517182789,-0.0002847842380491409,-0.0003717625035708494,0.0011996874200772,-0.00018221537716806013,0,NO
-17133103.83820027,-510964.91225825716,69331.664724804,-163663.22678207478,-295886.12372924254,67820.54913037663,-20119.674648906584,-30292.512865390483,-83999.71077944138,-13347.24368546934,26597.368863480515,-13351.06513270516,7070.428162421951,-999.8770264950542,485.1708982064247,-273.4084368081269,293.28769499065146,76.21051548404972,-122.07994667159879,-141.88903237843897,269.82739353530536,-2.3352791855912187,64.40152997097266,85.81358952950852,40.39862206951328,-43.27876928650244,-40.18017144848392,26.171876200128963,5.782776877750365,16.501614552150414,13.601320766682989,-1.775591579768161,-10.075114565122107,8.89493701915876,-6.823505676653788,8.162095026618417,1.519288175572278,-5.649177998915093,-0.7542693258554891,8.683045412439867,0.6213234716601761,-0.3012094300491057,-1.0875020090621632,-1.2940910288760537,-0.06607304143735604,-0.35897671386372565,-0.3552845537793683,0.0628390976139066,0.021639966945399713,-0.14646577019559326,0.11577468806184754,-0.2697294897683298,0.1669909957181055,-0.19245208820709458,-0.006840426593095028,0.06615521122925128,-0.05243691394779226,-0.031236876223175614,-0.01820402120366249,-0.047198673588201956,0.001613318904230443,-0.02813479457724455,0.012190587707497258,-0.029315951787318717,-0.00401703252556973,0.0008099253573008447,-0.004046121760413718,-0.003413287486178196,0.00781857101098149,-0.004235837331020176,-7.5919157569437346e-06,-0.007010227349653064,-0.00027465781488977825,0.0004354767493083278,0.0012087536197795679,0.0006485118925640965,-0.0023404374698527963,0.0004550329395254238,-0.002689463131263725,0.005338712853182326,-0.0033045189309158784,-0.0008879947066373628,-0.0008393610699353182,-0.0015865412980337334,0.003344357061872971,0.00025499558173069925,-0.00034067844088703225,-0.0005579724366793215,0.0007071483979884108,-0.0008046900456566419,0.0008916731783943366,-0.0019050061630767339,-0.00015658376893934456,6.370992353810223e-05,9.219109687264027e-06,-2.0083981644467702e-05,-0.0005684554895908581,-0.0006114841325681741,0.0008013046228134146,0.00021022537230147575,4,NO
-5102847.464023173,-155282.8976492593,565970.0448074418,-12147.213661186892,-83240.28640674433,-112150.15954979738,-23928.650263187752,-31355.775810049185,86215.96520984446,16024.65607102921,-9675.645321434597,-7249.213787258894,6728.298722955791,-1396.4965170558614,-673.1836343111645,216.69533558066837,-1495.0724597490153,54.47823156596661,191.63491781075615,23.865641183244065,65.72589051571623,-150.44001214783663,3.1121506040084057,-57.68370017548442,38.63310570572679,-20.693692745097906,22.181066310025756,-30.04988241012768,22.226519667856053,-6.566722551760037,6.884292870217934,1.5890090186674115,9.313198020269823,11.952365657717166,-0.7482626282532223,-3.876183769696709,-8.011034331954356,-3.968399483682731,12.585085175685776,-2.463674278588698,-1.4835103283302438,0.46937270844656354,-0.67546574703033,-0.1391466914220265,-0.027775234249148184,0.0160443066347149,-0.5589547204166738,-0.03939613935446884,0.04786263341893582,0.1146684543663027,-0.009312387867701055,-0.08478579680617804,-0.1029446205930169,-0.07529712717644643,-0.06362228387682123,0.040781168429070314,-0.014482219504813099,0.01825302266796358,-0.005438145281248197,0.06588409873789658,0.023893918243536927,0.009211664303858669,0.005558480930077159,-0.0059674943972289896,-0.014298086495275752,0.010903663393869722,0.02537190749278523,0.02093725772941879,0.0008246573528837287,0.005534136852833715,-0.0019266255103874697,-0.0005910891780023242,0.0046375298214318406,0.0028892084863458845,-0.008660711654242537,-0.0039651459020699775,-0.0072340783088040705,-0.004994483235593261,0.006137131762842252,0.0013366516936639261,0.0018057982137849038,0.0016402812096847352,-0.003914263237976723,0.0009508091137920838,0.0009078141500202808,-0.0015868795725938467,0.0003157378387570464,-0.001469753201124635,0.000418364734578347,-0.0012432416262941892,-0.001686880519650602,-0.0007425724380842411,0.00016860090764314606,-0.0009716015893194152,-6.698056843590372e-05,0.0004776623691505645,-0.00037915953471803245,-8.025433390845826e-05,-0.00031615880359298076,0.0003311999731680504,4,NO
115177476.66441107,-2697137.885555652,-424103.1920822979,-180863.87855601517,-161790.52310943452,-76885.04839787762,-5849.871219943845,-54825.96858372141,12829.709886117256,-29385.697997133324,21107.089762077645,12084.798355240047,-11237.555517452562,1107.9094930435208,229.19225213688333,-302.28748203167675,96.61795993869498,-18.540739377889537,-144.92323735102656,101.49627617534475,37.079077262203185,130.3820121965556,-26.163741928839215,-22.840512129074696,-32.42122366876646,33.26841747812773,-26.52779535642992,11.152455098304927,55.259342293785224,-1.4441180051396998,0.8320685027724437,-7.750031889176739,-7.172575235993463,-3.9926701278884025,-10.716988147829534,6.966126578969181,-4.208391275263066,-2.400066397552564,4.163864143159287,-2.2878426994951013,3.3463909735860398,0.961420909826046,-1.0450971381478524,-0.2932058838979734,-0.3654735651846934,-0.01404601658061111,-0.14506292712903512,-0.08063953595827078,0.13239453624122133,0.18371915282043638,-0.05920399264471676,-0.014698000717070947,0.10059013415355267,0.015649654989380757,0.031271540277009624,0.052099622549087954,-0.00473142331095433,0.010392650966039696,0.0169352308843449,0.0050525874875342325,0.0029752834360103897,0.008170946880140306,-0.013131870866955997,0.016367885058954812,-0.011755693910634246,0.013988542089443667,0.006124910866187522,0.011411135795908134,-0.002708774294118088,0.019702550563660826,-0.0119126580023583,0.0025269388700781548,-0.0017905963966571292,-0.0004549856751219217,0.0008257835186669116,-0.004246422503715763,0.0007706562084430768,8.544358317852385e-05,-0.00215481438688947,0.00025294006716580775,0.0018664637918716087,0.0036586954848172315,-0.0009035860119863681,-0.003029358732995757,-0.00011940223821238494,-0.0007837582810943378,-0.001170255927058328,0.001121387599012813,-0.0005887313867128374,0.0006280516735732711,0.000995359849371047,0.001328060869275209,-5.295394107707185e-05,0.0006237387787282334,1.988838030457518e-05,-3.8926002603212675e-05,-0.0005201096537654996,-0.0005261040786417315,-0.00034424075347888605,0.0004112716020864826,1,NO
-30961106.432333767,240928.2599445209,-58624.15163227916,-44009.787993526756,55941.6698820639,61279.70856462877,151434.18035663842,-39062.53715946507,-12532.67251692724,-2568.6236353419135,-9794.480218050492,-3578.8570064950036,3268.0832839621453,3869.9094763540124,164.8040642696269,-103.85399351220781,667.6518721325506,404.6314855028164,435.7094231505747,-120.33595246097514,103.51275632052251,21.106191773773674,27.955670601471013,22.92202675485302,-74.54685841950584,-32.229745688018966,16.82286830406713,-19.672966240139715,-12.425778700931687,-7.700236214753332,19.06936289771727,-6.238204718088127,-7.860294283796634,2.694553302626275,0.7831830686809589,1.1644028789509377,10.485194576401373,-7.184736495020104,-5.2000233113716945,0.5825737493842524,1.211091719553103,-1.056399006548851,-0.8315881276825223,-0.5855962636443421,-0.3721417199964243,-0.21619721968851024,0.06394202397091586,0.052184108344912605,-0.001639504260356528,-0.014648994993324328,-0.012779815820444185,-0.03518607941960328,-0.04440194011865639,0.17841386303949047,-0.022139398605037997,0.02121079155095318,0.07646036140864831,0.016248166610336234,0.024051683305101212,-0.01087586283842068,-0.030858798565737366,-0.015535006811454366,-0.0025473012860218747,-0.0017941897849018673,0.0035082673300501632,-0.0112814390005751,0.023566815276929887,0.014760625424310114,0.020991240355816454,0.011134293687795671,0.0074506921150421235,0.008065071117181244,-0.001141256501905552,-0.0065844016360774305,-0.0037795479939874976,-0.010321368640673567,-0.0002018607379183912,0.0019955055223133122,-0.004562634910098229,0.0009816402303759464,-0.0035805483866555576,0.00123644869233841,0.0036581081939597304,-0.004218587155804865,0.0010007329688375144,0.0017563920779694042,0.0019517460947529042,-0.00030486501902871055,0.0008544832186421214,-0.0008356250777590279,0.0015112549110514184,-0.0007310803741980816,-0.00023733561139804848,9.33282021307047e-05,-0.0005591655550354485,-0.0005488722528529978,0.00022864915614848567,-0.0011881579763799444,-0.0002446404741663355,0.0002540306887197086,0,NO
-21406208.215243697,-842567.0569552705,-221145.8859645509,91164.28987099504,-109903.99490008765,21723.82229752258,-27623.91013956073,-32299.121151721793,15796.562888907036,-7490.677046311903,16686.01118995921,-3909.3500654250383,-5630.333032113023,-719.7072732059476,-766.7556083336549,-141.4798582548692,-480.67301251212234,35.32781186335944,55.86657651711141,52.0059365059293,270.2864755540729,202.60949291294406,-21.226188252084228,4.564019749688043,-44.52024059463439,-33.15112370877705,53.5759237460403,-3.880252023394519,4.507018712954874,8.201297279978732,-1.31427453013481,-10.717292731941939,11.594182191696149,-18.008872756658377,6.941408704440644,-3.74863379125226,3.167340983445463,-11.680891664731405,-3.2008612566125407,-3.235672704929499,-6.154642413246304,8.71631116838472,-1.1464300369609788,-0.8983338248010511,0.7985589355927729,-0.190748657159741,0.1285649056008129,-0.3980212452888714,-0.12173421502875481,-0.004567420132819921,-0.27402211623792283,-0.06091858683201057,-0.009835398323621014,-0.11280080033920581,-0.03446036272210895,0.01345503927662095,-0.011621231281335298,-0.062030859260185256,0.06847373400968348,-0.010142209186453144,-0.019083710901842466,-0.009825162636083462,-0.011192720349510576,0.035685743394366476,0.024666936709464293,-0.006525388127217369,-0.01478950407183166,0.004488849252649529,0.005329109167208856,0.0002888697146454233,0.011502382629443586,-0.005390391013638585,-0.0020844341341721417,-0.0083215850659355,-0.00522387362669674,0.0037775597814089235,-0.009235758346012757,0.003349386866730253,0.0018133047485799914,-0.006179797655509134,-0.001531150878563925,-5.9056663878953586e-05,-0.0014712387080422218,-0.0036839951111790337,0.000981547396965432,-0.0007357271603962712,0.0028421084133563035,-0.0008258621619589013,0.002082692263814967,-0.0009368331769077365,4.314729279686347e-05,0.0012501125262804075,3.445564154036518e-05,-0.0006388362532782077,0.0015511929968399507,-0.00039508897203428296,0.0003896758032633004,0.00038851319728028244,-0.0013284360585637534,0.0002290248642002335,4,NO
-9701007.396824121,563037.6306406572,204591.66664556845,-226893.1647898507,39928.60408813489,157909.2267498481,-55450.43755690568,11019.589156914866,-4683.865042075806,-2419.889411765669,-17776.08634945096,5524.264339857604,-8841.45127607185,-478.6664271135445,-422.0390506348922,442.06354960214423,-276.351720947742,-124.66385988859565,-91.76080513044175,77.62154280637651,-108.90582977586774,1.59549339487495,-26.639450480732762,-55.908410122515775,45.39669702267793,-23.370951074100958,-11.62899347050535,-39.60345731713255,14.303511721582339,-31.96660900405091,-20.090296631066934,-5.344196012875727,0.1514007508481825,-1.1515175665963397,-0.7923737311099259,-2.2999043925950104,9.170626184434177,3.5193745150021414,-2.36108566683356,-5.206100989338097,-0.5411525113755005,-2.5426169580950813,-0.06567468073512828,-1.0597703765229365,-0.07104279051036144,-0.027419963582339335,-0.3453140885875028,0.0006474155214988286,0.04456907988226755,0.02095397249833988,0.016515372939367445,0.02126844521810467,0.004620947379663676,-0.024030688734382855,-0.05968223552595253,0.03276735544674669,0.02291402062399195,-0.018399803093888778,0.027635952132760266,0.0012033380084011114,-0.02590558400837928,-0.004468478350872829,0.009191266600549697,0.001341601565132855,-0.005047421638425975,0.008622142060028981,-3.301171034761352e-05,-0.00042923990270526957,0.003114684267164769,-0.0027259134689054942,-0.005022069610188029,-0.0027410396221325684,0.001955626344858352,-0.0031139292166626475,0.0012175568732775144,0.0009881100850250846,0.003339684303863777,0.001116302047737605,-0.0022013006958081505,-0.0006337623632133305,-0.002371227465414183,0.0012747218654234338,0.0014996614139968223,0.0006668141757859847,-0.0013742497363596895,-0.0007333881178905877,0.0006495500064105375,0.0004323240986006116,-0.000738505131716749,0.0013188869612288379,-0.0015238900158252022,-0.0001721286427495616,0.00048499344217611817,2.142954302486455e-05,-0.0012658731635890735,0.00032417618162851845,-8.770136943494523e-05,-0.0007369320590213668,-0.00043326983972252764,6.878055226983149e-05,3,NO
-78196438.0667252,-507957.87695673294,-190137.50601922383,429336.6470297741,-17245.97605301271,64959.60126187689,2107.5509518052895,14937.191347995293,-9266.574754841335,13103.2420326047,7077.843949748781,355.5449905088608,-2127.6878976022854,2754.553423705608,-720.4323503847972,-207.25492278648312,244.10191062242762,53.055803324601584,80.46305443098981,-328.2479886711287,-186.02911527701121,-87.65095631157442,-18.17912907542683,-27.8299915247225,-3.7666418642253667,63.26066514149841,-42.25366010406361,-8.89814187568254,25.020727989283415,13.176842160736825,21.450963335178557,6.452830838174236,-3.712486440109444,-1.1980592015579532,-22.817965719955,-2.4527307606497857,3.1197644922380228,2.536104543002409,-8.953884013735092,0.35329554122971274,-0.7663864841729833,1.7540396282618076,-2.1404154289198516,0.40836747033577003,0.06298043704931189,-0.552998483213269,0.33261531492940755,-0.038310261262567646,-0.4345871362092506,0.33527073890154796,-0.08467261335023402,0.13017520613974032,0.00899834420321799,-0.1521770385930432,-0.02654676922667809,-0.02006345364302664,-0.053653136175203286,0.0013338863366167963,-0.025807944759200563,0.0057870574826432986,-0.026375674359704337,-0.017100041044852077,-0.005904121189403866,-0.013991804291816123,-0.013605393799051235,0.0045056564261070076,-0.007673099370628711,0.01404875180656201,0.015334592383761114,-0.00038102431183345553,0.003376591023613984,-0.016988323479667056,-0.002320231428255326,-0.0064758738151927675,0.004211756286363055,-0.007868476792133983,0.0007681562347703341,-0.003443298426644592,-0.0032165977873499507,0.0015000235622792957,0.00016894295720359942,0.0010012969935124794,-0.005192293405542836,-0.0005296017839818978,-0.0018336540830260484,0.002469187995397082,-0.0026404933706840605,-0.00044331193181557094,-0.001773750686916209,0.00047643879571546144,0.004300419733339389,0.0005613156199515369,0.003493683708480022,-0.0014377883567633365,-0.0009898080292320977,0.0006976504164690964,0.0012943195759233857,0.0005843433980370349,0.0001668623343291098,-0.0002893283164831506,1,NO
-63961320.05301243,115523.96835069591,-283709.97338715184,81811.36285699322,-64656.41143902083,-23027.374686477488,-89475.36303267337,-13754.068252320074,18691.466272323567,-18902.430311298154,-16508.49855489758,-1505.436711224218,1626.8229337200246,-1693.0974951563826,-55.5450678591078,-355.25046588562645,-962.6712830939771,-74.34287638162289,-71.05830062922342,-2.9724221405029994,139.79869825089224,155.7734195542239,-54.1508785794403,39.602106243714076,-42.69658547268531,-35.42069248587222,17.758913656794107,10.425408788976426,-9.817273750121188,21.22891987481644,-12.429423352762086,-17.293162092682337,10.774050057504326,9.882417186205828,2.946314198978687,-11.30478934593171,0.9265501653876562,-6.31719096644656,-13.114291206503879,-0.994888845316126,4.869664419518614,-0.6525446671205017,-0.04997636925099869,0.022041541396006892,0.07340128992638384,-0.05862863384938777,-0.18388793855858587,-0.09007783517637868,0.019150739266032613,-0.034734319875070425,0.1947199777399593,0.101433086462698,0.07106447089666901,0.04375208631249272,-0.060677277001876195,-0.008151940814349112,-0.0873474306419535,-0.009990000917744268,-0.019348922305681526,-0.010079337400163979,-0.013285818960523166,-0.009239677339596852,-0.021013126037852325,0.014773556979245761,0.01607639618194323,0.005174464620572916,-0.0007808101370269382,-0.00208955032969238,0.001398945728816936,0.002750797994391818,0.0006481385584692356,-0.002120049185818651,0.004950416708716432,0.004908835289661018,-0.009703236116890057,-0.0075336814261082186,-0.0021206769540156323,-0.005700849963328647,0.006751826928397264,0.00022974666231778684,0.002804647647104086,-0.00185661697227113,0.0028785225564318395,0.0016447545466602431,0.0004543740498169635,-0.000964891192078432,0.0005140361925597414,-0.0006864309040047756,0.00035908263476630564,-0.0010062251089364427,-0.0019368704947746451,-0.0012176757616100642,-0.00018693760817867222,-0.0011240518223879503,-6.383494937554912e-05,-0.00047892969218678826,-0.0004213127208317017,6.397322762730084e-05,-0.0006209790065339615,-0.0008397492372152482,3,NO
96797009.83497328,1255628.272605409,41653.58080803568,-119170.6657645627,-35087.56753914204,189054.38184363436,43647.132606159765,-42326.79330647216,-62004.875921457045,-13231.086606647877,-22739.42260170632,12168.230523106911,15334.926257155095,4308.206481484627,-2774.6517724364603,-194.6760218882216,-99.0486622881582,-636.7127933658096,-549.8329575710364,-71.8495892709268,-343.9864240639352,-85.36716327154676,-91.6197777162615,36.09500794364304,7.04047253968788,-15.984448455892903,7.267605855914326,27.080742940292623,-13.67494058567263,15.994812850857059,4.4768542413357295,-11.426652271091143,4.33925390581166,-3.905643237152958,2.728636987112388,-7.5650845498526,12.444709113846535,-14.336609762907528,7.902048668374846,-0.6101663960260453,0.5591866486749595,1.9842954778335127,0.9995800220620623,0.40773874855057857,0.30127217408148255,-0.11463003730777288,0.2359695788524352,-0.06265111837228243,-0.1498847955690703,-0.18671398643662226,0.074457436531838,-0.10626154427676004,-0.0382291371842296,0.057639574704906105,0.0027550199942050213,0.03110990106603473,-0.027838597985634816,-0.024563718283519886,0.04513415629927109,0.018743015081811976,0.013403442069489735,-0.022268652925777843,-0.029112244584199476,0.01846524807977179,-0.01984143741819655,-0.004731537318321655,-0.0032797005201630203,-0.008460190463102202,0.010949104157112699,0.002749789516430512,-0.0003333922509018983,0.007648958406458739,0.0024727394511581124,-0.000621418615975422,0.0032555878099980173,-0.004502238426357996,0.001522442597417628,0.00048510927554357153,0.0010979850794092805,0.00033926668489581147,0.0023948623476023334,-0.0005490827535754583,-0.0019118225620040619,0.0037848729188684482,-0.0006468736884728266,0.0013607338347505493,0.001176381184099018,0.0020872859279846834,0.0005588530104709832,-0.0015888884247543533,-0.0005629561819968654,0.000714923045522781,-0.0009144987206008981,0.000773731803266009,0.00029887285008264874,0.00016671430606897755,0.0003483393715339785,0.000982750244798547,-7.054935306288757e-05,-0.0009353526278042534,0,NO
-60950407.8138777,1268162.1012146655,-4644.259727042867,-211223.81931185623,15196.159710432694,131826.7768003467,21449.256391887175,-99736.20718698465,54336.953530655825,-9498.328170117504,-14489.009043034373,-4854.036441780685,-1909.060404018026,-4918.675699554472,-820.9331641244935,-234.4333518552869,-203.046097440415,134.88975163356116,208.2033451999807,36.127248594176194,131.62393905350825,163.74867212584115,-38.86092573593044,-32.9620916589688,22.58520012820915,-33.85628954236222,-11.672959421993596,12.34761780547268,-9.479879609004058,-11.857282588969724,-15.306345998586949,3.1802659368352124,-8.74457908204829,27.740455794033096,4.8846470987484985,5.9136534063526085,-3.093644528257016,-1.6240064475836107,4.413581801766782,-3.550395967310905,2.295165251638025,-0.6978572266569074,-0.10175667831373403,5.4892358784641715e-05,0.32184282534865716,0.1362544170721698,-0.1414775736532512,0.018526117829126054,-0.05628939125655297,0.14246595625983202,0.00825733858036326,0.05140246832934148,-0.031125930021492998,-0.0028822070535268196,0.11222716677714706,0.018569713889437844,-0.003950317940272452,-0.014552914426008812,-0.00834132310188651,-4.0245709515218664e-05,-0.026279586485498108,-0.012672036173258405,0.007104685119588172,0.011542855969377541,-0.00035456359729035825,-0.0024188094742318977,-0.005636550195047607,-0.0038521468260264147,-0.0037604262601460547,-0.0006940732192947108,-0.0069297380034963885,-0.0009871292312562119,0.000779552321223953,-0.0038291407017564394,0.0048275151908327985,0.0005209476917886757,-0.00562444100905557,-0.0034407478090972,0.0014430076640392642,-0.0011663869123421655,0.0003869522005157666,0.0032432777928808054,-0.0007772433975603565,-0.001995192138612767,0.0005853275927995005,0.0012834793204541395,-0.0006283562947428933,-0.00012414583312103655,0.0002625714616044106,-0.0002663693532884981,-0.00040226971639611975,0.0013673566117998583,0.0002443656656573312,-0.0002598765537662473,-0.0013925502082441504,0.00016856339360867695,-0.00010598373768602211,0.0014237615774257417,-0.0007037064753999123,0.00033750455209852204,4,NO
42996561.93652028,-1353801.8819417749,307085.17417402763,53527.656710079056,-188972.10204682715,117462.75951916115,60101.43929934793,63098.51779676505,-5582.213733512559,6747.344631587129,-6410.060038231004,-19272.1200591511,2257.1498986156985,1443.8765398767305,1112.2750192264011,606.4310426913133,-30.127841495450525,292.39856951497495,32.18979649118327,-123.6954705638824,74.97614045867013,-101.70516869350695,-59.14292988444774,-73.07529367655854,-11.057719265630269,-22.544908782479524,65.11738068415349,-18.545828881397767,-10.261540952729518,-8.015994792816201,14.867326349478361,-5.674798298001065,11.099541896762219,10.655954288633495,-15.40562705865177,-2.2133540799017197,-7.562852849348047,-4.667656324958671,2.864463073247009,0.645856744302904,-3.1221023992404113,-0.5662996133477947,-0.0961350334508353,-0.06261880374868056,0.08323818272167927,-0.47120593418726386,0.194856018812529,0.309006306518798,0.28174944393926715,0.09105915312508932,-0.2158589140379199,0.06253110054636934,0.14276366423683928,0.03730360424210355,0.028895064167598683,0.0837698776812631,0.04462673730901745,0.05121297687959325,-0.005289862908824716,-0.014695556465286863,0.006264745754560597,-0.005333873954882051,6.671221388787618e-05,-0.02411952613557755,-5.565322953593466e-07,0.006095378667813289,0.0019489164021487815,-0.010162296156289607,0.005297242776572397,-0.017398545483817085,-0.001972679432708624,-0.003344554881227424,0.006456951672424438,0.004165004699217545,-0.0009004138692958463,0.003792624257120014,-0.003757787707367344,0.0025974007893294626,-0.00399358074777556,-0.0032099544554780035,-0.002004954192663888,-0.0038887427845382128,0.0020766011587218802,0.001347564961046377,-0.0013636112354923347,0.0005146350688599588,-0.0012112027492405808,0.0008966808700003881,5.563896706500815e-05,-0.00032931162160076966,-0.00046495735315810194,0.00021659417795533847,-0.00042614988377809304,0.0004817320898444777,-0.0005874059931405134,-0.00043012404814895405,-0.0003172657893278034,-0.000322596585631274,0.00046143924149671944,2.906177997291648e-05,4,NO
-57560490.53184301,830415.8831219776,40722.268281885656,-238560.48977989994,-142600.1729514834,-29122.695548778676,-9165.48864739206,-56384.81856409956,-8598.822929040878,-15472.21025232266,-2482.3270224253465,3944.3942169745715,6431.574489841665,2615.6656031257407,-487.62328382378655,-180.62423948153173,-591.3393169829494,28.124670889371203,162.1437596923271,138.6776850270262,56.509921123566755,-136.8326284255897,-47.05016439053347,-34.10749215893806,14.451948843880647,-18.268956774433036,-3.690617476363002,-84.28961350867314,10.770690911426442,-29.25584032369052,-18.747497167337627,6.695079051213838,-6.482863904861745,-8.485451054767566,2.138118591882524,-8.576157655850281,-6.0546747743590945,3.5956583793360437,7.567817739011673,0.8986755836016584,-1.1539452431317798,0.3182155085055669,-0.27966145089826,1.5424408235613614,-0.2610732272817273,0.003398988371539957,-0.07531117340101101,-0.07130552082475194,0.07011351278289668,0.006669323026880284,0.14817531257727623,0.05832078956286857,0.098659098946424,-0.04879676925631138,-0.10083721990540839,-0.03061686547568898,-0.020383764078423017,-0.01911681803482912,0.006030074570043897,-0.03464065955165907,-0.019578602821423097,0.0015638154799049175,-0.03079489091111154,-0.013413491611832917,-0.002159933543847581,-0.0012524560496347537,-0.0005500006490699871,0.004406275033434992,0.0020413729028898597,-0.002411686696008497,0.0024936107381398065,0.00877075530663296,-0.005594335346156498,-0.0018688330841832856,0.0058189462571449635,0.0024438835063780306,-0.004578825520049845,0.005015688517935768,0.0020380146110272612,-0.006025155554276518,0.0036802676279374946,0.0005828532872473868,-0.003342058573891249,-0.005935836762619079,0.0002491530857282598,-0.0030343540411919,-0.0001756831039145812,0.001245945870545051,0.00017006991095264157,0.0008539865221779408,-0.0019459648674167163,0.00027563149237126196,0.0009524168464023486,0.00041296119646916374,0.0008729228604843903,-0.0007467050197641906,-0.0008052514829137939,0.00010524841900960702,0.0001646332599840039,-1.2832097906756434e-05,0,NO
50751019.58199638,-1742887.7064425647,115052.3664630776,-39666.42728378854,258707.61720202444,-56373.66322423775,102871.6039004382,101500.20445984798,-2899.0549493931467,-1438.5732360245402,11528.335083773023,-3959.9630523129745,-1290.7735584278926,1588.8809713726696,662.7041849514735,399.29324202799876,416.39190659888675,-246.843641513915,-491.1451711252672,128.95754000177726,25.942196238955148,-74.49151818334838,63.690694432237876,-27.45926569680485,-24.744736144965163,15.153744219585747,-20.2058717033334,-18.702457912626357,2.867352325110147,-22.15937607660706,-8.090097908310497,10.585372900059724,-1.104785351125912,8.44758092340885,1.2459992823931039,-3.7098216578701795,-4.104918143383179,1.710206895271483,-12.863028226612869,-2.0517297831832764,-1.7059191370844644,1.2854212538430403,-0.6662125807596624,-0.03104646782758369,-0.0562057025349354,0.11461461228063641,-0.08082023881330525,0.028249529855938427,-0.13057180216806685,0.002878130717872948,0.09350641957126626,0.08885017227351844,0.10459315863031016,-0.09327988222495076,-0.021741248815858594,-0.025037664826592254,-0.04402564807200182,-0.012616974194622266,0.0059582468895871266,5.798048089644681e-06,0.006651392181237004,-0.003577903579921937,-0.028309951113004272,0.00882026192072427,0.01833210146619746,-0.0035331934154581024,-0.0025229071176017803,-0.0016859546118336843,-0.004679560703539809,-0.001183743165985296,-0.0008941421355616042,-0.0019090309232305813,-0.003878761926944918,0.0015085158337948545,-0.006250340420302036,0.0033632645828647334,-0.00212833006035118,0.004955486484012894,-0.0022751532094700266,0.0043935256257199296,0.001751826424034153,-0.0006403929113341089,-0.0008478552966642017,0.0016337205675871214,0.0027217891632096425,-0.0011923073900464987,0.0002517452201242776,-0.0002762556995982157,0.0028677710237460796,0.0005232690711243215,0.0023030489496715933,0.0004812003794032512,-3.0308791388988787e-05,0.0004015156421142141,0.00036070698412447866,-0.0008259202649080269,-0.0004794373281818091,-0.0001657882221099971,0.0008729774347206454,0.0003890136622459184,0,NO
18995178.092820823,409434.46173688676,-137888.78555518982,190709.30645720393,66988.46812204178,-37480.193250219236,36046.02292607948,-22922.891693427868,22508.178603345354,-2693.9816769693443,4764.493355604874,-3345.6544734381023,47.07178252466474,1867.0707335265242,-229.0632721915208,-26.285741094836112,-453.41882220186017,58.3838189191145,381.71685452438305,-103.0688432797175,30.825919664627463,-53.234677842580254,15.342227572480795,26.212581653471915,48.92368401478447,-1.351605938551529,-16.335727245975306,-7.536021641635784,-29.62274078900262,-32.491066095829396,9.029949952936903,1.2136917166924377,17.637119595368546,6.455266117436679,15.134562107169753,14.566875169915178,3.2911100654258227,-11.822148508264775,-7.87475190315854,-0.020952832240141106,-0.7427167659822231,-2.5072627325072645,-0.28205880919801984,0.30996463716905254,0.3696600170949047,0.012730572070474011,0.2169804308093335,-0.363121991912585,0.06404665215808691,0.007019126575470509,-0.052015381286728335,0.001888549644504689,0.05987501468705325,0.05502371742152312,0.010412527351131295,0.03211416566946079,0.004078515209840372,0.0020017133637231233,-0.022623435177439477,0.016469374096901745,0.015657243149155065,0.0023166686820914606,0.003456291277174506,-0.010556852093449365,-0.013070269801246814,0.01124933085976454,-0.006715623174138513,0.009702374897973598,-0.0004750371358321903,0.0158828136801325,0.00451055382932064,0.006440685525221923,0.01100223335972661,0.004066012009356079,-0.0033631693635867155,0.0064613831504625185,0.0018499417051709433,0.004891712708889884,0.007811572570961989,0.0018228550430823276,-0.0005597705989286439,-0.001318292147361122,-0.001270168791442039,0.00038250556528771074,-0.001295707618287012,0.004196722150173304,0.004718964462317787,0.0008651120301849113,-0.00012890447196478583,0.00573241873783803,0.0024294724053188776,-0.00017584495106647263,-0.0008390284510914059,-0.0005217427559010002,0.00042772577058651506,0.0003631257151162654,0.0004603765443169424,2.445146084162353e-05,-0.0005293229410144318,-0.00043110680475139107,0,NO
-83632762.82302088,197549.60714028962,300009.4013712696,-267984.2123511151,82172.63214630968,-147368.0855484109,-100794.75034614123,-9724.884987421021,-19982.573450421158,2287.590200347475,-2421.3778371371955,9587.503514616736,4257.164207992233,2154.7534415954233,1306.7708414343451,94.91185149309626,-59.997518189404104,-344.86404787139134,-334.7181739594745,-59.82007926072072,-102.69794533600503,-148.85239896895126,-37.55272735772721,-21.662845932014285,-0.7478099734978016,-2.1996821337899064,-0.9019424613110232,-3.751461813030346,-2.55480389230064,-18.962339585388335,-10.957527291569335,7.283272370259056,21.580271631922358,-14.40778801959118,-8.559931333680588,1.3436026547999234,7.2412756436725765,2.1512652145574975,7.99424293235495,6.31832182795813,2.4408265906492232,3.8812918862911516,0.8530246754188511,0.45677369474796103,-1.0266876638847116,-0.048061132453380395,0.5604696171330774,0.24573484806729606,0.17465544667080346,0.041735824847145706,-0.46919198968077414,0.17650746339949697,-0.014448910051058306,-0.06378192851239595,-0.09289759076741522,-0.09741036604731285,0.02276065362806401,-0.027326031452901578,0.024989716333418288,0.04960710999591189,-0.04044886250530855,-0.05504227270522932,0.01126024414138349,-0.012068137885662189,0.008648806422193234,-0.0004757243402517819,-0.008853358761219565,0.007933348665284945,-0.017062363489998456,-0.013066281633649451,-0.002463982127169695,-0.013052327392235608,0.006971390689208157,-0.0075460577430633835,0.0024736479865989924,-0.00028452097537878807,0.0022725820943609865,0.0012713731374551784,0.0031517642059690765,0.0015922293367378604,0.0018519863254384816,-0.0034822970500913986,-0.0006355007905267662,-0.0003358375127235358,8.504906397543976e-05,-0.0030673178907442145,-0.0003037504496985477,0.0016128868773750415,-0.0007645793028200898,0.0001946250083351142,0.001554103917973615,-0.0021564187169037037,-0.0009485274437661673,-0.0007068427576343295,-0.0004643451979685076,0.0011027632802862505,0.0013308117274087646,0.0003036070632367327,-0.0003287045281859524,-0.00048270768737818104,1,NO
-88746256.82677168,605108.0377716525,65478.584651030134,-83006.45922503516,-35417.72178836464,39396.52988164681,-7039.143612813685,-5617.295723038827,3409.6578967548558,4578.106522069258,9718.470232851394,-4019.0981033231074,3919.00459940988,3904.235251729723,-1.517851411277661,57.88485789538163,244.0708874501471,152.42476039138012,326.6023390667209,-118.90233088748391,-3.221289123458348,2.3613542226391644,77.32471616829673,-14.510801539542598,-13.232217778960138,-43.610161913516436,-20.26702262367354,6.027337044506396,-9.297454835247578,-2.713770356847931,16.30789816744803,14.255168851176563,-2.7527178705978486,-8.49298968097861,23.222260784145217,13.812883548758904,-9.276778792149978,-2.2622916912020514,-5.110141032335605,-5.304626087304854,-0.33770083913735505,0.9527963788066245,0.8968958629045716,-0.02353332694317123,-0.6429815394789742,-0.06951362839979325,-0.06517326374047538,-0.8436738314445416,0.023835867983636128,-0.1953853715145053,0.015592233476732886,-0.09066600730331453,-0.023407783861359555,-0.019942946478975765,0.07556711733620869,0.005275212626346004,0.0702701317275416,-0.07081463971435698,0.005677991649905678,-0.013042188538448407,-0.0022623642359125284,0.031493277002763165,0.012828193159302836,0.006588014375836337,0.018548190484100502,-0.00033191289778145006,-0.0031278406981206375,0.0011917322026746557,0.006431999817392842,-0.008008321690065157,0.0005707235794345511,0.002391226693187587,-0.006141188093492289,0.0013305396697356198,0.008209082598608086,-0.0027295453870883613,0.0028869720528694742,-0.002267260660783421,0.004869945598334979,-0.0007822464329556578,-0.0005456014125667652,-0.001460549942206013,0.002748933894656913,0.0008152545379812859,0.003528469897036368,-0.001427511465988407,-0.003560172259767791,0.000986721368422594,0.0015768398846715548,0.0010938779652911457,-0.00019034207230128608,0.0009693325131227611,0.00010565924445227193,8.058386941689477e-05,-7.738750699849695e-05,-0.0007097298268554653,0.0003995920986768816,-2.4407412674953832e-05,-0.00020109179340260797,0.00015834370701267586,3,NO
174664233.27209532,-1626495.1832822012,426445.0141091114,-283192.8717795354,149536.0567665274,122268.35761026214,-58481.02952973854,-23183.337782532646,-11288.418915234215,10923.53405499435,-22242.81081172284,-11098.992139715629,11653.387514900893,770.4328003551885,2719.5168770651762,516.1670934301674,-64.74864881394365,206.6244645052833,119.55924275179277,-70.67025533664321,-27.036962884521955,56.43723806667987,-107.35955075326049,-20.548705666454993,-54.50685440078432,95.02791357661738,36.53825421285558,53.78094194249411,26.34682639814463,-14.465909037553203,-46.44430138762104,-38.68529507935148,-2.6134659139445944,25.1790964582396,12.487864890493025,-5.701027251205275,-14.082804908135216,-0.29136922502840434,-11.563086055626513,10.271080792528338,-1.7312705134282744,-2.5134434790986546,1.9568378227936307,0.21060073787947875,0.18027960837119394,0.6040204623233727,0.284371896551324,-0.12322701818836634,-0.6325665096193402,-0.2510589690144835,-0.0824218860868049,-0.076887026048015,-0.11040822843390963,-0.11475740513486099,-0.03399606028943669,0.010218239817212815,0.023554252723812397,0.0009180797490278003,-0.06072349291363843,-0.02366694868903707,0.030166470656718847,-0.04166986090101332,0.016481764808818467,0.03460746969567996,-0.002176097746819039,-0.03353729118210769,0.010032491430107815,0.010918172267773918,0.011082293727332493,-0.005310197855906196,-0.007116430899459125,0.01369924143756096,0.010600817480963975,-0.002919624773173868,0.0040167961446559985,0.004981263179624662,-0.002211261171532808,0.0018590207219251198,-0.0032822610844904787,-0.00425347765596662,0.004030751472791527,0.0012703058473304552,0.0019496265164196114,0.0005421168350018268,-0.0001749322986941415,0.0013441021868062508,-0.002954155230745492,-0.0011423356509243643,0.001382464331366462,0.0008676900803572529,0.0009159553215614125,0.0008727294348231853,0.0011606578544784973,-0.0008320625105850965,0.0014193998655769868,0.0007146252673148543,0.00021453801049473552,-0.000642393973922184,0.00036392870909834896,-0.0005136693848626916,0,NO
15709335.287737072,-1849336.8605119884,-123407.59125081601,-197440.5217685367,314134.00065023266,-206856.06928189355,4526.010082068289,6544.698843602062,27542.671195979754,-23994.658751934487,-10730.971039659951,-15442.506664066066,-340.2951173865622,1010.3974515317462,790.3093624083904,-148.6238550384155,-4.546270818079847,-74.87203721400672,-506.38372971856484,-120.9286467515675,-76.8343115207976,55.97116283977749,79.58947551059174,-14.585719192301454,-51.9074960815243,-13.833205221835215,1.157721199414425,7.660160367066737,-13.668694248061541,3.6054761962727895,7.598192980532474,-1.6375960717358566,-10.021589268113274,10.219417010562665,-0.06820316288754924,1.9254234620643587,-15.420001683130813,-1.739871394046304,2.6070278670445646,-0.29611089445370453,2.456122232588754,3.505350455708893,0.5845252586940717,0.24083515394282662,0.21984153055474565,-0.4032406996538569,0.07638886575276871,0.042525607372769336,0.014483699045679366,-0.045864299143158295,0.15265520649796205,-0.0840814300230619,0.10497111709736018,0.12213516639268196,-0.04491447959299766,0.027190056591218092,-0.00927585946796139,0.021239405102501774,-0.04289700488781212,0.0392130674455613,0.0008000438203947802,-0.01591889609146868,0.03402793714322616,-0.03251590668545834,0.011464133952578726,0.008340593652682582,0.007076842591152932,0.0067655318492550465,-0.003869650374149769,0.00014085641685129824,-0.014657665154546917,0.003017643655905733,-0.009470665117064847,-0.001832212724526494,-0.003945939295642686,0.0026938808789069846,-0.008305794068390382,-0.006915464728977749,-0.003604981141636987,-0.0030205755351526697,0.0017108503860279178,0.001524454870073022,-0.00018194656610304172,-0.001188324741506569,-0.0002357845633782496,-0.0011091284455481132,-0.00011347218622015376,0.0014940702512852289,0.0006869059905914021,0.0010812029082940544,6.423748124761985e-05,0.0007664024105075084,0.00010534083468738409,-0.00021522921621863755,0.0001510827444331786,-0.0005206145288791653,-0.0001930041003706199,0.0008992384233459383,0.0006845155854111051,-0.00029083457028439286,1,NO
-1277743.3829903603,-835879.5419711992,385483.9291332712,30980.029886707605,-97756.912481034,4968.768977082247,18343.470091206153,-8600.99020534219,-8390.416483891662,6813.001901987418,-5831.288200627401,2309.7069127293216,-4798.248440719464,1377.1333103672168,-784.6139679415046,342.94449147461944,-456.85980768423565,233.71497727095561,212.98236264621417,198.15599878510068,-193.66787317509863,142.91822565561063,25.49849862254399,13.781229633193249,1.9273310707208537,-19.128492142887126,-18.884110803412284,-7.231249114739455,26.85575039926411,1.5054569555539672,-9.835900335314392,1.9367710634270452,11.279206912993118,-15.368739217947905,-2.2500335436082715,10.70754006315073,2.226100982180977,-2.6541797322919933,-0.38289532913893254,3.0178153301771857,-1.7031212397534503,-0.48516652004345673,-1.1521929756940636,0.38928592780520876,0.5312559151865486,0.285817857442499,0.16078132271427936,-0.2749447410388548,0.07783526165969512,0.035117519301494204,-0.04629519811058813,-0.23967911983537116,0.08780410837002872,0.2871903403971289,-0.02304823187398153,0.028320506516875454,0.020139086469804113,-0.03947595441914986,-0.05691914169826462,-0.02106431201027892,0.006810684822009083,0.010460924587327725,0.007937514888970987,0.0077117475347021625,-0.0006300940074590589,0.01826002782755176,0.00856683558931745,0.014599404212364886,-0.013078523807888653,-0.0011052160645379505,-0.009589675393105956,-0.010443885395427177,0.005782624973541317,0.00460441145873125,-0.005082508235263905,0.0016403712966566175,0.0018257445345919443,0.001363866236068656,-0.003424279883961212,-0.0005653319428953196,0.005166550331038411,0.002456778570920415,0.0008766820435093248,0.0037669607303395525,0.0038894952421449913,-0.001893938432718345,-0.0017052624024895824,0.000864829632439279,0.0013074006179578657,0.00010493361607744056,-0.0004765977962624124,0.00034409261977934227,-0.0010065801436814903,-0.0005452032190856881,0.0004338080295350072,-0.0015097809021182608,0.0010322959130486305,9.321412303719967e-05,0.001067186297848799,-0.0004857699185068509,3,NO
45176616.99125606,2118437.381162082,-117728.95345622709,339702.2627609021,-111569.14188486635,20942.353310751452,-2859.1326959555226,1067.5646955980046,-13799.390659201425,-8848.09046530729,-18840.40741033327,-2628.9393513792747,-8448.244653477243,-3309.378666602465,727.0760454743249,-383.0306476815399,303.63667301788064,-164.94591686299404,342.6282917883751,-55.22404453074034,-82.3781776032323,-29.40474672607988,23.449603734208097,-42.69779932107846,39.60466429555571,-33.144705439725385,12.117350019479204,24.6417580644989,15.569539120974326,11.860297664323028,-9.122301096681127,-28.63076770683199,7.7345723689677754,-6.1326418644461,-3.56449891944796,3.024944718042832,2.40421705071239,-0.24039376753125907,1.1298070634881583,1.3267511370514598,2.535451135528625,-1.6094740950096025,0.9107220012261621,0.6711250919221401,-0.27887284679825797,-0.6968353703051058,0.2717500021107151,0.21299740275717838,-0.11562457525256242,-0.2097732162523477,-0.035018181235936474,0.0829527076692611,-0.11494964954997222,-0.14357471114309095,0.00714995684075781,0.052217315168697986,0.01683603163027181,-0.0028702514601310902,0.03867381113998536,-0.00771323609070329,-0.03030796657473145,-0.000967962430333813,0.015331832239737664,-0.014782371781042691,-0.007882717194431121,-0.0008023073261660407,-0.002558576940290741,-0.004568086698028495,0.0016175818456335422,0.008372137872827257,-0.0017010880600126788,-0.014006101521050418,-0.004385299443273816,0.007033920026091156,0.0012308193322523309,-0.0016596241277941903,-0.0029848241270111764,0.004028984712787231,-0.00414160652588258,-0.0014409931483601035,-0.0014879934866157685,0.0014131327362221224,0.0004346068334224462,-0.001214118751001747,0.0011921903756284546,-0.00021663692078000008,0.00029202459481036946,-0.0005449567920974285,-0.0006267123181561973,-0.00015199632704421262,-0.001046901988877691,0.0009455912782062375,-0.0005531406442528253,0.0006373108137410766,0.000258931845665486,-5.318358886748434e-05,0.000943521994154017,-0.0004739154851447491,0.0003281770972300424,-0.0002946109332969127,4,NO
130731395.0456239,-811071.0674495287,-238867.60889285535,46769.2204584413,-131790.1422735983,253924.0495301566,175410.78052000934,17181.35336941926,38711.93043012323,-4342.619548430343,30570.456577328623,-14114.52876623426,12698.228677853982,-2675.834844186091,1865.9448029762953,31.34877658030473,462.4046437357644,-59.09093232181016,-83.80957859740946,162.36085834455344,-64.9485269864561,183.99937473278843,38.33217589424817,9.743846080742628,51.65616994735775,43.23085764944892,2.4629436434238983,-17.50963389923902,6.132218014689101,-25.85871345368801,1.1542088704959212,30.252048980343034,15.224616911818146,-1.7855332622972355,-11.06515766956172,1.7407542957994337,14.939282384268001,-3.1487796725508588,4.223195376913964,1.339538172405696,1.1769673644337146,-0.16281485956400132,0.02620762132444554,0.5890900941645758,0.43579380689361,0.6043421262384463,0.2671882816535156,-0.2020167565479576,0.1515265099739742,-0.06902329245560739,0.2810482013264366,-0.09736985651882657,-0.13730070572803488,0.059057720650954826,-0.09199515534768787,0.013938312259839547,-0.029639969376199726,0.01292559538014526,0.031769579671510284,0.006778803487993201,-0.032610844445405185,0.018268680284840855,-0.002927713710669577,-0.014624095335515896,0.011581461694465167,-0.006351140634898611,0.0031170546435688173,-0.00974076839521898,0.0017341347972659182,-0.01348024311777915,0.004755551958959381,-0.006842691849834548,-0.011056277730466135,0.0019334609890234722,0.0016214071330338253,0.007024299984853766,0.002676032900167602,-0.004465043117296119,0.0035069708739743355,-0.00360343188085821,0.00031929091405402676,0.00048298002849289645,-0.0018639956410573255,-0.0010214507794363004,0.00011812730847138297,-0.0015510282494234362,0.00013660226746980975,-0.0017448657805300138,-0.0021697154430408983,0.0007890772550092073,0.0009747122634946592,6.526984717508243e-05,-0.0024030142527913245,-0.00025341221123587054,-8.842460650523853e-05,-6.317303898721767e-05,-0.0004156394973626968,-0.0003309989704376459,-0.0004180986536049258,-0.000502128611204189,3,NO
-53010271.752904594,122529.57356127398,-104539.61003948445,-8368.204777114966,-51720.45753150346,-18740.486265721527,37705.907365218685,38761.03046787347,7598.241220818483,-9995.027611586345,-10092.773423918286,-965.2398624533671,1460.137890703627,1593.5166394910239,1109.7770253626659,-41.937422124591876,-131.13468498177463,-201.08975632598987,-247.32511628799497,288.2675669801565,-9.213047656844338,-67.19148857640187,92.90934855099425,-78.77734669395939,82.20670995375121,50.06014145385166,-38.35495435630844,18.115620870794316,-22.10912906005464,-23.56317030889427,-5.3107759845266,10.312020465679893,-1.0418092463812343,3.9063605323915453,-4.6810100694221575,15.556811098409554,1.3593058918146603,-3.265015994390353,7.860280719101979,5.107374948268912,-0.5325994540604455,0.6520791787535458,0.2733739616818127,-0.09631776964632399,-0.490858675103798,-0.05153393305771914,0.1020459922299004,0.01861818184159114,0.0831504694585683,0.018971243553643522,-0.03332937058729968,-0.02836812519763443,-0.2971535063456985,0.12836988098289082,-0.02132068203196802,0.08419187067634104,-0.0356300948557009,0.03927483527488329,0.022421522872967392,-0.017271324341146865,-0.0024402749182605987,-0.002122437481427042,0.01115210488634466,-0.001707627779102161,-0.009212415616284053,0.001247789623980422,-0.002245384773516601,0.0011754510284627262,-0.00029363262224779696,-0.008926569983311039,-0.003179887867585496,-0.00024751367829045634,0.0013704334995185974,0.011661000837436486,-0.003427902236901481,-0.00900690477425159,-0.006562473179150707,-0.00630054964298532,0.0016414691340638221,0.00373531068178079,0.002666645179019045,0.003116684417598492,-0.0020848945248179707,-0.002540235824147863,0.00021340109124068363,-0.0025215185389275696,0.0008756454331855235,0.0020860743796274894,0.0010294901290583969,0.0005572335676924389,0.0007265662814053275,0.0013525244087220943,7.511545358673821e-05,-0.0006540655903752857,0.0005924417530997622,0.00028520578551506116,0.00011217079053580346,-0.0006185611177362826,0.0006855429953482317,0.0009623003568328126,0,NO
65479670.97824234,3193740.976434272,489959.85160079546,-90411.19918557385,-121508.49067320843,-59386.992953107736,-61646.271911870725,72658.27868112312,16784.533986381895,25883.995932520527,10637.183542926747,8566.929145124283,-182.45738193100988,-778.9664215951839,-2613.663638183758,-311.46379214756234,960.3111408042218,468.58490546623113,-209.12935861241183,-99.2093618985383,102.79238479266144,98.83622484711938,-49.192819037405826,-64.19378761008184,3.33909719166509,38.78139766245488,3.5660892535395305,18.888903969052762,-30.90916731728808,41.16958465323771,-10.659760113483202,25.74755093070985,4.270431497536379,18.005289130279607,-8.616284290199175,-7.776725362788653,-9.386181094181516,-10.182454921523174,-2.7413625400704404,-0.49135322505289025,-8.626074159371047,-3.9194269531761847,-0.03575947484466724,0.07495990946282838,0.10194879077034358,-0.768585509170336,0.26710492968268085,0.27177881026084094,-6.557833842979477e-05,-0.21960746997942238,0.16549966287380613,-0.043262616035332435,-0.05827611283205769,-0.046535498490460014,-0.031074830920389207,-0.07429197337111432,-0.022803200422520487,-0.017957597216962107,-0.01232271688445885,-0.034334962432797766,-0.013969333463067723,0.009930451812071084,-0.01707027769129066,0.008892873554352754,-0.014640448718852062,-0.0078125204855779,0.004185929656964377,0.0032286951384247198,0.00263958555351429,-0.0019934015343546774,0.001998038784504663,0.004523784441968548,0.0017905006291663028,-0.005864234376624422,-0.00436441370715146,0.005611247836883493,0.0039768616257771505,0.0005356557642000048,0.001941650445464127,0.0033664458108133566,0.0001918787748123041,-0.0028720474901910986,0.0023544747680182,-0.0006502863554323224,0.0008676105845897286,-0.003112815512779865,0.002059019022108144,0.001742802781322661,-0.0032063998365327584,2.602612036328722e-05,0.0009579060525535255,-0.00040312307258263003,-0.0012306200382465882,-0.0005680224577567783,0.0013396513633752438,-3.264688636631444e-05,0.0002715590602075709,0.0006982194119793395,-5.834376633756522e-05,-3.200863410840471e-05,0,NO
36363628.660841644,-711218.175931274,-139224.17302265938,-262846.375121869,-33617.67523829074,119238.0172155733,-25613.513232790952,-32408.06512542523,38525.664308902575,626.9874656585343,21563.1897062332,11878.058952997868,4821.751869935628,1109.051606995361,0.30557339936967765,-56.40768881973668,397.7948744275391,270.37470237984485,610.908005932171,210.06365871980245,133.2808996960352,63.50346141511383,47.900970602572045,-21.574348065380164,-20.083465528890688,9.967290530033893,-24.717534349039852,-10.250810497400892,-3.6808511867928075,13.883943522226275,-5.879125422933669,1.9961246497732645,-19.704059070156717,5.991124895052394,2.840072021498486,-3.5596686364538357,7.3422725864271285,8.616505494931687,-0.30765463113721125,-3.818316963960811,1.2600573906171277,-3.596682715990198,0.4935990339101437,-0.01049523742045988,0.19873860237940022,0.2063230107501539,0.0711882590973536,0.06319122492268514,-0.1218277216734176,0.14215069075242068,-0.22200228362743513,0.109274302560316,0.037337390601147824,0.045808054601613524,0.03605263208318377,-0.004210437950647572,0.030809162744181773,-0.014568484502624823,-0.027565179851261945,-0.0038496212499543603,0.004029131859526469,-0.02137375313765766,-0.015925334498004706,-0.006226906973835433,-0.0046200483229612566,-0.007922560257371813,0.0023651096403742022,-0.002601443981032625,-0.013750646826834578,-0.0030314683971181533,-0.0033215467446778835,0.00010464094895956677,0.010518604027814682,-0.0051833686287819924,-0.0012574680694699136,-0.006193719640014805,0.007762583492245456,-0.005082739676601555,0.00031735826342194073,0.0001378056091521085,0.0013675355305656778,-0.002770464333646583,0.0014269743757857611,-0.0017353516951381098,-0.0010864852521413892,-0.000757131764259733,-0.00012570662217825657,6.06889226983931e-07,2.1810195500793217e-05,0.0007037071560276331,-0.00034419879567759715,0.00016137779750502023,-0.0008862789678124594,-0.001665667774390145,0.0009036629797420231,4.415237053161797e-05,-1.626208438179101e-05,0.0004516847569890903,-0.0003248870090065137,-0.000882551670801146,4,NO
-1490391.469591856,-43851.25061426032,611247.4493681208,46101.74948718306,37198.58222678545,-22696.35897613362,45438.591502851166,-97225.18002014262,-29392.607793687144,18961.01021458255,26035.56645554732,-3694.5279950481054,4482.879124933852,-906.650387099458,-521.5756460372977,361.4069378245514,-1101.5988801390943,-466.8881414249828,-484.9047513244458,179.24304778633518,80.82756186897151,73.52256023991833,146.0772706477248,-3.59931959672916,-29.49963191947145,0.6483253730268643,-36.00013687159827,-30.972495285403227,40.92944443942683,-5.294441546163469,6.470618649807676,10.176933119748696,-0.8868271673313757,14.133453607024137,-3.776141773834894,9.711049968094898,-2.425111178171793,2.318163682922602,1.380788149550085,4.605414380344513,1.6698024837176746,0.2846757228533292,0.7369439730708791,0.1925174760217283,-0.08251768915559055,-0.07862602394002494,0.28601755713782584,0.093944291945534,0.10677371567589722,0.24424476590727837,-0.17410552148274228,0.07892048427035281,-0.1425059953162302,0.06456034196489435,0.028504367231330985,0.03603844042571103,-0.02845436312122107,-0.028447227605358893,-0.017177655893125143,-0.05673584467299886,0.004992618103589752,0.0023030391093499247,0.010449260224249413,0.009149883836346184,0.004128891518162314,-0.009787618804566467,-0.0006479934354077233,-0.015346361586452473,-0.003117413536131708,0.015241535022129826,0.0024457382186450216,-0.004669247853145375,0.003115656153065416,0.004774929980344567,0.006173872918026957,-0.002452991106107749,0.007358957880215122,0.0047138307770433485,-0.0030202456052710325,0.00014023697236620336,-0.005444233091234096,-0.0009150577736622978,0.0004831590288318921,0.0014573346057702996,0.00047160137912449773,0.0010098269646829916,0.00010120981067984758,0.002528598781239455,-0.0003985167933186484,0.001386203189930546,-0.0016869098770200264,-0.0008873115815266524,0.00017188572839033078,-0.0003771334488624767,-0.0005291417241388291,-2.0261710330874566e-06,0.00019424643230634385,-0.0001716889417879841,-7.176336205666489e-05,-0.00038638690487396987,3,NO
-39767816.920055866,30287.11880714493,210238.57585119212,-347217.1446687501,-153791.4236164014,-66899.47211563306,-10061.437344538404,-32969.367656105445,11550.948044279125,-5882.551200944767,5904.127073661224,-2369.180924631073,3129.6185011652797,814.0281885451608,-152.00613163240632,-113.20809778974535,-164.29743283160258,-41.83955421938728,-85.3029972732837,-52.72079325600009,-6.133549933788146,44.3108956190047,125.18633861715034,95.24494142518132,23.03059825652156,-31.250649030337286,1.7596334955802035,-35.50194618746957,-0.29805579928103043,1.255627477200946,-4.277621971666122,6.5123870349557365,9.61457296626753,11.53874345580141,-6.743708276738289,1.806338622024228,-0.20344878121473897,-0.5063236626182857,-3.8929632092337556,1.7802420391532365,5.061802216121933,-0.22308099342622967,-0.8054262540274948,-0.3459989889686219,-0.8301132972921792,-0.3218798354602157,0.44280063334404396,0.2640582312931672,-0.11548899953314518,-0.06570580142405702,-0.08849330772953756,0.07877245276360334,0.1348856658023374,-0.042449027796872096,-0.0589159209609349,0.03274248105765798,0.018246032393228084,-0.022651425046323226,-0.03583188545070515,-0.013434103434276423,0.023949349986621904,0.015536575671358577,-0.0004325512228462447,0.021168520213879383,0.006177950770124729,0.0007251769504243999,-0.0188880519400193,-0.00338659854543899,0.0005918073267920931,-0.008917980900855715,-0.0132342965077753,-0.0033193693873689867,-0.011809538064390779,-0.008240018407911776,-0.0038239464268614576,0.00040051061394330567,-0.0004765200433975991,0.004697068761630341,-0.0034189654455336616,0.0029358082002044483,0.0009266194732671096,-0.0003490509019163923,0.0014010344997339441,0.00026063872180467906,-0.0015943319284935642,-0.000550017468996411,0.000301945078256205,-0.002364088974730172,-0.00022258127722879495,0.0008453989181267385,-0.0003769485391817984,0.0006501647342454222,-0.0009497357094564451,-0.00037399877387966907,0.0008099086076941292,0.001121998631183634,0.0008864954514195885,-0.0011020857145038754,0.0002888994148808055,0.0014102142828621989,4,NO
82277070.73604125,-3420686.3457472054,-391613.46814205276,-337252.7669194279,33334.05042876172,-213675.75434363366,-53760.24147775329,427.9713156041398,161691.7716790003,-16433.43989922016,-22229.730780404207,13493.335613665105,4827.913626467578,1168.381184749952,-1135.1464132248511,-777.1402221826838,-9.387350188540836,269.082255598042,207.37165532506103,211.54605358878428,56.00947584558293,74.86148810700624,38.72209376123499,-2.822279373820635,-6.66991350545452,39.45206106208161,9.830067525339587,10.901359557337628,39.85561454019954,-13.180548545825758,2.6357322639093184,24.451617186155318,18.89039351835973,-7.048707814171848,12.572405924482407,-0.6367810630927124,17.13466627650504,3.297411287962916,-8.120438400327657,0.6782358537255249,3.43688354489894,-3.5178128749841306,0.9079630844530442,0.7615195922414353,-0.14425071343699614,-0.0660143080610851,-0.39725615049628793,0.22732104236528272,0.32072606909934454,0.18033066108441037,0.17937594012165903,0.016248586638916596,-0.1297352849218001,-0.10169357351140951,-0.003553198858701645,-0.07785275477619058,0.036381011910219474,0.04590986381952833,-0.054886652002690495,-0.026858189346424588,-0.0006816217659166846,0.010661436962418946,-0.001232286991350029,-0.01889813333140644,-0.017080218180234086,-0.0109637652923813,-0.012259814046953948,-0.005247554875706939,0.015755781806680358,0.008566157678362996,0.0036489216731516727,-0.005482640846068865,0.0017033265050594437,-0.005273095847878273,-0.003887889559190949,0.00579511368234753,-0.0023881697539054336,-0.004346506597700639,0.002271957844231842,0.0018464489156646557,0.0036232501047003263,0.0009321628301834917,0.0005138345737529804,0.00027888772978013066,-0.0034139656728644496,-0.00041174381700803675,-0.0006361801051377736,-0.0016688584646576965,-0.001154926325985961,-0.0010660324716689207,-0.0002534307222556986,0.00011850178556331841,-0.0007252332711582543,0.0004268317994808868,0.00017797010001326108,0.0002732843582413918,0.00020921559771755992,0.0006360706610479827,0.0011244046649380723,-0.000860871531609686,4,NO
-70334236.92040348,-1128750.916374348,42353.451348864124,-21775.405315563927,-152124.98784729763,-12819.235017810672,-44734.40067909148,26261.598296228083,7612.080807423859,6182.277738505485,-244.5269571732806,-6799.690317529938,60.33439840032588,5323.0272488976625,387.67312651292195,137.75423024429801,207.2814275475896,238.2357648345847,160.8463348189135,144.99451002450496,-116.11022130559365,-18.619202027867033,26.600566468942816,-20.450816731583643,-7.457007909284474,28.72613115568481,-34.38570113762313,36.11830537164985,-30.019052026737086,-18.41577791607827,-37.47764958693463,17.788038984396394,-10.503442284294664,0.8465251643056604,12.117307015174024,13.072950068644815,0.04910536531615861,3.6824379969647225,13.30347622224076,-2.8288678731516654,0.8005103987470221,2.6437119214490963,-0.23027948305272616,-0.29192904196472824,0.5569512770920007,0.23187609490975447,0.4144141439733984,-0.10119103944325492,0.11832985821174358,0.016769349224139283,-0.021254641148951592,-0.08498034937314447,0.18474436985829623,0.03628936195515786,-0.017706640985885702,-0.013371167474806045,-0.002335712184553973,0.061383397920060645,-0.013761205586659164,-0.026678242042718736,0.02285290918120353,0.002874454477579391,0.011268914680906295,-0.009982486643076882,0.016862072557589425,-0.023753925227933737,-0.007269610689322997,0.010474896382372645,-0.01563276819141657,0.0007600839076493116,0.007430882344849676,0.002729756216311774,0.002235652540240274,0.005753367805363174,-0.006996176957256406,0.0011444252253405285,0.0064368308298052845,0.006510887965978984,0.0021507237106992427,-0.002505610352802723,0.0010581999450108848,0.0005864372513875171,0.003125218887571002,0.001668048299302477,0.0019525707752431343,-0.001962843882373777,-0.0026923140389649713,-0.0006021250630169339,-0.003734280347116703,-0.002219294793398552,0.0017614515516148899,-0.0009465085574581278,0.0009599847472997469,0.0019262502487225053,0.00045779896949879606,0.00015609897564045593,0.0007751390312014991,-0.0008906191795483576,-0.000516524495345394,0.0003156588158025886,1,NO
-71643206.21262294,-1305079.7650097236,-33601.96217648382,200056.89191301516,23194.8079868668,19312.858374646763,-31331.010395420162,1751.148901105349,38185.206007382425,11956.125065585282,-8593.295030345384,3884.6699124932784,1563.1858592497083,-214.11077847312362,-719.087227053169,-311.48599150920177,101.16530200264526,-130.5342582793683,-249.3247041059322,14.649707670330258,187.8409047104326,20.933063400967427,24.774991942889812,-26.50187783350897,18.085782837876206,-12.920524499407861,-18.593166305806164,18.426230351493984,-27.573959709314522,-7.010419569610406,-18.80073130742923,-5.478755621199525,1.5926921099053004,0.9923003474323764,-9.25809126271892,-0.6950291350499072,-7.77303475111945,4.576719662528092,-7.417344520425047,-1.1074813117910054,4.058096107618709,-0.41408072632579973,2.1659765537941382,0.5859678634382366,0.043041680450727426,-0.36081966334548454,0.25004641332891,0.1286575356397588,0.06217436001932963,-0.12439535200497584,0.1644020269715991,-0.1414427544051935,-0.03399464506781591,-0.035870376522888936,-0.05170604514411581,0.0073417018459625005,0.039188322413247434,-0.02913566061655537,0.029258170107125503,-0.019197786946695494,-0.0132711481526675,0.0005479510870074478,0.009247958596045103,-0.014313487063061459,-0.009169274646377623,-0.00010111106657650915,0.004943485819469379,-0.00689467349089562,-0.006580224866807316,-0.0027541257004577435,-0.00716353371323486,0.00644881144597198,-0.007100519499428692,0.006092873898880025,-0.0062171589768438285,-0.004495738305827279,0.0036298328371850985,0.0016447618030941413,-0.005814841211337907,-0.0004045952095013128,0.002471926730455043,0.0017351645456722409,-0.001346675062340097,-0.0005054426182888871,0.0005725004901361297,0.0016143796875188743,0.0019502409287741607,-0.0036503048746625577,0.001287667873388243,-0.0011273617643419165,-0.0009198456377781383,-1.921034953294813e-05,4.31849862952971e-05,0.002454652552168368,0.00028887860591841896,-0.002393093242578829,-0.0016358690408882163,0.0005277564205647955,0.0002860556034602335,-0.0004674921147203581,1,NO
78212420.1829012,2942147.841336627,-10802.639907836216,-165868.51826773566,211513.67196307034,31294.589124544458,-660.8934765533668,101471.30261045646,11302.86684152548,3387.723020438848,15286.906163725125,35184.67792554559,-11112.462679058339,4308.1195217665045,-30.612681122080176,578.7808911679803,599.1606728616034,171.11577599821106,-458.83898762242404,255.1605651397739,132.0739953148304,-22.32835008286429,-27.09037824677341,8.560729025910433,47.82868387030928,66.00205285700054,-2.0081693488577343,41.82169982488307,16.916863394295405,46.74255580202289,-21.920833846870266,-14.181677195585394,-13.724726355959831,2.0138433493297043,9.664324031656545,-2.4587975801916286,-16.547628165733432,-1.1713348612336176,-6.027499594971232,7.075797992518417,-0.11008592612861179,3.813701325882647,-0.32370895201417227,1.7694251823496039,0.958418630050879,-0.5229719216750013,0.0681934078170432,-0.18514550965716392,-0.15029733243264598,0.08814013278544307,-0.05656367215808,0.15599744982812247,0.06613446440114057,-0.0008898986717700286,0.06417624614161532,-0.01684709204716167,-0.01522049008569315,0.005045716513595533,-0.032672461801813046,-0.007133926342982377,0.004512757059171424,0.041663980911677,0.005082761978683847,-0.0074854320648585215,-0.00486258314226351,0.0007815328953439948,0.022973172250015717,0.0010231019537629282,0.0014705716485089448,0.00021315159100532277,0.005334719950316202,0.00011484334263967,0.005035345705451277,-0.001715605870040604,-0.0012095603364132845,0.002414527040204506,0.003199415940990713,-0.005516532046814682,0.001093677722692199,0.005764729553310088,-0.00020785794265387736,-0.0009571573392916921,0.0008113957063928812,-0.0007455187896102666,0.0014931691790943669,-0.00018901247934854926,-0.0011787197974924002,-0.00030104630428073875,-0.00020954997980149326,-0.00019000850298644956,0.0008621474072703084,-0.001830468221377675,-0.0004423113356514241,-0.0009673834950112425,-0.0007879989506885121,-0.0009136585855643968,-0.00043273950951718855,0.00021266721274915135,-0.0013237697040311969,0.000732491988727435,0,NO
-193570447.8731188,1410379.397587881,194653.98611909896,-99702.09203800006,72396.63605759258,157633.23261718746,-55865.71676290838,-3932.1630796412355,47428.01125619718,4465.435143612287,8971.198477617072,2124.311151352362,5366.7751727496725,-3419.228557665393,898.8581038506472,640.2980268770182,-592.9849751504814,-99.61727482710418,-44.38051158921843,-115.23010162608364,27.00671619474778,139.00658756899526,-16.59104209865191,18.444112101590846,42.442865356195654,44.39040024921621,-35.597758473688316,24.628370343626784,1.6945716492290046,-7.52262315722561,3.1523568209195787,-21.06435402869272,-1.7947368719072472,9.012874850587764,1.7653717778343747,-3.675324211813077,14.306144561557307,-7.523278254337299,-9.857497243609089,-5.540597549876779,-9.608637403889727,4.130055978677902,0.029548787432048584,0.17382145971903862,-0.27475975011286735,-0.17120668096903913,-0.12340010755736408,-0.13711473175320776,-0.105091887326628,0.19706137518272268,-0.04618801687890617,0.21910237798674181,0.15651374579000343,-0.007645937167014116,0.0017631864227425353,0.04707831109216132,0.10755564553875008,0.08445416941667361,-0.1013396849885948,-0.009958457687346822,-0.03491109806284731,-0.007110507437261049,0.018878690504387508,-0.0017413926127636259,0.005179385090639643,0.01666708685264018,0.0014661016170685048,-0.001565666729515025,-0.006842063487606187,-0.0016510637098513525,0.013782164470241165,0.009068021443596308,-0.010245587428544312,0.020290755858769494,0.014050532752138523,-0.004307076179892455,0.006096562767631264,0.0073989909663412234,-0.005470535602567939,0.0004369462510056543,0.004916383157993476,0.0008122608722573865,-0.004160188755764294,0.0006455461099725557,0.0025801292917357888,-0.0015621988383672791,0.004196631494822078,0.0004786579456956819,-0.0021808286586221803,-0.0009451014898944621,0.0013995977130232262,0.0011532155109526855,0.0004231374739370741,5.775666369356447e-05,-0.001459454643463698,0.0010436754216662514,-0.0011184566634655727,0.0010737331197834266,-0.0005275390824688864,0.00015639014162610598,1,NO
109811508.85706192,1511659.1462809779,-221206.96030945366,144267.8119103884,388883.169361003,20168.852944520302,-200687.27173783004,52643.53431677917,13877.01220779639,12766.841674419535,15296.971986198363,13621.109447633055,-787.1272686782395,-1830.7845922648057,2396.0377828572828,186.79516733583364,362.99987778351,-721.4749681021931,205.95091751695216,-1.5528912020541839,22.50532787157772,13.701191091812944,-28.609886183431,19.698559486707524,-17.34606411985206,-6.889848672011567,-0.20798778352627778,25.510909717922686,42.785904311837044,6.252229656934134,28.750726172745175,-5.688904930615422,8.81844014216631,-12.443113420264638,-21.673052553209658,7.466583228155656,-8.362409111167795,-2.5318020606878804,2.2405781377237872,0.09527876500712296,3.0781176715423015,0.19290167172076877,-0.7759136656596439,-1.076531763393511,-0.6884266121908134,0.07365843271885097,0.33705902462699555,0.033732196238427825,-0.08433300580917047,-0.36929646408699224,0.18760979031542213,0.11979333474466713,-0.1780490153202976,-0.002421338372827986,-0.04014382119655302,-0.003549889478523971,-1.3239445788570947e-06,0.010497756166285566,0.01367769321784107,0.012188167776338688,-0.024633168690264107,0.020918288196789092,-0.005443722508010618,0.0009609310962126472,0.007464280458103767,0.011421441497537987,-0.0020182457362496187,0.002655040479120685,-0.0063912618794838005,-0.006221616794121199,-0.007177173010874172,-0.002020913819848591,0.014045302104109147,0.0008120825638577855,-0.004259096441846744,0.002677919497720227,0.005535132740256854,0.005545420365012266,0.0030636263698591293,-0.0008063606886965502,-0.00127886245916764,-0.0002985585848964689,-0.004632338769516409,0.00045400586895796846,-0.0015131413081942435,-0.0015368439912956111,-0.0008418282325657334,-0.0006445564033252804,0.001956248989002596,-0.0017275748737179963,-0.0001294789332779711,-0.0013402433048876321,-0.0002078158093659077,9.083338173487832e-05,-0.0009152382787734337,0.00019934542091963603,-0.0010134062823892401,0.00030956693132000446,-0.00013654792508283053,-0.0003813060801796664,2,NO
74425295.49318999,-1443468.5266224425,91927.27314057155,-345365.5339683025,-230660.28417359508,69475.19331768193,-96556.22081580781,37963.5191074677,31722.102370423207,-10176.992802644967,12434.64405027687,-1067.8050579516857,-11117.220124614116,2037.7443030127074,674.9113034005204,586.6368783831526,-23.96030367814967,94.42190782582236,118.5957747636306,116.73231210218228,33.07199083232726,3.826057633565142,-157.70324993577236,-14.092029285325964,32.61725871043552,80.65856985353616,-30.7182595168469,-59.99113291588412,-12.347504322293304,6.466928996936673,-11.442908201625926,0.9381739034225802,2.610076201198524,-15.544185423268686,16.469516907385813,-7.864241993573103,-8.296990651761433,-2.036595373813725,-8.03459871454146,-3.6621730713445544,5.782653231280314,-1.521704670179112,-1.575962960869731,-0.693883874298542,-0.19519346661658332,-0.1303345591384435,-0.43327418133734685,-0.29410264219108173,-0.3160058680309512,0.17957416776886698,-0.19374364825686818,-0.04755816944589153,0.023681634482810132,-0.10176869645029152,0.07932468242611002,0.014287964467624814,0.014284513922488973,0.006965002593676495,0.01683691863665615,-0.007313937905917278,0.006302501852950559,-0.012559721677410707,0.01125058842014326,-0.014191010597124354,0.004866926655078041,0.0005114457081545343,-0.008331693949914176,-0.0005315111696893027,-0.010365653422018228,0.0114198476155834,0.001829609749938288,0.0063050889813922595,-0.0018043349231735561,0.00584439963429817,0.0006367460296792249,-0.009671424053105726,0.004860188944189936,-0.0004403176461189595,-0.0022593524960936584,-0.0018181320772563403,-0.0012961139024558754,-0.0009758964960997485,0.0013467871299259748,0.00030628854299769026,0.0014151800710415774,0.0013651155149619898,0.0010830704222430931,-0.001476863197306777,-0.00014626059798500401,0.0012740760294853715,0.001057938360705002,-0.001832724814328844,-0.0007046919956360531,-0.0001438262850591565,3.570699940633193e-05,0.0003152347618887424,-0.00041600091841711463,-0.00021176794223198847,0.0002475397313942973,-0.0002324799767821628,1,NO
77854405.5990048,-816162.9862999897,-408557.25910590997,-536618.4440789202,236450.7816287069,-19173.17262806045,4588.288069504895,57013.15970378068,-86835.19346110476,135042.31972303713,-9481.661616388566,-18025.297119740295,-9342.813817768696,3997.68091168145,2462.1943087705013,-11023.134343811507,-76.83028513476359,-61.587340362241406,7.176862775926423,-24.398348150622496,95.39952933785639,83.41781071669566,-123.06841269551904,27.54376068655374,58.02600796259155,27.07453069321764,-26.088181853748267,-11.313047401079245,-3.061838137479839,-0.3630391217637623,11.616644009910118,-8.826073363305568,-5.882814988620851,3.1648589090141854,-7.784165450749768,-1.9855918093880973,-0.8331758905251867,2.1594216382231366,-3.9370526044419876,-0.9453079518587657,-1.4394991768466667,0.9270447656090184,-0.35906926043929843,0.4120797571684611,0.23106316099489632,-0.24394404411111026,-0.09363420721641269,0.053095147858194025,-0.28769470427582444,-0.1925022746491311,0.20742322553398918,0.023770828790033338,0.030869195804045013,-0.10300864486213257,-0.00043730110627304697,-0.05632080498080583,0.01286211851089858,-0.005711483968998454,0.02858021998056337,-0.010710634400626695,0.010325995917652708,0.005340198089925252,0.00023051271713281363,0.007078623271473461,0.0005991006215582129,0.010533838229500159,0.006050939688185403,0.0020631817708733347,-0.005803200772531603,-0.008529383141924585,0.00023247968110340356,-0.011618122155772515,0.0013536910006362035,0.005454094016130062,0.0014518214502770022,-0.0008616675183115152,-0.00110835937761955,0.001180518131899344,0.001424413651336387,0.002614657056904779,-0.0014842494605457057,0.0003125228681775116,0.0015207201614340082,-0.0014292835696659012,-0.00046524818347992714,0.0004364670780935276,-0.0005506046703303014,0.0006568646592149952,-0.0010791257857552528,0.0007585134908327795,-0.0013777422570562248,0.00012097406614151873,-0.001100935504570466,0.00010190629401030105,0.0002727037478870986,-0.0001660325910958979,0.00019648901632505177,2.6124013245309996e-05,-0.0004850284632425539,0.00015605601382978618,4,NO
-109108923.7462588,67362.38559387857,74233.52484357124,118381.74216467846,-30589.278686947888,70012.86357200747,35116.471263476036,45314.82231022589,21837.705306962016,2091.4415683492425,-1020.8009404667482,-6637.940614689578,2823.186264232221,-2623.7140740788423,1183.1710734517874,377.7447215732449,-789.6921356110975,31.31856570284873,-147.35161051709505,-7.530581355030563,-100.08104795052202,171.6676944968192,-30.76862403219988,7.582985890856804,12.458138511449615,30.01835282367415,44.82635494101282,-20.1891475660305,2.200052202238453,-0.6298509219187594,0.16737830989166014,5.19170273956172,-9.573118195459102,-8.778936345411353,0.2630659895031471,-10.98913436118113,2.631814497881358,-5.332585029276061,-8.543769757327084,4.940154768305575,3.9269279683068063,2.5015217301286867,-0.10500989333498012,0.7180051032857926,-0.4902176550463473,-0.6138575901992915,-0.25073367042999806,-0.610221270002548,0.008875359055362964,0.18473846437908492,0.10510148929368057,-0.13500814281595286,-0.08773510826951725,0.03242613468627509,-0.0015368459956053293,-0.08019720087461851,0.007185449501850183,0.03377969336452269,0.04816778179840253,-0.031325028507008135,0.02771817986503411,-0.017178508563569395,-0.025632637117134927,-0.010385697036319641,-0.023290608476168817,0.01715996828053612,0.006285523745240079,0.006813708414160291,-0.013209148275099114,-0.018095418321520007,0.01588525164330956,0.012153623484181253,0.00397271379388453,-0.00044251705159137344,-0.007651076067225482,-0.001955601113773575,-0.0032426024043830104,0.004938126610798399,-0.0005246528458018318,0.0005127406453773187,0.0042402982744901285,-0.005058872977832252,0.0017267633776565372,0.0034961371294999766,0.00088647640384798,0.000722319208642741,-0.0019173861417520754,-0.00012908596553151686,-0.0003532362903599928,0.00020631647253965824,0.0001383145362061633,0.00026894197044978474,-0.0010135125215663399,-0.001124435574585525,-0.0009553476614173884,-0.00037378828436162616,0.0013265871973585416,2.155072761955701e-05,8.325373593248697e-05,0.0006038686933346749,1,NO
-72603351.86726004,368024.2022045953,-44358.223616354866,167490.3789599418,-139703.29810623464,-1693.8705511582957,23321.54769512899,11983.033523020858,-13455.375555741542,6568.938808144236,-1331.351578295591,-5655.33524599376,-4704.317557173734,3040.2550060015974,713.7200323687193,-68.95561995891012,454.76210381769516,143.96449938376452,262.2279849862896,-35.264173433501924,-128.05440313542033,112.76127239692454,17.11895368004207,-1.3621255031689543,-12.161195798732777,-28.066696390940706,13.461355506213806,22.903293043593067,-9.309616786911675,5.2157307845867535,7.8668647057247085,-5.301246672009256,12.121044454288835,-5.877544810157815,-16.83225238319249,-6.912572317334366,4.762770478665093,-4.0274622913099165,-2.7402464377857996,1.022713229393986,4.435396360593245,0.9123029808448138,-1.2320597870182013,-0.03460236589029009,-0.25763659679974893,0.35598651121402725,0.25942211406442084,0.15156887161410637,0.2844483119766461,-0.08188029651743027,0.10238192492219245,-0.027873585853443572,-0.05593495327261788,0.06158570164764554,0.06997551412973202,-0.09777061871629233,-0.013607670173996667,0.02207266959072829,0.004121138466071095,0.0054605924400812356,0.040335786476833224,-0.009937814752175811,0.00014089964307584246,0.005117681662372142,-0.029505120607789648,-0.00634399856017831,0.014486692184905225,-0.010227930796011808,0.008749334831482991,0.004251820425555497,0.003764591071398038,-0.0037446635932267824,-0.003722848086946229,-0.0004386700720487857,0.006163393233038494,0.0018632178508770636,0.002955334032861412,-8.696063874547022e-05,0.0007978924217715289,0.0013076901866246882,-0.0012204541371750866,0.0002827067761665969,0.00012872059902391264,-0.0002851468899585097,-0.0001459558822684004,0.0008343417622121985,0.0005885543983865649,0.0010756905872297828,0.00029364884375576716,-0.00020316871955738947,-0.0011549076170844774,0.00029898381132657543,0.00022668173896112087,-0.0021193094079573482,-0.00018933751878291716,-0.000816053146694487,-0.0016482482368941568,0.0006463662202742526,-0.0003390501849039329,-0.0005682092505814862,0,NO
74420844.98183256,-1052111.6571170203,67186.8069956149,-189172.74022168262,79499.0695644281,78994.32828402781,75867.48932767242,-32366.962994258636,4684.560233027325,1298.6133848940208,35210.991313344784,30319.08113792986,1930.9183146372961,-5749.962332650762,254.5793704517946,-133.4189067217019,277.4133537086726,191.40631640321834,404.2783039082493,41.94109004004156,-157.50804183616083,-137.18410986032853,103.48738707665501,132.42342114312873,4.706894852609814,-11.845813618431862,-34.941477040338384,-28.99183503705973,20.852342308071883,-8.094528425381057,-2.171981216019418,-16.33387755327533,21.749401936728503,4.884264368565425,-9.776628073367359,-1.1341028005329719,6.5276268657262975,10.673529165982472,-6.717066564825302,-2.5457291528191632,-0.2775488404987456,0.20478800875557823,0.8781287486055191,0.01160639959080667,0.17699733227867753,0.14446469458779987,0.18644961667191318,0.04505639208026224,0.25418932061204735,-0.07840213055594716,0.22584996962436055,0.02516422818108177,0.041629703290213094,0.03702119414971805,0.07406286807765294,-0.048975136735517955,0.025633026214106014,0.05428792331043608,0.017344441546605527,0.004340546321715877,0.018066257305442868,-0.010816350814646825,0.01896831259390519,0.0026956242540938646,-0.0027533644674053726,-0.000626590420033768,-0.0051533788142959225,0.00012491796790897736,0.003136639659594098,-0.01424597414763551,-0.006044743339201242,-0.0007421531007558713,-0.0016513780915801135,0.0109833945529485,-0.006446581046129607,-0.002652931131960301,-0.0009986415113656388,-0.007805217349303284,-0.0021447166634693815,0.001178910492998897,0.002093297337891209,-0.0006675833980389623,-0.0015406810249569691,-0.0012916268023628885,0.0021175599785689947,0.0014577751016623397,-0.0015000641333788867,-0.0004122215357832415,7.914529935054704e-05,5.986525886658711e-05,-0.00048328861190882755,0.0002941009370651974,-0.0010179942339284542,0.00020343594456218028,0.0003946572746459792,0.0009668481405970993,-0.0001470037539903716,0.0002944422887327658,-0.0011708562425119529,0.00026294383302188917,0,NO
-108928350.58161825,-12565.14740395872,150353.7143955509,9129.053824778064,49431.08014095129,-32163.176458611488,57705.6423814527,-35650.15556819654,-16422.78728590347,10831.637937439567,7801.254621575307,6909.610920995845,2504.665772157252,1813.11747764228,559.5670922243644,-49.99398036516391,173.73622318911043,78.58539222815597,78.47773438973886,-8.799329508213987,-27.36925649510121,72.1771752078161,-57.66634594562109,15.742556746741926,-46.274838606898946,-37.5223609961497,-18.050771954633376,10.277662965424156,0.9349023187567127,9.117556611364137,1.0733730551547183,-6.108216388347046,-3.20170385183539,5.902682361571692,-2.072099905629809,6.686325004566925,6.143046293562584,-9.941982775040344,7.257281655416477,0.2608425257858613,-1.1022380627404083,-0.07020942282424869,-0.7896263755383899,-0.07407072906695467,0.41919418319291424,-0.4593558004038911,0.08708580073206562,-0.026884401381851664,-0.05662921982925928,-0.02392854408119041,-0.05605593533363429,0.17408881143954158,0.01810302446612777,0.0933845179416013,-0.020749578521622514,-0.03539108137781438,0.008132418832210941,0.09213232842364727,-0.004664455983289795,0.025081777198372457,0.018331727193437786,0.03847389223037112,-0.01483459478468141,-0.019507999666429576,0.0005012650198414903,-0.011817839760801085,-0.0012896878925526545,0.007488124105652194,-0.002784310477567997,0.0064539931569189135,0.007441332394635625,-0.007815101361480892,0.010107496707385089,-0.00475327547151605,-0.0014735940269345882,0.006793803827272571,-0.006534532107457247,0.003581108162156177,-0.007211265521891441,-0.0012123061788413825,0.0011778015121192142,-0.00037115628416994895,-0.0022496049759670456,0.00033402380170707846,0.0008827205445893771,0.001338265605237532,-0.0017046612994529031,-0.0002473508541757097,0.0006879786927057596,0.0016976612992665174,-0.0004569375338556725,0.00043035204914562003,0.00018471770538031063,0.00012709306583535973,-0.0008659263117083704,-0.00030886251197981447,0.00035416655887485736,-0.00019232999981833032,-0.0013514402233301692,0.00015917436680118469,3,NO
73654835.38578433,-1566602.7202020418,181493.29273046053,-49258.48227466812,41029.70191519419,230631.06239778403,-59964.391394487735,-55296.46745485575,145769.54135530972,36072.89467129971,17237.293425626296,-17321.166313574373,-6019.306902637054,-3501.3390879841086,-1104.4912533714978,354.5347398241437,454.11803137648934,47.79439832112081,165.08143699530214,191.01468523462415,45.5581826929139,5.133834607023772,-138.03910134826754,-25.84140031128902,-9.295570604150187,33.54119428784668,21.847575783867512,34.135604041015824,-18.2837710460378,-24.57483941545844,-11.957141224072018,11.706680868556873,2.790999889078222,-14.758996510030386,-21.904691307924374,-6.843217641820871,3.0490311085787205,2.620415585870603,8.513633068169725,-0.9991325611612609,2.2615239005143053,-0.359276314745415,1.1623804706253367,0.13592560819057242,0.004070588489366145,-0.46903853007358265,-0.08222333401734883,-0.02233528620089409,0.21738978519396612,-0.0464255105286928,-0.08814041662570826,-0.050407883090668903,0.1340508494517616,-0.021789057766782083,0.06279866413226998,0.021989669322146743,0.005524359540893364,-0.033592222509536196,-0.05047392259386885,0.025083021319392884,-0.0063620727140119016,0.02367496398132829,-0.008720218647575995,-0.002262905792182579,0.0032769448954503844,-0.008896551711355283,-0.0049935606906009455,0.011160220545048505,0.008441585834899623,0.0005789994762093742,-0.0016042379438070409,0.013269799792899661,-0.0032910821572533777,-0.006346161228683478,-0.00453211170369161,0.007690119989512745,0.0017243899184633538,0.0010424372492749967,-0.0015870351901012825,-0.0014593166481478015,-0.003650687304295519,0.0027866377279843757,-0.0006286443889953475,-0.0012685137957593184,0.0012605123835340848,-0.00016235267593689429,-0.001312725602951481,0.0003609815963858676,-0.0005389474193917554,0.00037841277299888176,-3.0837540077044423e-06,-0.001015357675186573,-0.0006921130416380761,5.881928699746908e-05,-0.0007924932421995295,0.0006494323983747378,0.0002245729529210868,6.742518074731585e-05,0.00028598015077391237,0.00038540647153179064,3,NO
35823993.290269375,3703332.814422026,-185589.74612765422,58737.62718549324,83.60338003776269,-42163.84046449633,104504.14282520907,23469.637266694408,125844.01880163484,11764.587884784385,8189.7746945788995,-2301.2444594480476,-9023.071604434957,8281.608848748529,1550.4316673190951,671.8503458459451,39.386701480692864,343.572260931904,-327.3055250791998,-164.72104041596856,165.08222624094677,163.5923761257313,-60.821997500390694,22.3383385141358,-9.102536080958176,-84.91378316995701,55.03942179905425,65.68918791044337,-17.261702474219817,-16.002732148471168,28.311431934740767,41.3991376611483,-2.8252922636697235,-3.2828743920177885,-5.475527825403063,-2.1556860966006326,11.979151696349561,5.541774441232235,5.450133916194375,-4.308094837669415,-6.0871171855706585,1.3217632714577832,-0.8918564515433474,-0.7268351542360354,0.598991523195906,0.023905221039598246,-0.10771660678868855,-0.02421950696408537,0.08297002627596806,-0.19761634519782786,0.019534041688650028,-0.07457166425465545,-0.012525829119587328,0.012422658135770037,0.005774813410378332,0.09698432743867258,-0.07924726793298165,-0.03683887359812932,-0.004332665622628795,-0.010404433880810693,9.032224186222848e-05,0.0020495031517651086,0.008527943851918685,-0.025584107997925543,-0.022190786229991266,-0.0022206410308884816,2.817871183058429e-07,0.008331271131479356,-0.0006316272711556215,-0.005502148953801134,-0.007944412991616412,0.0005012493093135006,0.001806226875695316,0.01071514439387311,0.004190764159169413,-0.006165525560934526,0.004908522262238479,0.001482415110100721,0.0005770083367342416,0.004283011358528377,0.0016748136288192716,0.0018541332364545582,0.001092045414364362,-0.00024710067703714866,0.0011516622917751018,0.001561551542001327,-0.0007987881449362799,-0.000919235341919511,0.0027624863157347246,-0.000772199927193018,-0.0006640144413290194,0.00014039853404218365,-0.00011772661249287442,0.00037892441177722613,0.0005805419814996216,0.0009816400023621216,0.0010325343421317742,0.00010611270376204018,-0.00018754607656595867,-0.0002121025325061976,4,NO
-24909437.69524902,-986759.5724076675,-78929.91254728311,7382.428936720884,18296.56661516463,43520.890065547595,-39461.17993850924,45457.02911801856,14048.45288120571,-426.3185607877367,-3402.857196603045,-3682.317956434883,1124.3224617442756,-1029.137419202798,540.3583631328129,-36.18854002950866,60.915981923831396,209.3799758139163,169.97466502327038,280.3635824083441,-86.92351001796004,0.05092153831097335,29.55882541602034,11.787812799132823,-39.560567052195694,10.945425131706315,-9.725655068275444,7.053046655848448,-11.44226927173247,0.5913765531949622,-9.972134185232449,-21.10172705401635,23.10787121116587,17.792919190071245,1.1442398055961043,-3.184093811821768,-4.004528500495251,-1.4377746899544377,-3.427924150091144,2.448681656677877,-2.6688544531410336,-1.68846612846923,0.0878156510046324,-0.5851740679802679,0.5873820370089611,-0.009044199442286072,-0.18302516452358564,-0.052714844208781475,0.006982126130615551,-0.0360017025792513,0.01292910586763707,0.04774154542124087,-0.031115772207916947,0.08834732948671009,-0.020896445910511652,-0.0892267667716426,-0.0013007926319774654,-0.06563412672083624,0.02148229878471386,0.039211918938927504,0.01486297985928875,0.03011223823641629,-0.03177927107177414,-0.004221977868454019,-0.0008438896154820963,0.016093926198184283,-0.005988594154959559,0.012553802745203457,-2.3314880012059724e-05,0.003464626581760555,-0.004538703240373643,0.013053656768813315,-0.0027894186471799642,-0.0026273018649058955,0.002495978226969342,-0.00683999219418685,-0.0030686645267514745,-0.0006617375054491781,0.00010481266789774679,0.0025355363572912015,-0.006939242957708092,-0.0014290244549897135,-0.0049889151931017395,0.0006836171335737606,-0.0017688793902556066,0.0009751476938615333,-0.0017557067782165703,0.0006170145606152477,0.002070231570019565,-0.0007798078455885094,0.0008986092835405746,0.0002558760397257205,-0.000483794867949916,0.000981447390326795,0.0005196959775144866,0.00029066211974511716,-0.0004900311721374399,-0.0001659920434438078,-0.0004996721874899746,0.0001327671064560998,3,NO
83525600.99324352,367559.818444618,161553.45839141228,-287331.8493478588,-182397.94618055725,33186.106756723,-149942.8715930128,74786.84981292217,-41465.02054760608,-16452.06642780006,8027.454890693886,15331.286363123196,7252.839214344838,-3903.257225249639,-1627.3489864051444,-317.38917670315936,-8.061377576392829,24.562349275141173,416.7104266603659,-83.12121764492372,-47.84202639708366,20.715981729179703,-78.37736294758255,-33.8593055682682,42.34193473141809,43.85132888694625,1.3884701282277092,-36.58418503923161,-51.426745532346445,28.25500863591006,8.092339851792303,-1.4795717062099811,23.638139809397188,4.0002845246166885,-8.202403292095742,9.03422279704698,-5.215760856312629,-5.4586942255846225,-0.9334451764604523,-1.0203345909149135,0.5911442050298206,-3.8229168077672995,0.36327453235161045,-0.8492215865429218,-0.07847803057702762,0.16386966007503645,-0.2815176380577684,-0.22850065007299403,0.15926766274590332,0.032021521760518104,-0.077241671198788,0.1125701041412639,0.054229652771892844,0.19516544930822022,-0.02038704948065595,-0.0036874638587216513,-0.04148461106292922,-0.021954729058248912,-0.03333926033971535,0.002135362967848664,-0.00028287934844861695,0.0020322766005946846,-0.017677677481009568,-0.002072531798195776,-0.004097206173150125,0.012308525123706282,0.0031473368582850547,-0.0035652444612142564,-0.004024480352273652,0.011012295168574493,0.004343119545005769,-0.007818041340021509,0.0012218055748931533,0.0006637609483024498,0.0007963419323075982,-0.002048068720440277,-0.0017565012949229963,0.0011289408439472126,-0.001074262540260662,0.000947580927651126,0.002974682856858313,-0.0006847097540034763,0.0007659528508532354,0.004263354447429923,-0.0010244818636423458,-0.0003131872243172795,0.0014485561607926467,7.537149947478561e-05,-0.0009140452998442905,0.0009746178417173734,-0.0022001045530821717,0.0023933098123715994,0.0004803262131070074,0.00035612540432516937,-0.00018483572095229217,-0.00028911870168498235,-3.021920908421495e-05,8.055470714363189e-05,0.00026901010012653215,0.00036713763335799454,0,NO
-73968900.27529466,1025163.1947581819,253014.47384753742,-6483.801531132427,97302.4264500805,-62280.58929440762,-58404.04724473664,-6269.823042981225,-39778.82948213114,13300.27650130852,2730.920514078349,7108.523268710684,-3138.922073938149,-902.6154869038489,489.91835627260843,-130.38658653603807,525.1961148264828,16.107698291277245,388.83386817656765,226.98856228168904,54.91769255430228,-39.06513868395467,-21.048983384378033,17.75832207285231,-21.81003965530421,-18.29032325548792,21.54278541977675,18.260650716018347,-6.924677497038687,-9.510729289575181,-10.337487700031346,-20.193165545753686,-0.057899054161310914,-1.7557575468656523,11.415451132475258,-12.251126726457812,-7.6693000342893285,-6.299024362057082,2.0738518445750174,1.569253156097517,2.327340541825258,0.12952228982827307,-1.3903994606609729,0.36619050315602353,0.09433201040115691,0.4266761611947629,-0.06523598185198942,0.00048800374048685313,0.33572235524894767,-0.2153082258247506,0.29815594780420174,-0.10803999606105741,0.09903608411152298,-0.004546140131290066,-0.0427657571297968,-0.010367674598371512,0.024123460486448867,-0.010969621397457718,0.027519249237819343,-0.023588778672317012,-0.015860797366826773,-0.0396824905848252,0.011912918610913481,-0.0016462293717118825,-0.00936097260538804,0.003490697851358915,-0.01540899670272905,0.0057085539357867865,-0.013014811733887965,0.00046941075890616357,0.004851107922731468,0.0009470978757839532,-0.002275369482162226,-0.0088982886225909,0.006010300343995301,-0.007145674802738089,0.007218610023425942,0.0008151972257390838,0.00835214759804348,0.0005546945402310488,0.0012102313605348858,-0.0007187852315235777,-0.0007976863769425524,0.0005496779774313842,-4.7879393797800596e-05,-0.0024969678850379484,-0.00020975529050271113,0.0027957406110974414,-0.00010150604083641879,-0.0019049475673462712,0.00014689590435357225,0.0011683343819601554,0.0006335836162778552,0.00025054029626170315,-0.0003158596664219887,0.00026594726526205786,-1.9491533060267754e-05,6.87950363880141e-05,-0.0008928647302924309,-0.0005408258856392512,4,NO
-14796660.438357472,-500129.5371810738,-284848.5808075414,-89750.97540446735,218557.23604764006,47215.162937311805,8858.30272674979,27120.241213367466,104843.76688836858,99.4032045656295,-274.15355555763745,3075.018875635069,-3255.936810532585,637.1339641439207,744.8711968101434,144.92678268122268,-20.770547100187173,-3.153853709729674,156.2327649879676,304.11716743663897,-129.38076358849224,-92.80324167460032,96.95700587471816,-17.573811432011283,46.43956258995446,-15.924293540056851,33.30697262103922,-2.6491439970600936,1.826686805748352,7.168781380226477,-12.859613796112058,13.315144678162824,-11.310342640357845,20.104764139194117,-7.324921451964258,19.118698924385058,-0.6907158733675978,1.5044009994101657,2.9691225468976654,-1.170476027953029,1.0327595166919252,-0.6180982631541951,0.6189451836824844,0.6353759340745198,-0.09750165124431831,0.07680822016171618,-0.08901584821206754,-0.11987432035577639,0.16629595794527052,0.06782465950357176,0.06369661613075017,-0.09583787759880869,0.09193590461225831,-0.0036869372181547178,-0.01021133460847512,0.03447349898064633,0.08268736503729235,-0.037741563429932956,0.001657741654198519,0.007594332066408249,0.005665808961078156,0.01257524470806537,-0.02612478258994022,0.007896931727277234,-0.0030432770219932515,-0.004775185964056794,0.003991560042675951,-0.014402962973265265,-0.0003643600522116319,0.00032421629724282974,-0.0028770845546098878,-0.0009311854126878849,-0.006047169047779022,-0.005001324726265355,0.002272741235793685,0.0033169280424296677,0.0062688695893249324,-0.007068679528214439,0.0002387047155498756,-0.0015075931732877468,-0.007151256832666819,0.0001316489484746164,0.00042902149132673095,0.0011311371701822615,-0.0005390821251427536,0.0009371824880807234,0.001045501088363876,0.0003316235481490848,0.0006358083208891085,0.0002941618436493876,0.0005026079862577859,0.0018838682052635513,0.0005779900020936868,-0.00011612916109005056,0.0004998436555694735,0.0001465676120720287,0.0005393115604730211,0.00022592737974358457,0.00010859850547290106,7.030253888745674e-05,1,NO
10795258.677811682,-909090.3630725183,384064.84575025016,-246761.6498529462,-41206.404804644524,-9909.960900558188,-70212.57449997877,-39381.254780085554,-30048.0392438735,2395.1307525574284,7754.106266387339,13334.210805346716,-5735.691100825476,-14.143664278090114,-1740.9276420415044,90.27512792540028,-60.974457278525506,308.4573493963293,410.96918901670415,155.16240925987813,-173.44693254926574,-150.94924039645485,80.46171290449803,43.09911154836152,-23.959351081075038,9.744546999520708,-56.6863492635419,34.37517168715749,-19.46628115561117,-16.982165358230304,11.338658619708838,21.001760259424373,-8.821423436169624,-2.9821102666778643,-2.3641006412924277,-5.811900573449066,4.734469283068492,-1.5648092141046277,-4.214096604679185,0.9259081947393639,4.188387254617389,1.2243119577490376,-0.7565406693300503,-0.9852578919688129,-0.3330449485490554,-0.12176274873796444,-0.19170824223492033,-0.18435167314645984,0.03925070226444527,-0.07781152368834487,0.046645896703546796,0.11900869660292956,-0.24691727835885313,0.029283403865768554,0.04482305407981402,-0.1443697017109466,0.017266960361607353,-0.04159278022364088,-0.014101595105207476,0.02073315723497693,-0.009548286739113898,-0.008730037106172261,0.01419579676941407,0.013516725344437042,0.009267877328235752,-0.0023860885644229057,-0.021550792136787456,0.002037268848956164,0.0025978838416949035,-0.006373607040294438,-0.0005045803746639432,-0.005745863894699443,0.005252230863160179,0.008613375140596458,0.0021611071177971564,-0.008894741860091981,-0.0030526147102727386,-0.004514161896641777,-0.0022873786733388357,-0.0003495676787514945,-0.0031881726009297395,0.0023332503173607577,-0.004105166735875132,-0.0011891463863955287,-0.00033040646123794204,-0.002420154002706787,0.0017328745300113635,-0.003579395437122712,-0.0002895844445341411,-0.00076261510346054,-0.0012087901396244938,0.0005943883108353301,0.0007953948216398166,-0.000551085924202277,-0.00015731734717372436,-0.000429702648987413,0.0008866673456801918,-0.0003577041451936491,0.0003477270769593477,-0.0006844854799082367,3,NO
57303955.44371015,332556.9370451411,3001.4153450748418,-184746.89393382173,-80034.47494163882,175263.26698377414,-66815.2447400417,-39891.354515608815,-190.98613821645267,-12234.526576885943,-57688.00445345279,2808.776801298998,2881.3935980411225,-5869.018412970561,959.733743591738,-515.7943265131523,598.3745788509788,168.04083873199733,117.06803136873626,111.14835929574224,-313.93837651281825,-40.21352860196316,-7.376612435642102,1.448186500457524,-10.46484581309333,-24.56190906841482,13.620494989755343,-13.373474424696212,6.905788471406936,-3.865051272914556,4.313632706972356,41.928183287376896,-1.1075151472942366,-42.67779201956773,20.980369000137063,15.966586552631028,-11.610295207982347,-0.34597663107035714,-13.34624278876123,1.1995348247771602,-6.924327203434952,3.099876853622419,0.9715150136062363,0.802953542051827,-0.3514685937731805,0.2391042788502027,-0.44209275064050146,1.4442682897521042,0.09113171784770291,0.31066271492355085,0.14459665092984153,-0.05611854400391536,-0.08763400290275403,-0.027547524178392013,-0.09407864385595932,0.0936966174163546,0.0006121527474816091,-0.018574944953690053,0.01932503234060179,0.019815002605241716,-0.009147946333364576,0.01213320965304554,-0.00337860984864935,0.007583178600806484,-0.00044250996492167793,0.01582670324648916,-0.0022988075603063984,0.01508888602071018,-0.0009800915417667033,-0.007136334585315818,0.008593432184754612,0.0001944628205929888,0.0012686819063425503,-0.0034277613841837695,0.006301194165749369,-0.002113035728196655,0.0012625403223334164,-0.0015044510645614295,4.334029706720699e-05,0.0035971153252198906,-0.002123426824579444,-0.000925583233745142,0.0042711920116556,-0.00012818564723146575,0.0018547387132124005,0.0019896042035117967,-0.002749900439864117,-0.0004475809137590714,-0.0005836236535787243,-0.0017026880569415148,0.0006664584829960685,0.0018648250727732315,0.00036525317703872684,-0.0005338418991791549,0.0004723822103147174,9.054620321245418e-05,-0.0007022689388922702,-0.00030712749011141405,-0.0008376348075874174,-0.0007085417071362454,0,NO
709775.1808767319,-217824.5620287503,178879.30069670442,-204744.28416854137,-252093.90204681928,-13688.616800716001,57021.283029402635,68126.99799411192,-19691.882337843126,-13138.834533361834,8338.692293296957,-6354.557565951036,6655.951746739094,-3039.5159067295285,-2034.9132608570035,-624.2519364158409,578.4650488130085,216.735799651629,149.26161331920636,192.53827208643304,-66.32958554583297,-11.093324019663442,-42.96618176957281,-31.30966289839212,-12.289599595908468,8.413220665556992,25.915561539434236,44.420373634420685,4.7626744159486805,-10.590262728023092,16.768665809609985,-9.482941954050602,2.176289271597085,7.515227872252751,-2.9290934009422713,-2.83225760174048,8.613887024101196,-4.4276220052739745,1.6249586291323794,3.5425080783462874,-0.23774756263072305,-0.12721870578111805,-0.6205566963239875,0.16252686927291204,-0.18715327517497826,0.04684866138074284,-0.05225501289262091,-0.05529892514318613,-0.32726428567068355,-0.37268596200761706,0.2641216673175917,0.12383517667647626,-0.11378703763972542,0.20820986336968317,-0.00020706517463597862,-0.08337784396331904,-0.010241796941937942,-0.011212158246510118,-0.027742521497518213,0.005838971886303668,-0.003305425280024199,-0.006709574126611884,-0.013440411741923675,-0.00501905910981737,-0.015129750667357778,0.008541125022515361,-0.009695412071010573,0.0074328875187121835,0.008020374599293056,-0.0051254876434082,-0.0017620633721564527,0.00628206448502544,0.0006662154008623133,0.007730426645092714,-0.004202216462909858,-0.002957073099912222,0.0007214779740023491,-0.0019986263285152184,0.0017756774944559517,-0.0018670711976129795,1.8151263856736044e-05,0.0002998666871660838,-0.0007425853829627904,-0.001955907499457621,0.0005979639463026265,-0.002471037389899844,-0.00012462356540199337,-0.0009476500564739032,-0.0005197008345378396,-0.0017468047529425323,-0.0009025794367434337,0.0018000920276962998,-0.0005989310573780715,0.0008596884184614018,-0.0001990370908531991,0.00021816314141543877,-0.00048819572938187984,-0.00021937106111247218,-0.0006640168322628037,0.0009976906697775623,3,NO
101012929.00337136,2460742.1234201277,-679371.3552565399,22189.249584559468,49065.65540631654,130064.04100341594,-20422.409607494723,-162229.66394975357,46651.48407629412,-21042.326675481683,20718.829276545875,9134.105536979972,16987.84993268145,4224.967602083063,-2410.0251702187834,-676.2488947896165,-1042.0451855645845,141.15891493959964,-785.7499923579811,295.5330652204566,7.832906559251455,-320.9589337383727,-18.974943749759944,-123.19650184663595,67.32291998687562,-13.581198227462778,-21.814955636520892,52.63575767089236,6.785044186208694,20.685425531649955,-4.658369208893532,15.480644817782604,19.30154481431171,4.752765962446006,4.1541524592881025,-9.098077549976054,9.439722316783094,-3.837495460191178,9.494729236673038,-4.731744211166927,-1.8491363511047254,-0.33431865789885507,-0.510720323779239,-0.6224970429765437,0.25132349951918087,-0.045139406077694844,-0.8021882584117765,-0.1809365951524775,-0.2668953818818278,0.028961672261023492,-0.1498937890010099,-0.13191006073342226,0.0247886140387088,0.05017458747931869,-0.0011586730853045957,-0.09830209414335456,0.009569111560253862,-0.011563435782011577,-0.016464214790952614,0.02246507420419519,0.008818826784064093,0.0037394246892077376,-0.0004297998517842627,0.014497077719222595,0.02651042369356804,0.011290029057017259,0.018324507915578075,-0.013019556566729984,0.0024266691539903684,-0.005672314233217013,-0.012285773833457858,-0.014696708607480957,0.0015930452455892308,-0.0022729682288357145,0.0005330247806978328,-0.005926215401576895,-0.0017418659886045962,-9.948376056101438e-05,0.002112224436359611,0.002452066854480517,0.0008407934208789491,-0.0008150418678889437,0.001427259329726649,0.0006209008024007368,1.0439262619899026e-06,0.0012324882183182284,-0.0003669652272122459,0.00039788825441933184,-0.0008094041876550162,0.00048289811694024465,-0.0009523867545362386,-0.001552768460039064,0.001099286598806204,0.0008294162873758726,5.5185003972377245e-05,-0.0005143786091752513,0.0006387078760290207,-0.0003971866714918004,-0.0006695025949937095,0.00023155760927923152,0,NO
-173396304.27172646,593553.7146708989,30670.379121567355,43109.06404492026,76678.48631802449,55294.106949687586,-9870.331313624738,-20327.92736314841,-55859.713263844635,620.1541189165491,7268.005731118605,15617.894299987282,8993.699719051261,-325.0208229792342,690.3857299209758,-160.65419415430233,-101.53715633441914,10.019186045950846,0.8091239430414419,-28.801517769827342,-96.03337868916094,139.94516062218622,3.9946900823220517,5.4768884115265735,32.59751246292892,80.21694299130058,37.31677625148086,14.39139596783565,0.09373013151810028,1.3160204421555477,4.0681378762300255,15.138774471312445,-21.47203093431989,1.8394925411970462,-14.33549597158979,7.209947668587461,7.586851691355889,0.12221897331573928,-14.572009498423483,-2.3175486986181966,2.2123093876903113,-0.8447304555598691,-0.2839350229561006,1.427522503975541,0.5227704907014363,-1.0617137328589585,-0.35058314684138825,0.5389525403866742,-0.12767640367678723,0.5243411730912932,-0.4835146602040261,0.12913794303623627,-0.09248186355256038,0.011410065482819531,0.04054564310823183,-0.014179930306596922,-0.04756516694528967,-0.011455618509233378,-0.02669178915921444,-0.013452998610359757,0.026803508263635756,0.001820259531328361,-0.007650124615054099,0.00843507777341923,0.04580420690630138,0.00804035724864094,-0.014278988760970363,0.01771501176110296,0.011234846404938104,0.009905654202833847,-0.005225558787820717,0.008231819726233436,0.00028582639843310886,-0.002729341662873086,-0.006265036210342245,0.003425417019686572,-0.0016245039013047524,-0.00443920381630436,0.008348251412244156,-0.000564440710492109,0.0006926597441442306,-0.00043106302709627897,0.0028656449627353364,-0.00461185758281904,0.0008833428032642976,-0.006146046249950188,0.002658035173671136,0.0011640809528270513,0.0024047647156563157,0.00018580653622257692,-0.0008071544511647488,-0.0010772956823364094,-0.0008170272827406899,0.002110815155269785,-0.0007103883443553977,0.0018163549189474017,-0.0013256679139477482,0.0015207222150154243,-0.00011981689825218966,-0.001001530132208217,4,NO
-58223301.810218096,-826854.889934673,-19273.26552096964,-19361.170616348158,-86744.46417747712,59734.52581528547,-101150.8984667683,-31897.705075121987,-34512.971774943,1474.7630983107465,-2321.0198644704888,-961.1121465337492,-188.20207558813127,1314.0711698110686,-654.2230233404225,-331.20735331369247,439.80836525455715,180.7501337004898,119.601699204641,-115.38585836803054,96.01299745686514,-86.48586126595103,76.75976767246732,-26.02042664059863,-20.155391833935003,19.48242389706195,-48.225371483372726,0.05598287963709936,-12.1734383446626,-18.408772251240535,4.3204440867672815,-22.071753583560962,23.237536840284037,-3.600667346487569,-8.851037171206883,8.291752300394549,3.5834676591330386,3.1686734484397903,12.085321676513672,1.6089114148677908,-0.42777462344704276,0.9685510396079025,0.27573828931585354,0.5593573735702595,0.1852122092593369,-0.3458106902514899,0.10081904248329199,0.2751025260492499,-0.4598703192748177,0.0020073020790773825,-0.3412768834582751,0.046431370597307176,0.0325384372531472,0.08267742813122081,0.0076929553216165125,0.08888927527765611,-0.03142355225891569,0.0038791873074242034,0.009310012952190583,0.04291450934256247,0.026410854015283203,0.015544064989363449,-0.023285413866543148,0.0003327532986387993,-0.003974593376617985,0.006946537993421487,0.00658553180279009,0.0011335708394727417,0.004656213472417958,0.008113826764908072,0.005629610825703346,0.001259607687802422,-0.006267237781911739,0.004086951026948338,-0.0005578099421172933,-0.0007027920934568055,-0.003938843661808855,-0.005087900836286963,-0.0028782704399432646,-0.0008500441772476552,-0.0015976030176088063,0.0027446821937817667,0.00038723883877689325,0.002665646893692253,-0.00024709547057344405,0.0007750558613238701,-0.000654374237322175,0.0004250260171473341,-0.001530161378251793,0.0009299972291494374,-0.0010206952134599323,1.0520132522866786e-05,-6.586009635500822e-05,0.0016017474198897208,-0.00012866275115171188,0.0001698452480985782,-0.00012395293397873298,-0.00046167681917452796,0.001320039172525156,-0.0012236488789441613,1,NO
-3372142.157071948,-247980.91305869957,122356.65290914825,-103576.25546762222,42705.37438157073,-161001.895970991,-36755.35719036281,27951.914210767078,-20111.87434275588,-12018.774249712904,28116.55814612048,-9055.237313448582,395.55474198893353,-3130.4368465641983,-195.11500816977423,-272.38649373238013,22.968546236939233,137.50351971747563,284.8450501858197,100.69371222394545,99.3019633514944,-15.85172681111871,61.23789703291766,-31.945424625586227,12.290286527947341,53.8635788374977,-3.5932122153465116,-5.943637515039143,-0.4390942218227849,5.440397996050038,10.387936288112229,-13.967461683425086,7.574989491305502,-2.584415334980349,-5.314417646309817,4.9269404158290655,3.7798539379726996,-2.002211189879972,-0.5357644019824761,3.365858405591027,-1.6670948349278625,0.9911672280468693,1.6194049680573954,0.26967929737416796,-0.262021256219235,0.10464427652430786,-0.11021003342642288,0.0033009570763993246,0.24896482866853997,0.06333421161590451,-0.14431740725620212,0.06967809039412343,0.10307582640053248,-0.035471139859325485,0.050303551541345026,-0.03264463171556725,0.03741399468958484,-0.022096546537329953,-0.008656813044045863,-0.01305612879089768,-0.0025365365889502556,0.005819886083042292,-0.033012789036367174,0.005882078003196511,0.004732367800065029,-0.00645529402061662,0.007670944525297679,0.0033093710212593885,0.00011551943663123954,-0.008108538309745728,0.005620975408682782,0.0007212854734084395,-0.0025090591159457887,0.0004872795483262804,0.0005177948467256499,0.0027481739967729624,0.0009372302264247789,0.0010352687455696952,0.0017278354909144866,0.003984796271325086,0.004269793176605696,-0.00025134497803214195,-0.000375237651456084,-0.002227050009880438,0.001381825283913951,0.001618205703287634,0.0009844929282867287,0.0016669669833945244,0.002053519831245354,0.000885860270839256,0.0005510309604652708,-0.0006391759978620097,0.00038787988721211697,-0.0009160026344195993,-3.722461169858304e-05,-0.0005030137862820534,0.00046261071693940413,-0.0012137713382260884,-0.0007859341224255023,-0.00017724276390290727,1,NO
108092906.51331389,362683.84980641166,157804.4633821695,-274939.6667109378,-438235.5625656001,74632.30015931126,-138015.77682873802,21696.789382300718,-47634.31002434585,-23340.764791451464,-16939.943985616854,-13997.803723634308,-4729.932651284642,9380.566577871263,-656.9106183422555,688.4644458292743,-498.6772844416512,-640.9441217973059,-649.5810208501906,-144.79061086646016,-32.2521798793334,1.5516971289095807,181.1294025356185,-53.33812902198129,-98.14853991739591,72.45100102334209,-19.131471664913306,13.286644533554977,-10.33065152428216,63.18305847062575,7.296185670159275,9.833561099703047,2.160290676611112,7.676698910821926,-11.92326915906871,-4.563598525423814,-5.700719243532408,-7.051270163011679,-2.8492164959481556,5.1438811484665194,0.27342136617956214,1.4794998141676814,-1.0057837988947682,2.1605978351489217,0.06174979519366275,-0.3750279173914173,-0.1598078406830412,-0.096584393269878,0.06749915936561068,0.10951215042358377,0.10449169869352737,0.3105752214107005,-0.045374094410675525,-0.18001468589582537,-0.035110970779069994,0.05846592788293126,-0.033571214024780804,0.000727527528628702,0.01641666239171502,0.01940415235426496,-0.022817685971070478,0.03064285864687122,0.015728530867018753,0.013314474391901143,-0.030468462233190108,-0.004230190018851943,-0.01152643141783774,0.005254385940423878,0.0003170488340947797,0.0037685433681907687,-0.0002971322077293115,-0.0027503980850518417,0.0029940123072282887,-0.0017977540514095836,0.005414819570154217,-0.007127967879664299,-0.0009923963024494054,-0.0002634039920130782,0.0036089209366614305,-0.006848047010295399,0.0009161145340512711,-0.0010118381884987038,0.005102969914228428,0.00042788188053882736,0.0007243609150662245,0.0013550506347529412,-0.0007266107591810123,-0.001415009895753161,0.00025377924350744596,0.0019477989071010615,-0.001629837035262982,-0.0011536948956632582,-0.0011638752134515151,0.000778513966754435,0.0009120958388540434,0.0009932863627043157,-0.00011025191865912144,1.1491718355793878e-05,-0.0003423409767074337,0.00066850350388864,0,NO
75161301.2431435,-1890604.8044214472,631281.9998562001,1070813.757486044,-60362.95936752012,-60214.99469599842,112205.06307732183,-19275.716952534494,58157.35189017642,31985.17446738373,-1091.6133867312892,-3350.4157507353666,-398.8914028094332,-867.1643693316848,-1407.0344845618692,56.82167626288356,617.236867128907,-173.0810431466411,22.75095242684438,163.60506033594697,12.076017210625196,56.59699489730613,17.892567499047573,-8.1739246496914,-43.33449356229781,45.76053154558315,-26.708796467273885,-22.01556405501077,-29.05575196600691,46.01058858639357,1.7283347691375752,4.1708318637180355,-7.438348850531497,-18.255092955074986,4.2545534900176065,-4.914488832907807,16.792544367546288,14.76360216328169,5.115050937141518,0.705942375799367,1.1094650621027995,-3.97884242120044,0.4856253568354987,-0.40872132512924253,1.275052115697065,0.08062678169053683,-0.3954621687978195,-0.14454235253532532,-0.15009418538777197,0.12089088097420446,0.10716626814967789,0.04977669240732663,-0.11403081387716263,-0.007389099359336848,-0.025104035004888114,0.03330475372088304,0.03573707064676901,0.04592639740826687,0.018016434465524478,-0.020494446427840707,-0.018759994107963696,-0.038327551001977156,-0.002561180497838267,0.0025449843330278554,-0.014210195988506369,0.007070682934681605,-0.006843601521560938,0.017648397752176248,0.0067883166502875625,-0.0065533734347859585,0.0027201803658226664,-0.01587190600891253,-0.0017291124827147897,-0.0014731798830880383,0.007059544955258401,-0.007411202057625577,0.0016917815155252924,0.0027574744972658216,0.0005876513608691347,0.005802601210207925,0.0023669095491124503,-0.0015393630445637019,-0.003195558079724936,-0.0019854434989136915,0.0013779366987916042,-0.0017262928829717694,3.7045358429743658e-06,0.0001229119815417956,0.0014544864838080263,0.0002741645833335138,0.0007325425895399196,-0.00019927331046955092,-0.0012682842563124241,0.0005972780274157152,0.0002982574212199579,-0.0011696975980614761,-0.001308912014842423,-0.0004889128177489876,0.0005480310896756602,0.0003550456779743416,4,NO
28133691.89605403,144228.6928437939,-177820.94720080134,80824.7863603129,-31882.324162305624,37455.625690185734,-66229.19782161014,-18646.040055793732,19584.330804826284,-2970.8658488342644,13683.131805939036,-6827.660513346724,-310.6402600031179,-1035.6881499678593,-131.60794641751818,-162.25743076689537,-203.68462259291618,89.57918813753884,378.72842429088337,-66.80274846290945,-66.56940617912102,-159.07015808485045,-82.74960141576517,-34.35167727445629,-10.794673250693597,0.766898631903473,62.238524065902595,-30.952818564390554,6.2078778831524914,8.675594818990561,-13.77534486666812,-13.976972459054195,10.52819503335769,-5.725810873676494,4.844492451348231,-9.248889537019252,7.329630120527845,-15.982675471041887,2.4573801474842867,1.0125519514175068,1.2905841833502691,-2.729516962052074,1.0733753846085676,-0.10594782019437288,0.16678237770059923,0.16345481139621398,0.1564216776442926,0.05100861366598686,0.45184921427934777,0.10425108263549034,-0.19212639012195787,0.12003600711454432,-0.02262191561182547,-0.06732367399770944,-0.018881538065106618,-0.05685787970586226,-0.015402161317348284,-0.0029511274866256265,0.008808353522789858,0.005907173668510346,0.007536278794471052,-0.009908414197635551,-0.01842018983678817,0.0024473822820292312,-0.002565925717494588,0.0065247527209779665,0.011622195249033906,0.012690998727275304,0.004732036545079699,0.005079428556773513,-0.004939831380857518,0.001550877037066023,-0.00265740862805508,0.005059043301748112,0.004208283699663307,0.00020327204030956558,-0.00032510315604383777,0.0006809819370361403,-0.0027466387695112005,-0.0024865772756819116,-0.001785550405053793,0.0010471273667724823,-7.66037800734587e-05,-0.00011610386196389544,0.0032172066545805844,-0.0010843688965327392,-0.0015974291810130214,0.0006327092280165036,-0.0004221505786220492,-0.0012317773077361593,0.0018577036971703098,0.0010468063877823479,0.0004413471924503698,3.4155961186277395e-05,-0.0003689544610090689,-0.0013087668169067378,0.0006927113530214909,-0.0003326912013503769,3.3481928357115276e-05,0.0002099832814305702,4,NO
-84841933.73810506,-221539.35361965047,113642.39043155964,-153389.08645946672,-180754.14911107358,20188.41960188467,49981.249001654,-35011.04968567304,15305.673137616133,-13033.57963576465,3336.5323092841027,-3456.5572468776954,-2736.531062663893,-2702.2663312883565,130.8243589844642,-185.1154467336421,-419.9804394774319,85.84329051551708,-216.65392630515038,-92.20337249842373,-142.57512007100604,116.52305468481475,27.80604085680983,-47.50150285017498,27.862753476748455,13.039282251475925,-10.660894309699302,7.062057674813275,20.39478651224954,-10.748867205833562,-17.520785359496756,-19.096076628776018,-0.8313418918137074,6.052978418293776,14.347663347295171,-5.038248321783428,10.413285500405731,11.028485420640095,1.5471064036456141,-1.0177102537606117,-5.161857807525966,-1.944082336351677,-2.111259283483591,-0.6460378898965318,-0.000697800022631867,-0.09692337918201943,-0.19868191079542186,-0.07224974753521352,-0.03433245897133208,0.08795027852365848,0.25914334913959625,0.18949165547420188,-0.033646098980652184,-0.06365747210403416,-0.07406793330838335,-0.012862922485138428,-0.04120542353587808,0.03025455960107859,0.04609325959781563,0.009586923614156362,-0.015212162059370371,0.006636726591990438,0.007915860288904009,-0.010753857168531944,0.014953986854527868,0.013209274894073975,-0.00210258828457216,-0.0057490583188572475,0.0030057729131763855,-0.007064928058561126,-0.00044990923983334596,0.006507514138347936,0.002884158935589909,-0.005130717355461889,0.005064523933220766,0.0027464358787494536,0.0038304602931837906,-0.002980234364551304,-0.002291367557283319,0.0031347644435641975,-0.0021796442429846685,-0.0005024936721300666,0.0011114053377057065,0.002049892665572095,0.0020560883589902934,-0.0012024679942732597,-1.944258559150036e-05,-0.002314304522641808,-0.0007416503985161471,0.0020726538919151327,-0.001549411187517613,0.0008862023720172425,-1.6790738526561988e-05,0.0011099442343838195,0.0015347508055457981,-2.913056824792315e-05,0.0008569284506243276,-1.1290389711371418e-05,-0.0006457879799720012,-0.0004763088902997592,3,NO
46815908.875659466,-184042.70280284574,-36014.8752061585,-106794.27174139977,-244335.3739916038,31428.114368978342,143718.16722844073,32371.755820539824,8835.963648556208,-28375.952296445143,-9451.315702466916,-6466.061874050283,-177.7678804831121,-1524.0228387933148,107.75901222639732,-167.49131115920613,-51.09874065607198,205.0460971798197,75.81199235769105,38.37674772951823,167.99196655328666,-121.23360756342635,-63.41575664858064,-41.6286553237193,-19.48197482096071,26.556608742085587,-40.755229579769775,23.42003910560254,-38.34339710731234,21.311575181251328,18.795915705054824,-7.3248707887579485,-7.437164221327862,1.245796651724163,11.910402825479974,-9.03137979108429,-1.3896056498420677,-9.787492680999264,4.9112680675742695,0.009001422280931592,2.5163874698109296,0.13506475799555062,-0.8902482799190494,-1.0900772870107855,-0.40023767253136455,-0.02093926614343644,0.03942063311740718,0.054238302133513994,-0.19321965057724322,-0.03134106682120552,-0.10231043422547081,0.11311486845515573,0.07489623041129612,-0.02505255409706697,-0.018555565703272325,-0.07030350562690418,0.021431866073309713,0.014786681035332094,0.029377905312436337,-0.037412302603682335,0.0009849221582647338,0.00016569708814095918,-0.011100225254514928,-0.0004887565952289563,0.010758325878086117,0.008044616262962823,0.005506929411819128,-0.001979791859823943,0.002804128445403453,0.003494302685936923,-0.012159659305838622,0.002651706072983817,-0.0020545705341561415,0.00787482108147386,-0.0045558299790329215,0.007035499736813167,0.0044077363820245186,-0.0015627488892091534,-0.00011233279534161866,-0.0025093946533119027,-0.0018778537205196288,0.00566635075138211,0.0006480495221157234,-0.0075982294978416964,-0.0012618397154496863,0.0025941212097640998,-0.00213967264566417,-0.0010525600498125787,4.451584085779503e-05,9.427837535391781e-05,0.0015308506630398178,-9.214561429037212e-05,0.0003022064545689096,0.00019519705569503998,0.0004011751699460747,0.0006546284099510948,9.705326986650907e-05,0.0002785375847893512,-0.0001806916616582943,-0.0009052303901187497,4,NO
-109186337.57902616,116493.04804405803,-127898.99331950385,76046.6184728209,-91356.64985192037,35113.28271190003,-78727.72977242185,-7805.60132906089,-12559.002607192844,-8416.887892886083,-10289.413822652288,-2980.7979571629985,6214.526628143694,-450.8231004095993,413.3584883016774,-192.3962394891721,-579.0524925102302,-4.032596249300298,-43.34359696354409,33.831067228162624,295.4539378275678,30.343170667062395,-19.459882017622363,63.54985156856644,-44.222507498452146,19.24739723221296,3.033507172256634,4.701038864243799,-5.294655438716433,-1.8974980707311886,-30.03035831707811,2.249501300170209,-0.816879741888414,-10.448894511516698,8.51790716531011,1.64304071973217,9.268107617300632,-3.461466589774375,7.601178787246852,2.8970662778050524,-6.0635834529215735,8.286190021517896,3.5858430548496614,-1.5416588826850381,-0.1303075952793371,-0.41109104111440686,-0.3455200039305417,-0.22341331533327224,-0.10426505817737874,-0.2162927450404576,-0.030069185119029562,0.11070119302571468,-0.031815941737099784,-0.23060837652539767,-0.009523545818079349,-0.0661352768724276,-0.05971982083081917,-0.004290450839744331,0.07266245340078603,0.024444100821334303,0.0184553056998209,0.0005278076885755212,0.00039636050253866184,0.014910968381523837,-0.01669583208524128,-0.01560430876690555,-0.01264521400624205,0.009935430678053359,-0.012557129673844925,0.012147055694761433,-0.006320081829862989,-0.012486004694826747,-0.0035594712568691733,-0.008622789794099694,-0.009012402219194193,-0.0003031023938344646,0.0015706766739462807,-0.004632276147996883,-0.00533452039328397,-0.0062127517402861265,0.0009556422538017362,0.0019365493706124948,0.0010186541381673742,0.0033414115867566596,-0.002101215505837306,0.0004604130714146448,0.0035671542257149635,-0.0006416839698623056,-0.0016223440180407334,0.0009137667030190144,-0.00014035820975144553,0.0006163693262953088,-0.0016467678448932599,-0.0007948139889706329,-0.0012850976084662763,0.00016852187900978297,2.2239458859815014e-06,-0.0005334452385123978,0.0003031568876520896,6.951905872981667e-05,3,NO
-30420729.72980559,173766.72559693176,149836.98060413415,-304996.142042195,-73938.73041715584,4755.064409133702,76469.98303893727,49094.26368587067,17522.1486997513,-8057.997331226674,4045.09131026053,-5171.042695597149,-2635.473222471839,-2532.5704313416436,1332.510746422302,13.191881745856108,435.714731427057,-188.85363610043112,-361.766451063744,8.351061575090284,142.09607371319782,-134.25784642318075,-100.51020245656738,-7.9460718929770735,13.6280754934936,4.341991200858388,-35.01123586318846,46.02809615436331,34.7305212435742,-1.3619755516338898,35.23730707852698,-3.1598919793988216,-1.279021985470962,13.730610837296297,-8.074434666365097,5.59561556212563,-3.6838613160210354,-0.6690524672394531,1.000190519588557,1.3410489077180614,-4.357943183403641,0.45557951793016116,-0.014274013480573444,-1.1994043470596119,-0.2225967074819799,0.13067050840061967,-0.06113842181878226,0.1263812581849617,0.26015089751956166,0.08217751583879189,-0.0765020282447777,0.0001726513734445767,-0.1493370691264797,0.12629824476318885,-0.022881773229983526,-0.015535159022015577,-0.009529546766894104,-0.0016617102875993162,0.030297764763249413,-0.001046531242466564,0.009264222712736192,-0.025828459991517505,0.001824103355718698,0.01880992596677089,0.0009976470263852733,-0.012188175408136992,-0.0022883135585442527,0.002795311769620945,-0.011704004765109688,0.004281571900404679,-0.001174314680185029,0.002676668959399997,-0.0047498976950723915,0.0017935925274912279,0.0040490877446099915,-0.003420217191332897,-0.0024337772359657173,0.005474282087911231,0.003571313529191489,-0.002713897435379309,0.004158118165527025,0.002490081008024392,0.0006737949008635002,-0.0016291095662633592,-0.00043302347504481364,-0.0004510941986675121,-0.0004794850222975544,0.001072299990890202,-0.00012433925019844638,0.0007314625099090755,0.0003797790989188421,-0.00149871438405154,0.00022309207375159623,0.00020473965909806324,-0.0004583979479300532,-0.0003682301341579649,-1.6674414391038353e-05,0.00017170124582976953,-0.0002288244754045654,-9.542780567955989e-05,2,NO
51399571.686534345,67571.0941214147,184680.81858317927,111380.77897939453,82421.9954919855,-211273.96520683647,-37524.22837219754,-10003.275129630521,38158.40696530172,7691.761514389238,12889.55950917579,8749.368285479708,4810.155373917087,-2532.578453718842,612.3429323373293,-350.12254896655463,-16.98184299354773,-677.883330400635,-297.10122351719644,-16.13201410111742,331.3025883913708,66.04276722306108,-58.48304052357955,-52.974609486780636,-3.63572514598275,-1.8915575158895308,-2.948178933701797,-45.973167134549385,-3.9468438067232228,46.834058906708854,-20.28597572984384,14.733464038774173,-1.0817540009891218,0.7584936509088038,11.296710143120716,6.861267682620223,-4.0142007175333365,-1.0775006819766304,2.691085905009686,5.2941277153493616,1.1526541227502562,1.4528651218740691,-0.8199384249551684,0.0739939479215006,-0.1848732812400975,0.48605087888079623,0.12451206025623573,0.11162104955877261,0.023157568420007824,0.2320603455101762,-0.16640764828994925,0.06679540800745132,-0.16317667844552464,0.19085229285904148,-0.04705327698409256,0.08475721561818106,0.003752889491111411,-0.01851484456212038,-0.012677842060538458,-0.007335649865995109,-0.018682515925690257,0.02074306909403134,0.019073988234388772,-0.011621092091034235,-0.0034886275321115434,-0.016180650372417782,-0.010829335242993066,0.015206577758463069,0.0058787267159460255,-0.0033553046042597567,-0.007648076484743083,0.01574491264409339,-0.003076561048750648,0.004290246939041342,-0.0034102643174291902,-0.002377827158012824,-0.001348101310549188,-0.0007916640589544777,0.002674650126308631,-2.7431606129724173e-05,-0.003754687904864107,-0.0010634835757459271,-0.000826424020776928,0.0030328124612984675,0.00039219346229713015,-0.0013595385859584974,0.0013333882645758521,0.00035460089434735664,-0.00041446077544432525,-0.0017005789680200056,-0.0021092105316273813,0.002016062539439245,-0.00021365347163204707,-0.0012198549901731859,-0.0006854084934513061,0.0006007271652180082,0.00032878851620619064,0.0005179012600511346,0.001055427873038084,0.00048075433758948405,0,NO
-11116262.3435812,-1392488.2721563438,24920.093179754796,-22135.657981355675,-45761.201293894555,33792.00690594935,-37469.04255584294,6285.338906145844,-50054.25595569122,-5527.377787228839,861.6447637616911,-3495.135199214885,1519.073258550652,435.2303085737557,-28.419384178307155,-40.78440253817121,-36.86890358907306,257.42505436924023,89.8855176155491,68.4260654296462,120.92705782826563,98.6754108092986,64.00391335244967,107.9481686759702,-24.631712812389324,-36.353063928738266,-14.059618988451234,-9.794698751477029,9.81809697277808,34.67800283253641,-19.166671137796953,-0.4666627066806086,-1.7503568089967985,18.042027141476808,10.333525226445527,1.8053430729619322,-4.360726577766572,0.6383591827293458,2.0378242579386097,-3.027295406038249,2.877906083804163,-1.6440463768675428,0.7247708716238606,-0.5995627464100246,-0.2702238125170524,-0.5117377788415638,0.10900108669899122,0.1540426597032596,0.1077966250753053,0.10773761612580597,-0.05380480566045165,-0.028818966544488234,-0.07345067840513497,0.08630695447400782,-0.012041431276570425,-0.03742887925440741,-0.05515476969864119,0.023724102091099653,0.0027818049603081096,0.0014601046493023517,-0.011395526698484648,0.01062990902019223,0.014707930067471509,-0.01945165271170346,-4.023991044821429e-06,-0.012821051963252117,-0.006917008499769228,-0.0025908249831250174,0.0054843832438982165,-0.017548201665458646,-0.005503037652758724,0.008382008738681002,-0.00466334838046123,-0.00023231380180521732,0.0022115130929012405,-0.0035916541617533326,0.005914514740715804,3.220512199320069e-05,-0.002617190430245664,-0.00011187245241917054,-0.005783992817896766,-0.002157158574708662,-0.00029912462596315414,0.00021883014388154876,-0.0002740390689413008,0.0010740849399411,-0.0009869608970483057,0.0011429658224690886,0.0012187078267906215,-7.12593611540413e-05,0.0005142999135603343,-0.0003235992207134388,-0.00020178516745295028,0.0003373635278944853,-0.0007778681507884244,-0.0006105929489256031,-0.0007577880703779852,0.0006442257833123577,-0.0011245640896178632,-0.0007992759782691761,1,NO
-21846577.533649623,214003.0349006243,-157573.54181675182,-94188.13379909744,6534.387829083018,70543.26638440911,-38321.92829078865,-7656.829538774204,55684.197364775115,3901.2085856936674,19068.224284138792,-2883.29849079423,-2372.025095743844,964.3234716517887,-238.60436099939398,-102.78347590274143,302.40055830717205,-28.10571376927294,250.65211454613015,-35.744517792920874,-25.86300338628965,137.46198142752255,183.99253972650763,11.012355418530788,-97.78996706844113,-16.795387319054385,-21.32995539417658,-29.641184950224726,-1.5719346793267164,-18.628103269765134,-8.092695384721395,7.077146991934455,-0.9460233842622756,13.801615359829327,-5.333157725876564,0.8925868061665767,-8.370104565195842,-6.771043751874515,0.10202264630896707,-3.1502107037052554,-3.742733701694654,-2.0551450758586114,-0.07825379262949639,-0.49455272818051244,0.05893373765416854,-0.09950274910139711,-0.16169618756354787,-0.024498438534303446,0.08231420901552422,0.14931679014842172,-0.10556568623713858,-0.056902431731111314,-0.17799210397042664,-0.038562696209131664,-0.010081535319343526,0.008335227978084059,0.05451482046438594,0.04226159848758382,0.02103849188463891,-0.04347619666975877,0.012462146786569761,0.020437792299706103,0.00036348946105480007,-0.014719781466521198,-0.002679312219083352,0.011271516372742596,0.020483540556280655,0.010612949419606332,0.004026575902558838,-0.0038567458216470785,-0.0010746412489475166,-0.005730429469116505,-0.006988577133144602,-0.005957104876217922,-0.00020750005075953482,-0.001238491842866729,-0.003493124047102114,0.0011152772795859356,0.000812634933665457,-0.0021459872974209926,-0.0002215015183500979,-0.0016099473388466734,-0.0005897381332353735,0.0009351266806495451,-3.615359901965043e-05,0.001243102705123067,0.0014336596747555053,0.0011773134791819295,-0.00013310403729110964,-0.00023211974864190132,0.0001625111030993942,-0.00043492490269429057,-0.00016510849799467042,-0.00047940933904688787,-0.000698399369337091,-0.00033631222803420964,0.0003817142862829522,3.4332117757829295e-05,0.000846745685419481,3.3929009656819e-06,3,NO
119389168.40098262,1660505.320428076,-10667.944638996618,-224239.69670744715,227768.97053591337,50435.47356832864,88390.93557388298,71383.42376959989,-23248.118378969608,-21715.617899917444,-14104.225676029688,9408.332484527105,13789.856722390603,3381.6739464352722,1601.6108648771205,667.399330806694,-843.7024052493375,-416.305233226959,-75.97139256700402,-236.02046355441024,56.14073331005528,78.21380406905769,72.14653967606779,47.91302466756066,7.874888751250904,60.45980559085422,10.598943698909807,-6.015265653695451,-21.157213856174394,-18.314073752540494,-20.84591204972142,7.239499891603032,-1.35116370598422,6.05343533076649,-4.41527960140759,5.117834909716393,-2.43751520103784,3.593158384266701,-5.978027866585137,1.690437388022346,-4.096818056066724,-3.6679189042028,-0.6353760358841356,0.06479187192022895,0.23432983723207101,0.2869657267732961,-0.11556125579636589,-0.17903865622651738,-0.20089411666137869,0.03630867101069658,0.14818892762863722,0.08240815442954341,-0.09824994113796848,-0.08523359502824679,-0.10107352300613925,0.02278346199518122,0.04709372367068321,-0.0013915198816025764,0.010131768247976236,0.028822957829994778,0.014854198242633121,0.0224463894621163,-0.020130310153363418,0.00905354465837771,-0.017591670641777135,0.0017739369764047108,-0.03276767389723387,-0.008303783943428733,-0.01108392117508361,0.01038052088731406,0.010425438699844025,0.0007616952543632038,0.0024037392556488513,-0.0017442825779309112,0.010911931628971194,0.000713169800168556,0.0007252823737358138,-0.0002324296194347042,-0.0033218002106609745,0.006409000754639571,-0.0026364954371920213,0.005169263957113701,-0.004972667224298011,-0.004048306639273941,0.0055878953906167705,-4.5327917204573964e-05,6.565972816452437e-05,0.002533400345271719,-0.0010303030692064286,-0.0004047377153977294,0.0019865321770300426,-0.000382300742581756,3.289877687284726e-05,0.0007251788783469992,0.000600554551679372,-4.011486260056124e-05,-0.0008019104201644426,-0.0002940897234819939,-0.00025019997550784767,-0.00029820908045757877,0,NO
67950828.11562961,-1038524.7311971672,160483.96705810283,-77763.81491338805,-148797.14618880738,-43921.03705448318,26357.98014435758,25166.605754045668,15186.249510867929,-3574.333492152282,7593.492918041826,859.3378837178025,-4005.994364207312,985.1409978607243,847.1661329797353,212.5080379566159,189.26906294932007,-87.78479527752921,-118.74333368428024,-233.80199688735763,-80.65577803380029,9.54858548026536,-21.111313911454175,21.860197915896606,76.81874548253948,8.386607106930796,-38.01426334508335,4.709519252205325,-6.733547524329367,7.084780254921398,-21.74353947200848,1.2722905964603797,12.290063043799222,5.20575393336361,2.014258012487833,7.668144324404395,7.271581404143362,7.791278838740368,2.0361412872440496,1.143425980378069,5.39163374089825,3.789547399769276,0.8770237146633093,-0.8980469314902966,0.6282200014373203,0.16063415490784294,-0.09910441509270118,0.09244786122074533,-0.049423267587926034,0.11439210399361911,-0.13652697592120777,-0.0028801310686077386,0.05085183429168616,0.1416383351876025,0.08286248173222965,-0.03881953859158577,0.049666313729417766,0.0067902516161959525,0.013531461460902339,-0.00043359995019986997,-0.024618921327311583,0.011576769757864369,-0.025079598213431864,0.006449123823687231,0.009408082195431211,-0.004173151452389945,0.0037551537555911008,0.0033769653326963245,-0.0005513445706002429,0.0013509848904532662,-0.004697398594861513,0.0036227225955354214,-0.0006349499399833647,-0.006236884214458782,0.0008751454069346742,0.0005985056875896788,-0.008307608554188217,0.00011089182438084322,0.001288426545855259,0.0020336223370971407,-0.0012606486800383898,-0.0019704825970461304,9.74153852875137e-05,-0.003968095378349384,-0.001589793053780375,-0.0006718228512340163,0.00026116500925521535,0.0006044135640046466,4.856975362588223e-05,-0.0001283819127717578,-0.0008486925151323099,0.00019204643184741847,0.0002902695663530297,-0.00025107329445894777,1.5444905226341676e-05,0.00014734157586235655,-0.0002699505002141892,0.0003165262960804771,-9.05189150886554e-05,0.00016673940997619097,3,NO
38470792.07757276,1768706.2676904416,-129285.54384313535,-146266.1516931721,90499.47938909021,15780.086030731269,-110112.74014022129,-31551.707557469417,-33316.24120051798,-10603.999464567543,-30079.593144512117,17686.509683014956,-2914.614083379791,-1623.252322896843,1461.9941361313377,-269.5794799898822,438.8510202618956,-362.45098328482493,172.55891339674272,207.62682409664842,305.5033681169105,-30.89167588313248,25.29065753487373,-13.286248865296614,-10.885286390984074,12.93457034557423,19.346350548984617,-11.50415799407466,18.983402332645483,-10.929769197364138,-2.5665889156215655,4.546949741480944,-0.9585456192961317,6.085231805653734,-7.374414314167243,0.8070209711628564,-2.557283082532697,7.104179633124886,-11.811569277210367,0.7158798659396979,0.05797816232828268,-1.3378125800535443,-0.5808103794759631,0.5285699357357565,0.7596559044300868,-0.3163589343586004,0.019417383026141266,-0.10063659949529624,-0.054236260094232325,-0.07254059156614386,0.15456787096893354,-0.01788121736461079,-0.20778458109982445,0.03780974534233428,0.005737537405713589,-0.020694777904472772,0.009401655487194294,0.014971068760257111,-0.008448638568494982,-0.016389637141386082,0.0117666702005641,0.005816699592832819,0.0008896755480560792,0.00024960868453227647,-0.014037987717848255,-0.01896564448256055,-0.0024207522490171385,0.0021215711474970034,0.0016352229226349602,0.0031510983431774497,-0.0056079438339116106,0.004267224264896008,0.003837344501783413,0.00437284289755524,-0.0023484934393651624,0.00019382025346814657,-0.004022516231985573,0.007937393288075079,-0.007764697175239199,0.0028141635718292868,-0.001093299774212575,-0.0023051011287020806,0.00024436212685796654,-0.0007738050481339576,-0.0012873904341147435,0.0001912405147728169,-0.0008521207377374385,-0.0012496740109372295,-0.000641744938270794,0.0017773665408120642,-0.001184922531269228,0.00026033632534755435,0.0004215990985654283,0.0010210322246112513,-0.00018486026296431202,0.0013784020549483904,0.0007759263785045208,-0.0002534682895474205,-0.00016440383807020398,-0.0006037097880884912,0,NO
-64828327.149354994,-113047.15364203649,219492.31314603507,219974.03090276907,96935.54060019722,-15508.151823091233,91828.52554641105,-13553.510544529257,36406.41456715495,24099.899920051463,-16829.330291601622,9671.996014972668,-1514.8414094531363,91.19873290065175,-34.65758599792753,-39.85607263278507,65.72640658177033,-72.20245491274662,3.340143746296519,168.1375927207057,34.887497201598705,-90.93406726351026,-21.37014652624481,15.164993536832313,5.076840530608752,12.43768010208214,-17.17396181904246,0.9079474539960302,-4.679712724492248,-15.018983295885135,2.4940241954815576,4.7281499494702075,7.865154568089963,8.43051646665998,-1.2441876869312836,5.214455308387215,-6.792987249306764,-1.690005162157604,8.102921227102968,3.138667789811933,5.429351984002544,0.2640867997121106,-0.7427654451302317,-0.5888258637785193,0.470561210760458,0.6081188914841817,-0.11415907794873803,-0.08137846989164688,0.21343819806445774,0.2356929126010073,-0.11645521300188921,-0.25989083832643445,-0.05134625594070741,-0.2132031262087679,0.00288843834239616,0.02446904404349004,0.008150475952120928,0.022234469983385186,0.0237629476483896,0.010952849061514058,0.020979825343469205,-0.013176095873474125,0.014744905088383442,0.016005049740956068,0.006058145725583053,0.010121437041936687,-0.0005255145991180099,-0.004715646491286474,-0.001276993761775591,-0.004343739324297269,0.011272201524872294,0.0035764149864032646,-0.008660342450463432,-0.0009469213518732422,0.005649233589961833,-0.00015491055778538154,0.0055297315499240884,-0.002886590230880337,0.0027625477476922455,-0.0025784996715114694,0.00017806572039003044,0.0017765039616091105,0.001208073320198233,0.00027298966957112203,-0.00147242135817105,0.0005073310512635487,-0.0023875081774913376,0.0003732165076217875,-0.0008253657452885754,-8.656029335174509e-05,0.0020787085212234935,0.0007873528741394655,-0.0018872422155239432,-0.00011601008880646191,0.0013499062184425814,0.0009838439970703862,-0.000527691570328526,-2.6984565284049467e-05,-0.0011296601451336596,-0.0007977684327882817,4,NO
103122131.0401727,2420709.9817023976,-516810.5539912655,210641.13338974334,168994.14154458,154043.86560432694,37233.17040405773,-61921.18053164915,52520.457370739896,-2532.6781080406436,15149.239863460458,11079.534857523242,-5035.739579396206,-3491.357557480525,1016.8037227967689,-382.6676585368998,401.2736374813615,373.92337069569817,-535.7543535944568,-226.51047610661556,237.6066258483715,-183.9426006963962,121.83049646161368,13.7842162047574,-18.36052089507501,-28.704600464475902,33.10732627083286,-10.187097060348549,22.241530633929443,7.589878569749345,-13.37331195898949,5.7349422043179175,-6.433812531486097,-16.34263092949209,-4.278602560171429,12.763514126496133,-0.6692581864774709,-4.03906263641818,10.23668611265225,5.230398912353479,-0.013339677088644919,0.8800707276322015,-1.0496604264358922,-0.009967657374050809,0.14990357993432113,0.20792101528288498,0.3072328751802935,0.025683734390895108,0.2295810974549224,-0.002206650047831913,0.09933879114178268,0.04247261003928937,0.06767306365241144,0.03995633230487394,-0.056217126453448785,-0.1700594685563962,0.02005595420099615,-0.005463895214106618,0.002923814737624708,0.025554240238310655,0.009604101488664973,0.01907832353336758,0.0012209113294917584,-0.007907093119126074,0.011602156184471246,0.00270809525335558,-0.0078007731896760635,0.007107633886575926,0.011821027462628364,0.004320132252642606,0.017210634566206306,0.005111802259362808,0.00043323199539013757,-0.003928687760567873,0.0006768323452168712,-0.006311717040226039,0.0027892330646581698,0.0010645211140434263,-0.0023816534528888766,-0.002646279216707237,0.004701229733573231,0.00029923728507630365,0.0016625620532455532,-0.00010399068127003863,-0.0019055136162199338,-4.268908281435113e-05,-0.003557184330956531,-0.00037408186113707664,0.002571204052193077,0.0016150924359417118,-0.0010606725824846563,-0.0002718882818930129,-0.001641064672666337,0.0018838732854526974,-0.0004544300888719849,0.000764752791412365,0.0009541384561573048,0.0004534924215973124,0.00013531511505798788,-0.00026452446939445595,0,NO
26122323.67964065,2021801.9661417936,-209093.55661467894,-71204.34464340596,-282770.62441742973,-3880.348140945498,52959.441947722895,-69292.51338474362,4672.811485659564,-10468.641724127687,24632.280732990508,-4817.976213578382,2902.7779887185097,-1619.0476471258598,970.0555982959031,-656.0298745224518,615.4776643207244,2.9633267922332607,608.3156569196155,200.43409396208585,160.85269476687867,29.987195018293363,87.97448083076245,-44.284949637064926,-66.04280559550789,45.06886958522341,-8.422384472755596,-1.6994855975174232,-10.279857001331663,17.321796239683195,-8.218528325499022,6.114810609486085,2.4204802875023006,2.1959851633788503,1.3469347641500065,-14.707979323778432,-1.0461312916121415,2.7603772081234865,-2.9619115165307335,-2.205885143356525,1.7478155519947194,-0.6206723432769508,0.5934497056981201,0.8691807792844455,-0.2210881764862087,0.13434234393076494,-0.201535596347302,-0.03252069052854756,0.14918176702750907,0.030482641026772225,-0.002126132605861919,-0.022566374197028338,0.1012758622777028,0.05533677989633712,-0.012232612917703722,0.055203654164686866,-0.037393121592227185,0.033560271047759827,0.004484882034624826,-0.012490523046698954,-0.02860413888168667,-0.024147040266095487,0.0018590701937371001,0.0037914224539266073,0.003157329631864103,-0.0008088066440787856,0.006978359693041142,0.008555140464358957,0.0033963156068017586,0.008170360764796658,0.0051394781363029995,-0.0017884894779207627,0.0029794320810321295,-0.001894082335824554,0.004262269021406473,0.0028475736985720257,0.0017884658015574484,-0.00023129545247968508,-0.004276343351544476,-0.004490056614018467,0.0011077413062902108,-0.0032184602858369438,0.0013614021300996093,-0.0004919219771551131,-0.0014062902015576917,0.00014136442302392638,-0.0025506157696895126,0.0006163220038502004,-0.0010998639868915472,-0.0003820021815452712,0.0010745475196733967,0.000891306470648813,0.0012033437252044754,0.001234933509886238,-0.00011745874525345701,-0.00029928154123161355,0.0006440382407095543,0.00010026006522445563,-0.0004210658981998461,0.0003383881291584845,4,NO
-27594862.346075535,442881.1800898877,329669.1579247699,-214582.7373282256,-125219.19434302847,-57054.978648409,58839.66246970969,-7196.2811871263475,42795.49915237818,-2647.6361928542356,-21961.586401498156,-5.911401073317393,1948.8561264490854,783.2830275624616,-406.58807795408757,-7.306152077572733,-439.83933028071783,-262.628832794992,-351.978553044307,53.11942028325677,-43.570862744499095,84.99556748422766,-65.49905101308158,45.89198291626849,33.81228304057019,-46.38076415473802,-23.905906550683824,-37.34249159511552,-24.07337949373968,22.55673649864599,30.509747324948847,-11.348969178012226,-9.221738010029213,-9.21651177627524,-12.319010245852136,2.623098761187123,-5.412143217678368,2.5366939193040707,10.496886942761876,-3.238069112033031,1.9022370423682133,-1.776070050383403,-0.02405201180143024,0.44797882989815774,-0.362345088548814,0.10468765117720125,-0.6234034378337396,-0.11050419790760335,-0.17802184135306343,-0.0524135623364843,0.06407356132159059,-0.1472043791796307,0.009982506796085033,-0.14036969958641055,-0.03270855473720413,-0.06940908355612807,0.04083699891557924,-0.010220876375381494,0.006164026205113027,0.016961429860940846,-0.016100530792828138,-0.010639605717440048,0.0040914636788867975,0.005047835803851264,0.018506861249545592,0.00213477150684227,-0.012099148009794947,-0.00943883137492002,0.002293905154201248,0.00021300483455682917,-0.002439948401412595,0.011906579428104358,0.004894281933683686,-0.002793114306612332,-0.0004578179364733703,0.0015477171460529515,0.003210993904608328,0.0034416915229180667,0.0016981700279821155,-0.006276472613965245,0.0010076410193897711,9.024951486136246e-06,-0.00040441207339214635,0.0028084197624904106,0.0014754767124396384,-0.0009391000819237716,-0.0012873147292205012,0.0021341466574226198,-0.00018591381977017818,-0.00034123627475457496,0.0020231979536662337,0.000350062006102372,-0.0003286758934571976,0.0005202853729244783,-0.0010552871123547525,-0.0005741671808056851,0.0003341442977142558,-0.00032808436683584574,-0.0002267576487085532,0.00016490421879983286,4,NO
41153841.58123815,3654253.2297449093,539631.816850174,-121381.38007472598,79192.47500684203,-86696.79200622223,-103740.20324250494,-53804.278845583845,64371.4668121672,37532.79860894263,71.86230637697372,18035.460087203348,75.63431266304542,4268.087963829735,-1234.5930246070857,212.41013855193864,383.01385266553626,4241.303327787624,-2375.3953011469353,29.34576948265999,97.03544146677987,-20.4849495191462,-4.919375550348917,50.63655012086704,-5.599819888912528,10.274175633409982,9.813273297023386,-26.45941970025882,0.13115613911057267,-17.247507069908735,-2.3988585267936173,-11.43530534528827,1.4924471967196382,-1.8647358048238516,4.87383199426035,-2.694392238042738,-1.566097588169555,0.9061310813267482,-9.97787608660866,-0.1432756001535438,2.938339713625858,1.5295860562179655,0.48959238796082616,-0.06931176999121957,-0.24525269190116816,0.13243864607226286,0.07621124458264461,-0.06655282301123533,0.004634001043235969,-0.0020716134747112147,-0.008362423882227965,0.10207699157624894,-0.11516494386773601,0.002747147581347864,-0.028401268456809348,0.08765689676068789,0.0021067997109716075,0.021560233290878195,0.02374400193449211,-0.007528590660785817,0.002888619297885864,-0.011503399282174698,-0.005317428798621071,0.01431027865448442,-0.004276430525695707,0.004080304220094089,-0.010951593196378978,-0.005980373021398755,0.012799564225999038,0.005238179729604386,-0.0013232402589076209,-0.002150835874358936,-0.0005712574598302211,0.0034544075767932725,0.004173887673112331,0.002829445254603158,-0.0015176025755845313,-0.00042308430948834186,-0.0007247329063240215,-0.0023956294402425193,0.0026574123932920912,-0.00030702616802158467,-0.0003510472543069021,0.0004492726503687039,-0.0009107759984808839,0.0013570232626162193,0.0007220057230596932,0.00030809628900541064,0.00023365440129474724,-0.00033373237783407284,-0.0002514911238846729,0.0008841754381355088,0.0003936042512437954,-0.000705976476621073,-0.0003626260504890344,-0.0008935909000239335,-0.0004780975676350833,3.2784013777487075e-05,-5.1084933401945865e-05,-1.1268647434559131e-05,4,NO
-99232955.25400126,-296345.09697245574,150710.84820903512,-155385.9659108108,-58858.863760594046,7833.872806646628,-21809.697349725066,57633.839587430804,-932.0386559695471,-766.208622360673,-3649.6178226395277,-1173.2607004016463,884.2813443752166,2129.704275567702,-959.6735789936429,-41.12667398224244,304.4765215684404,162.23252940864887,108.89350233756875,105.01787121684299,120.89047762967752,26.93339247592803,11.851800420646896,10.173059735097496,21.59665405138772,-11.999271927137329,7.36157447192528,11.850747347168237,-12.706598253914649,-22.13872056587384,-17.259450648753102,-4.228468717052124,12.894097371024003,2.8527066469583815,10.431126012047653,-0.8643183080874053,-0.8441375233379418,6.249998700064509,6.229067666666936,-1.5856432907967672,3.091382383938061,0.8678961280057607,-1.3058630904693587,0.1729079867541019,-0.5383831974883151,0.11293464018399035,0.17476055568463256,0.2102814528135788,-0.03425123178805567,-0.14414556384760666,0.18732942156785537,0.1737446614894287,-0.020578096681313163,0.03873810633732311,-0.08461589524329227,0.009805517005385234,-0.027903669387146834,-0.09653142756508659,-0.03833662260943016,0.032706579923154955,0.03140064349105032,-0.007635152949557522,0.010995288724844232,0.0032706790202245983,0.004267521831877064,0.004019925911820765,0.025829248015167533,-0.0098061344669087,-0.004130000423260061,-0.008797850745366098,0.00851663587017193,-0.007395354300812507,0.005411401198062826,0.000531664069404636,-0.005298095376648382,-0.002040712260191313,-0.00036387584821206964,0.007967982962534759,0.0009218121290079928,0.000901887084205244,0.002202888615753351,5.471390039724078e-05,-0.0025565873974939812,0.0021068041149035766,-0.0011381231068896547,-0.000703887025402139,0.0007467502379205904,-0.002087931342050653,0.0012239713617724912,0.000910481802873786,0.0006869081761424756,-0.0008989236210962858,0.000751456743253831,-0.00020934030316965835,0.0002507269703094367,-0.0003620431464104734,-0.0011255663026063182,0.00026160996300306216,0.0011575174671351607,-0.0006245232374507137,3,NO
8568246.912718356,2695553.1693490655,-73899.86516520067,96358.43491209135,59393.60209629114,-161940.8985062858,56222.47773704611,-42384.9501365714,-10597.30752906797,-6074.81089768462,6634.6794500881515,-1932.3210499342676,106.04441493313789,2126.9900929195974,-343.11999024368015,-403.93796260043223,36.34471020342187,-15.06875091169863,691.806129877978,-86.86365594341987,-214.08570928717484,-11.237411459832202,5.88087433660445,11.88370741183968,-7.118046763432147,-56.20368989765234,11.174776357015503,-10.831279162392093,12.809886055353246,-6.245888705891488,9.210263641066177,8.50665980884014,-0.24496977879377368,-5.757334382615738,3.362114253070903,-3.620271929562719,10.791779563328486,-1.271478148000142,-11.519588885728297,-4.429322632022576,0.7706325330281771,2.6823311441535935,0.9522908374694623,-0.8275721221872812,0.4964482413625326,0.3089374574145758,0.2986110521234355,0.06450628415978743,-0.15407382244548629,-0.1051592950350306,-0.14715446591830972,0.053825231334817314,0.10662259419870779,0.0029976278159116188,0.018084085049122844,-0.0006203948445899776,-0.03174456894098565,-0.057957131617736746,-0.00641412120964957,-0.04369107277060191,-0.0011999097910457834,0.005236837604735811,0.001112884773896372,-0.009152838195911173,0.001375337405908894,0.0006683747305964438,-0.0015446953315417788,0.007015310910980843,-0.00837065936652237,0.0019183822779189619,0.0021148864688393942,0.008465028817709719,-0.010166884132232212,-0.0034785615499544065,0.0011674014878662042,-0.0029804360789835727,-0.006598375310214344,-0.0016317582087763682,0.002794062349969373,0.006931367395091925,0.0022352441998163552,0.0007545541746354356,0.0016874983304633329,-0.0010925673138603154,-3.4694675779101125e-05,2.4527339212210286e-05,4.9022934261122586e-05,-0.0002373431265595416,0.00022786690086834538,0.002345775378705728,-0.0006042176726872572,0.0002798181528940423,0.00010572743564385423,0.0003038635940022516,0.0006393101185557248,-0.0009865577671281187,-0.00036985271242586694,9.77358674802975e-05,1.7853769335995917e-05,-0.0003641020606240386,0,NO
112694895.35658944,-2186483.0356486468,-133438.8363822872,59342.51043787523,-90774.96100026224,173104.02388161403,55439.09835835859,27417.905303873602,-55647.5825185017,-19603.434415658347,3991.9170683501306,-4791.42191915492,-3404.6459064214614,5935.13317375493,1068.1430829536894,819.4320123810696,-176.5295960494425,405.87408914043215,194.22662600552408,-333.1728360947354,183.4787506944237,-61.240554489967735,17.97821031051501,59.98972059308535,21.77299351873504,-59.53622435592638,41.74639871034623,26.387395357546495,6.850170328200846,5.944569599236942,0.5522670784601758,-1.0478313103832306,6.3635738765782435,-3.288281086402776,0.6612828122962817,-1.55950937653499,9.23229727156313,-0.565347737157424,6.923306338643101,-0.05945068393134534,3.506520678242566,0.8018939291863632,-0.5859551440251352,0.9196259514251346,0.5858153291813224,0.21273553596401484,0.16381129116824678,0.2356327192652552,0.2144445768715384,0.09756111247332415,-0.1159157234980066,-0.08543487809292527,-0.06597703014959944,-0.04231661564823286,0.07710046687075334,-0.011430802717913746,0.06725321209288104,0.02415698641960473,-0.008513177383177695,0.0045307743201190576,0.0015975355946258318,0.022557731380343782,0.004481518590907285,0.0013336568863087095,0.016162270324371786,-0.000977932799957948,0.0041357887367176605,0.0012645731402963212,-0.003545266585391338,0.002720080288799165,0.006004265135022058,-0.0038119354755496992,0.00579771397389095,-0.0017855339022928574,0.0026878872349216376,-0.005306605322806579,-0.0015978530564426663,0.0008330365392716921,-0.0012536845260542329,-0.003929753477026621,-0.003135935914739485,0.000546242288508747,0.0022016031968887795,0.0005385748575389981,-0.0003812322594608508,-0.002107644279541243,0.0013183470328614888,-0.0006458682296585083,0.0008456096334584773,-0.0017437234351243003,-4.69429970659796e-05,0.0008243633133003022,0.001306773639328962,0.0006359275129032005,5.310498037711109e-05,-0.000571510205976497,0.0005598178803238648,-0.00015525390839754571,0.0004336152661676418,0.00013435688327695372,0,NO
39919434.93925452,1004681.9371345453,309815.07512992085,461487.3916913998,-121142.65045646555,-20245.141169056704,105690.66720078237,-44071.10299937733,49036.375403951446,28784.94688637611,-32237.461649198944,-18837.177963578797,1691.6333586182554,-977.8852486168131,746.2915642508597,-359.8237807446735,882.6428740279043,-75.93119837141487,220.62475649372269,29.316564443086122,-14.546386491616971,-41.83487206341121,-29.04913612462039,74.63104828267787,29.222886213453403,5.392683978113723,-1.6715614182298282,-12.384833114309288,15.711837360198672,3.4016408596008745,-6.318272166995143,-2.8638059283107395,4.4806813735872595,23.880444694623748,2.8518607767269124,1.4205364220909047,0.015907654839583785,-3.8428757425297135,-6.424324561318144,-0.36982298907493316,1.7736763038941135,0.26350106389470085,0.06314296446859657,-1.0118839332925587,-0.42649658877206775,-0.05659001726875701,-0.17437886268774694,0.0498889333746515,-0.021903590220017755,0.005107978305395711,0.1177335121606582,0.16162048384155359,0.1797291330557096,-0.018317607523583357,0.008894580024954024,-0.040510811155228144,0.03044389682316373,-0.012531555716300602,0.015560535681615972,0.0352837494469016,0.008696138326829583,-0.0017350005548646408,-0.006410104406277983,-0.003352006356396764,0.007672391172890647,0.00026255171508893227,-0.023450949507517527,-0.003067685650764318,0.012863904370008616,0.0054829410846170545,-0.0020556746234273726,-0.0057449014178660995,0.01120287270321274,-0.00045756384647976933,0.004106722482752234,-0.0003416239929217024,-0.0012368263544098035,-0.005298835860500173,-0.00397550143753822,-0.0005611062470720629,-0.00035738259392203986,0.0013726744146158598,-0.0007964983409014526,0.002987528087359248,0.0006946182204692342,-0.0005309936899012824,0.0007641069700468073,0.0009577179866030461,6.527604392791986e-06,0.0005130769678090008,0.0005023144418219161,-0.0011864600102076892,-0.00017530113978525552,0.000781042665567111,0.0002591729041298424,-0.0008491091026537178,-0.00013762811411968147,0.0006636635062791107,0.00014162418909274832,0.0007239792329800099,0,NO
-198669306.32058293,653284.6493214783,116455.28507404681,114814.71685559512,58860.47987787909,23803.187555983197,-17360.487014176433,-16869.26743361097,-55111.221695126704,8200.779590834803,777.132840553335,19340.051367643733,5695.821075348695,2068.3427366196747,1000.6489514645818,-28.01524781371654,122.19539274983003,66.70728898216328,141.53481646858714,-160.75066470409342,13.00925827347649,150.49266419418186,4.568654167707564,10.029682213519848,29.935503162753033,69.70312838750601,15.495051304340848,20.516286908946938,12.730900853371907,0.7082659013719734,-8.400919868203772,-2.521171858011826,-8.294836142229059,-4.916105037219552,-3.9037642389837934,-10.768131359946409,-1.8173019998159603,-4.636323370496143,-17.2943265735027,-2.525655487226018,2.067862085227503,-0.7083426033260167,1.6560244370029977,-0.39670160741450156,0.05222878279903753,0.31348124261325694,-0.6977229377200249,0.6773624701592329,-0.02792396937631203,0.13886759148475827,-0.1704059032872589,0.021730529781955887,0.12302256576005988,0.13329607475396799,0.1617881028623347,0.0703425550996305,0.02808637566817751,0.009171520543097778,0.04349229288171541,0.01359885068579203,0.015896110333133873,0.04247253618138025,0.024982519572721795,0.0008672125904771733,-0.03641242110056098,0.011025682944301396,0.020929457603008766,-0.03846691002228236,-0.004149040865798592,0.0020283954707049356,-0.0005574821270237784,-0.01540401237851885,0.009620590789176653,-0.010802928068579964,-0.008735367253401405,-0.007114269467195511,0.008383102391312569,0.004245506467650095,0.010412865855474962,-0.008702329535096975,0.000572837276411442,0.0033108492085689445,-0.0062820257478424235,-0.004696100500752587,0.001552253318768848,-0.0015468405898795279,-0.0006065927537874938,0.0014954965343556559,0.0010564417294166573,0.000192937900679091,0.0015591132994077217,0.0025790914261056164,-0.0022759343549657585,0.001700811854813411,-0.000598141355250506,0.00011923232037779237,0.0025277879901184127,-0.0009679969329994265,0.0010722115189371606,-6.875543240397741e-05,3,NO
46961986.89899194,-855624.9811903667,204695.1409153355,242773.17895778915,277098.931741186,7168.516015368281,-108981.09001655332,-53815.34283081403,17316.009724012634,12336.810822561058,-48049.43535531808,-9033.012826877646,4841.527903445338,-3987.022145506568,-576.3562208167368,-385.5375202314781,30.93750884733356,-363.89182553552814,-491.5962036992454,-2.7964046891588623,106.4030203300726,110.72382816819749,-24.230881011900067,6.379736493809901,53.090928690189585,-56.085296166910325,27.620972232878614,-32.599267699857364,4.398423302435759,-2.5172078368927515,25.278792129369407,-0.633949405270414,-6.708255306437962,-8.717018147410784,12.300908340896843,-12.258672914750889,3.885985004144228,-2.379662005680757,5.025684007327072,4.006748764283216,2.219872224979042,-1.291883983239238,-0.5606586047218372,0.7638996673362555,0.18205307299519546,-0.08359525003892188,0.4973207682707379,0.19811753600170245,-0.6071928308324583,-0.0313122521210531,-0.13801934551136075,-0.17853499243094895,-0.15505043661061357,-0.0112614181718933,0.016404557098894212,0.010670954310446179,-0.00884789722777013,0.02440404649849226,0.007245150690797342,-0.01927458904157131,-0.008286425937348518,-0.0024290123575081424,-0.006261765092352656,-0.01746190330288755,-0.0032921698319652304,0.0052939311160258296,-0.004653162416149104,0.004994046670499186,-0.00890477262206113,0.014349174105265206,-0.005392945715829489,-0.017026229583597008,-0.006666494964457925,0.006676368078274542,0.0029953277735266237,-0.001991105685529737,0.0018560982654318714,-0.009262195070345314,0.00025801797649904756,-0.002468882074639689,0.002061791550276748,-0.00015471822332457918,0.003941162075787652,0.0017382991919324964,0.001528447464512861,0.0008948978575391564,-0.0013867858743670247,0.0006370919839855382,-0.00018485051162070443,0.0010831296918423217,1.5066175933942105e-05,-0.001453210563964284,2.4617049928843393e-05,0.0006281743196461242,0.00025658484215407285,-0.00046459293518972405,0.00022932588957511567,0.0005595154982123152,-0.00011251487165281349,-0.00016684307736786197,0,NO
-19923571.33963865,-1678496.0048439708,-509313.80145281425,-345657.39853745693,-157996.46344596846,-136849.4374562105,-6289.945095479736,-8394.413451427878,11154.840073764033,55734.97934764958,-12437.396436902796,-10167.609925587793,5907.088291530674,-888.448750146755,-259.53314813639736,6859.383114748574,1154.712385566143,-141.64847682704644,-448.2012371272865,29.739718815106244,38.589111488542585,-8.039239426248088,-165.07382117925854,2.6606562848445634,15.186676235597478,24.145660744980773,11.02639068706793,-12.709277592751903,1.6540718073310927,4.489964474992192,9.771362229278765,-1.1685754631193959,-4.998823201145143,-8.280614819683024,-17.774037665210393,8.163751297306675,6.3607282215100724,-4.787007508180409,0.3525402243658391,0.4125399240804626,-0.27458080120542405,0.23550783425728383,1.3013331745787156,0.6649285853631319,-0.12369261959068112,0.3640106776743366,-0.26670360105611124,-0.08578562535262746,-0.03794967958530604,-0.17771730678816317,0.1235731950507084,0.08726558491489644,-0.1329238865492659,-0.028092868590197773,-0.03489127256795266,-0.030679606798741044,0.014020570605888683,-0.045841112635397696,-0.018625566836733443,0.02444412660576578,0.009907641992517924,0.00628421791192757,0.0008643067536677762,-0.010947560538851597,-0.0010659590982919909,-0.0026361775110337327,0.006528975774754808,0.0074489539364887,0.006260474014454509,-0.0015017646897935166,0.005895023968583213,-0.006066228996718603,0.0016682052847629691,-0.005707638283946381,0.00032255513617540643,-0.0027287068329839848,0.0018109291302110808,0.0031309741026825932,-0.0005406962352694222,0.003825713420279042,-0.003783253135481668,-0.0022776955137335797,0.0007609085173820862,-0.0010280482899880372,0.0008645318918616418,0.0016305004420498204,9.835631144738954e-05,0.0006167476718497156,-0.0010295334724552685,0.0009364001334295491,-0.000698656845591783,-0.0003926288191050094,-0.0012141549445513489,0.0004740113362907694,-0.00021319951269165027,0.00039957566514489326,-0.00026937908725390737,-0.0010879977360416238,-0.00014659587302584542,-0.00017738212131696018,0,NO
-134638895.05919904,571381.0332304998,203558.9430926073,-194577.72808058732,44319.638373406546,-62064.12291534334,1095.2112696989934,-40288.762821429395,5005.655844422348,-580.9854472215575,-2440.010496457855,2921.7931216220895,3606.4022039776155,2490.3442884022534,404.36683392658597,24.35329831822787,-207.66033959962976,108.09761246279442,122.10764331438222,-99.1924922115694,27.924637942988852,32.43511357125789,12.196330953706877,-20.116404846329388,-19.944536966951773,-40.3778584958327,-5.827300962001118,-20.243687286913314,5.073420821360429,-9.127577708004523,-7.536549319156592,-7.882659320820153,25.43340739422507,-6.614688627947942,17.165267112537254,-5.047693472443427,3.2314640688346685,10.958887582668694,-3.6396724358353936,-4.4451890537878995,0.7971373539272548,-2.2360111632424875,-0.28127637917826576,-0.19729896711988237,-0.07578028304427065,-0.01293392007558225,0.38089381454047544,-0.4883615214248578,0.04362829385786782,-0.25085628615213335,0.06613303627837652,0.5686510245291365,0.16376412421694386,-0.1790680779781364,-0.043934687767527514,0.02537569757821012,0.037603040580533875,-0.001052617359367236,0.003886267134315391,-0.009926924666856074,0.008506863793367181,0.013447057468907175,-0.005524493402527808,0.0025653707654580415,0.006916605257118347,0.016302423394761956,0.01957957106315336,0.016275293419338976,-0.0027889777995446785,0.015539954834035086,0.00034990260236744675,-0.004995920366284601,-0.002889047026878977,-0.0023589528507405033,-0.002128592940577434,-0.0029634261036242115,-0.006499667393116582,-0.0028476214096722074,-0.0023326929596891866,-0.0050972599897460835,-0.0030298101490574547,0.0034967369148537486,0.0010342102173610535,-0.002752092016152813,-0.003388458356829993,-0.0015737937989154238,-0.0056234135424708676,0.00014350723265066367,0.0007846149982504436,-0.0016364713505436779,0.000855396181046908,-0.0010308590323227784,-0.0013305534589891366,0.00044916828777319395,-0.0003859977266866127,0.0007651932571864258,0.0005214899951928361,0.001315605336221215,0.0011825811148930554,0.0002918305541352306,1,NO
-73800287.62113857,-442801.9942787187,-218123.1198387131,46203.790309771895,-32792.90977765294,-22844.377558970766,-61031.76041951196,-23915.371306497822,43539.85124603665,-6983.618239909374,-7011.693333562482,12911.15233728254,-5385.002690190115,-1319.4942138675651,-829.2228032394705,-19.697707293048552,-697.4310090265117,18.874209423903665,87.06377136079831,232.17338994798274,-108.45417692172504,143.66434579596603,-70.73880373486412,25.841521463531905,7.097957586935685,48.43489081043094,72.41921515435291,5.8832254773157615,-0.9903476286611692,19.37759276120815,3.656246947710798,-9.308966503288843,21.278407221318446,9.218743026157483,-6.520693219389628,5.815008414159152,-2.1172630948695677,5.47790663718672,0.14877838322553316,-0.22716046017815472,-4.9837479499720025,2.894302113771161,0.43054097729881846,-1.1343687427472438,-0.04460140326928652,-0.49151549955326246,0.7584007808124618,-0.053848619914413476,-0.13699166250573347,0.022155879975818252,-0.16789840938058642,-0.11177016124000616,0.05878611545294543,-0.11323189874917738,-0.05505682408830337,0.1215372352454489,0.07150613340818968,-0.07070631001787975,0.0074114045777931015,-0.007149044524143555,0.016505390464530034,-0.03011988187529724,0.015282543050337605,-0.032333194357129,0.016319106795159133,0.007597650335862127,-0.00966083596828246,-0.003277274516107598,0.0028582543471510347,-0.0032627765569825384,0.005934127433755654,-0.013077086957014483,-0.0036771245579432232,-0.008003202132952802,-0.003962222077544597,-0.0005653200906372557,-0.005222967483543561,-0.00545864278456909,0.0012902042185629625,-0.0003070225660892767,0.0038303422340871807,0.0024411579538066164,0.0026335690907592912,-0.0021604627539592858,0.0015329781335930992,0.0006414188107513041,0.00025240773825063734,0.003370543803029369,-0.0013869910758112503,-0.0008367954258075017,-0.00021170375935497532,0.0013065453791499858,-0.0010985640328063928,1.8165312732465466e-05,-0.0002731767550696179,0.001598304406333401,-0.00096200702837459,-6.95238777133067e-05,-0.0006627345732981849,-9.189388444524882e-05,1,NO
1304823.7114430666,-1665805.0882244874,209760.3980840966,39557.63670864288,-1799.822198590089,-26791.57472024925,-103920.79365501611,-9906.019514711195,76868.9594187754,26315.740773815603,-4929.982415620474,-8367.000463340999,2211.3601042509144,-1469.9968524639125,-387.70972842623996,39.38948668971739,7.394358202898388,96.54225061246797,165.9904974041746,289.5807316300218,167.37700467431864,59.61943865364631,-13.867468006269945,116.17974023281654,31.339969205185394,-7.488952782181855,-25.56938697710575,10.31291773210836,2.179208287033134,14.940891807961236,-2.6640252329883367,22.104304800149635,12.00708237479327,0.5065251595447648,8.652499771077313,-10.589243614894869,11.60563443055202,3.335618494088635,4.710005785377973,0.27537275035356856,-0.17908160293858089,-0.9976321612175525,0.7210120188044726,0.19283063234324915,-0.36441545177437007,-0.3152348893177823,0.15836334469951652,0.05491263003678215,-0.12483759275807671,-0.05708124373779401,-0.11785926443787176,-0.08181053230068924,0.05847681274077399,-0.0422058976474009,0.07592578574062525,0.019391002054070072,-0.05266954190357964,-0.013640170608475444,0.006163029619740135,-0.04626490265871208,-0.024911609466553575,0.01054236074144832,-0.011663335307504075,-0.006598821039192515,-0.0012055637936285724,-0.00017227456573132294,-0.001199695177188792,-0.017081967970460354,-0.002207144405328987,0.017377117500301686,0.002932932168286384,0.003952557513634769,-0.00041756018742411527,0.0008909313338050229,0.003809540466917394,0.003776820124185676,-0.0059100384360559755,-0.0003565664236551136,0.002697753140761705,0.001982607671193737,-0.0012881308433008165,0.0016624851801254614,-0.0042149733485079555,0.002017979766224337,-0.0005281439079540817,0.0010402215760254574,-0.002269127504834545,-0.00162289563494189,-0.00097517238794953,-0.00012311239450002454,0.0008968818074996943,0.0005468271273775145,0.001133376469672931,0.0008197854121265724,-0.0015093808119833602,-0.00046204001315729333,-4.093268657892092e-05,0.0003217369467281017,-0.0005817349568329466,0.0011337374736727912,0,NO
26862632.129956484,-1712573.6588868871,-120719.73672701058,-61205.26737796678,123752.09199094496,-96868.10143213517,-131200.62496506856,-1748.0713736634716,39607.848661446886,909.4666008842705,-6485.0126658819645,3341.6122519985656,-1397.2293816357233,2902.497782337403,-142.7232556560848,-129.09648750752626,114.01626856053667,-34.24851728828369,40.07318681678848,59.23742984277112,-15.322101202604074,-119.63438772472472,61.58116420344271,29.540818635784078,50.69777625016549,-19.334021174151417,-12.324397790724618,15.882506556597889,1.686898306240721,7.69052307423253,-11.042634707781076,8.563496148386662,1.69760522633689,-16.179283037493803,-18.374767008715168,0.16680602477396178,-0.2834858797662747,-0.07887111227557853,3.4873125250803696,-1.5019491459580223,2.2894807794171186,2.0079945619391424,0.6252095802755377,0.10951345152446912,0.1594518901936972,-0.16699743157954572,-0.5200946524076349,-0.1381663154738373,-0.14446416826212705,-0.1429408455870002,0.0014797292816366436,-0.04024185822811255,-0.026602861662562205,0.14404273497804354,0.021224750356668043,0.009420917279413743,0.023674643728790468,-0.10130304082873032,-0.003416109264575251,-0.032615636270850956,-0.0003043013014778495,0.00681934430265585,0.008939285752020965,-0.020328409101081135,0.007439712261885445,0.001996217894487673,0.012243474957871259,-0.007463887197186492,-0.0035586403863322458,0.006337933540406182,0.002503271725288192,0.0006489352094964929,0.002434376601075705,0.004607715335906759,0.00955005643017981,-0.000991822031033207,-0.0004027923083338436,-0.004815723575576136,-0.006794391909914932,-0.0028917354675641604,-0.0003984455071449622,0.0003622917844861018,0.0021370619661191803,0.00048232592621344494,-0.002935182335091824,-0.0004380302920348189,0.00041914052047786754,0.0010167125637122743,0.0021946937418078627,0.0009043859087725092,0.0027147240208647005,0.0010457740642990784,-0.0002645761652751988,-0.0004597662314395068,0.0011637420762140305,0.0003802184842718239,-0.0001571801527544773,0.0006183080837349753,-0.0015324359650839559,-0.0006670302592624577,3,NO
-183172589.64803475,911193.1569382101,224287.55658128823,-123660.02676190055,38436.258951555414,90562.66333033795,8338.243720456438,-23581.429434139303,17494.309390217182,4689.46209027863,748.6756233849956,6155.1191445130535,5256.588844683953,-796.5540424281949,1297.2519108699507,279.6700545126165,-315.24483855352423,-55.64227272128804,-165.3185043831056,-269.9890131315322,-24.011674243582178,55.07445132365771,-63.75028251332219,-13.653721166383605,4.3166500514186765,62.37029695191211,9.732038583502913,19.893337685386257,28.209832360080497,-14.163011818417786,-13.600342221914417,-17.101750428103628,2.6045930627408893,-14.590950858697397,-3.636107539411693,2.598891484932622,-4.808708316751433,6.213903842640491,17.588261271386273,-4.000047849225496,-5.885212183675254,0.08522872369070456,-0.023699717707899026,0.31628261342709374,-0.9143001196055813,0.037345409364426985,0.03342080608864606,-0.09084022012831472,0.07121627054340296,0.2964276325481007,-0.21012617849632953,-0.3593116971871808,-0.03837775818864042,-0.07214036843935179,-0.025596143169765107,-0.05448432927376945,0.009259550027167052,-0.013547008059707544,-0.03204353044018626,0.006855454057792976,-0.04271709404727586,0.017925245379881716,-0.0033972051317674445,0.0022869899623785273,-0.0380106377409859,-0.0010030797368330013,-0.012309472635157803,0.00466558327560157,0.01843615727934167,0.004857851005777625,0.0043424649231935675,-0.01768932070013518,-0.004606840697339187,0.006992603957103993,-0.015672634749980485,-0.003155279146818124,0.006936005969770953,0.0012855944701857247,0.0014239857242395182,0.011170132186583803,-0.001802272819307893,-0.002493756319442486,0.00447363475839091,-0.00217787160559757,-0.00032857253676299436,0.0006527074130443511,0.0007864609072258943,-0.003665957792981289,0.00358724116693121,-0.000414795107879673,0.0016430400195173167,3.952342061189478e-05,0.00022195005875413898,-0.0008074853277818539,0.0015519789761518354,-0.0004164556239380692,-0.0009884864197782454,0.0007466497705181929,-0.0003150218814878536,-9.140194954687653e-05,1,NO
52917644.81224835,-842040.1313076634,168673.40903314017,-13465.401395460474,-27678.71106940304,-34572.066678257805,-7142.117059119697,19910.20816903861,-7320.278452821716,-11048.433609262764,11063.843993090462,-2565.449724992999,-3457.3038210221166,-2002.4694585010807,394.5771062713411,241.9944170699223,-541.4581576127205,181.07938404132625,226.8526939205647,30.15744016367603,17.777571190394752,83.1807947957227,-51.033675735542744,16.461549259097666,52.92765316283628,-19.04803087572236,18.537545090988658,-26.34420445200459,7.34245274743941,-10.25355887650089,-8.553595949311926,-0.5978517428691248,-2.8845669382600363,3.3210393485637724,0.031093430616721207,2.9309865860611097,1.5539848594898444,-2.9354404648579475,2.957317304256435,-2.2518954741935744,-0.20964310786650486,-3.391653276188137,-0.2988336785702188,0.39377564533857745,-0.2578237870265667,-0.0516181882725526,-0.27075367862937405,-0.04126046688644047,0.22452501212271958,0.04176974652353814,0.10852237167604795,0.04502864015635044,-0.160657388234557,-0.05108931137787032,0.01957511409429369,-0.03286897325936067,-0.05490297965004043,0.00679604970293779,-0.056844213467052596,0.06687200563703044,0.03151946359224489,-0.010391796758385752,0.022806955528611228,0.011386674638196759,0.0025259374817485636,-0.006538169605362132,-0.002706238768016428,0.00638057712025869,0.005901958461624002,-0.007971217532579788,-0.01286119916979167,-0.0006914469819285785,-0.005844556689967639,-0.0026303747417190104,0.0013425981811274745,-0.0005000699602741854,0.0034270808030405497,0.0011731621813590998,-0.0009616696483560894,-0.0018472308734003295,0.00017378800440492892,-0.0020787161948907507,0.0013219549944583076,0.0018841782958309294,0.0007199972202011073,0.0008013665340321774,7.996240982865999e-05,-0.0008637146675675167,1.807928042563134e-05,-0.0003609509889190843,0.0022151087997823726,0.00021968761754752927,-0.0007932626561358846,-0.0004560244547179293,-0.000269902840296668,-0.0004736785763482989,0.00046947085790580677,0.0001157045381365851,-0.0008993124208867553,-0.0006353656121216855,3,NO
-34034854.78516358,-904477.1516195713,260732.6972811967,-486614.1689231647,62391.39885063132,87772.33980745339,-47619.69634894127,33545.769658351215,-34421.57368447102,-1817.257354822439,18861.239527330465,10475.901877115713,3607.548074014665,499.78623771978243,-1070.7871227341966,139.690289524121,383.7898997865446,-247.33010560266518,-441.5895670589963,20.850839333982094,165.76791406647018,-32.13929829724455,32.42925423415255,-4.7035076741186685,25.8126272776997,-16.92483029860614,-16.615211334448077,-1.5929532151322405,7.446662928849719,4.6071415154651305,3.2300758867743866,18.27589389725199,12.947105295188436,8.314649116244595,8.844994116657173,-7.2458457270649035,-0.4812545252125062,-0.3365210182969349,1.4215965804319808,10.360559867607293,-2.3337900501090907,-0.9511992723085427,-0.11049048899958791,0.6061012830636203,0.11605085794536762,0.1252371312947318,-0.29071790249593565,-0.09488192479778634,0.034261250668628396,0.009083933415507003,-0.07814215517023815,-0.15163415372495592,0.11896415063837829,0.012172489655133623,-0.07031981693604017,-0.01707145321239395,-0.029240990538211165,-0.008131720827624367,-0.01566420163952742,-0.022849505859231733,0.008744405529042432,-0.05693769017082673,-0.007658151129767754,0.010790618077483494,0.004605287974434491,0.0064028436096423835,-0.000609583100589367,0.006129659727984349,-0.009335541560979155,-0.018986929296283594,0.006962525378534923,-0.003610649466570859,-0.0004925534522017827,-0.005518680306019652,0.0020052921438296067,0.006339221205974299,-0.0007391351571079952,-0.002028500546340517,-0.0067956903796724255,0.003271518662472328,-0.0025307558917191386,0.0021765882044377793,-0.0008088048885537269,0.0012132949412456684,-0.0009607706989124276,-0.0019840247854697735,0.0014026976802941071,-0.0007326570402627075,0.0013186069993282312,-0.0015392742449704677,-0.002090915361343537,0.00016088883898371202,-0.0009185326533517335,0.0017219516871253004,-0.0009108403937889697,0.0007664074932103963,0.0013427586674592314,0.00043868179745887304,-0.0006451043398592593,-0.0001937108295198553,3,NO
-94246644.87046969,-445549.03625215776,33228.90171934222,24466.78747263737,-96264.13862590148,-92632.45929996144,3028.4563451792274,-51862.45552553639,2869.8348793133628,127.68650012344733,17750.06942196114,4578.5089910159295,-1960.26979829829,-1868.3321892633649,159.49123121415323,-425.4892258880109,21.341481335307776,-14.552773493926168,-91.65904743741352,-148.9519534032754,-83.47475848644973,63.70624750800573,11.941273898386214,-53.11349854334581,38.1328657832543,51.218774201217116,20.286620725090984,13.77631372114871,-6.498628684897255,6.926496507978882,-0.36421039684739753,17.54220568622236,2.0771396959940773,-5.700564808109846,-16.569687124119326,0.3165207490484221,3.8129831165286063,4.005073770760646,-1.0009466596821994,-1.3854674562474116,-2.5297864061646145,-2.5743681875605304,0.44876828257535806,0.3382275236740928,-0.9020883133791315,0.08882928905101295,0.46332842186160406,0.09137346154320136,-0.07333442361942,0.004522814415915736,-0.0483639120340964,-0.06118385835807372,0.09392896946991591,0.017456336055068578,0.013214283391431714,0.010017466363753225,0.024299479200871943,0.011865243114179691,0.00718634679104313,-0.0102236945620513,0.011859544422227142,-1.040025094134478e-05,-0.02556299549085239,0.012891149719911787,0.0052830529127030346,-0.012465552435802607,0.00522956451835338,-0.003730538939136663,0.005629413954779894,-0.005356473753060198,-0.012989357315249639,0.008319399103621894,-0.004449856131147456,-3.425803561429852e-05,0.0015804037725766218,-0.006692691771623238,-0.0014987261045507072,0.00555527172320236,0.000457051941446629,0.0028203548258292077,-0.005620090856646498,0.004011649528124384,0.0014916311960200268,0.00039499297047659865,-0.0003824559377160197,0.004405683247967862,0.00020530843427679635,-1.1777843921034759e-05,-0.002685321524700135,-0.0010164853382190753,-0.0007638613341900413,4.9499327591687875e-05,7.773111371889296e-05,0.0015311355212892508,-0.0002046219998827481,-0.002454911081565885,0.0006499959839544097,0.0011198190745360659,0.00010163742019803079,-0.0008659031454033017,1,NO
90478873.40535104,945757.5384022263,513058.8409520179,-89604.14233629397,38965.814252913,-78762.78495045086,2205.9116815810776,22510.56956263249,14819.64654266875,6729.322811896276,24383.81282514726,14646.649853800925,-2302.679934191594,-5077.574835591608,-729.1193728897088,86.81689507698093,-142.4846489498848,-639.2170233428537,-195.53303215923592,-27.771340255366454,-38.0678556747265,114.59990639721399,61.404378560681664,-16.394884158400806,38.42679925362525,9.961697491041946,14.310839305447132,21.16971593390639,7.191493458576417,-1.4075687242718828,-23.19078849599626,-11.990032636244564,3.3722353538407788,12.02420074559933,2.01821038901317,9.385798891798814,-8.083364616089359,-2.0273059786083536,-1.785996559882335,-4.608038363792758,4.529469557790755,-0.3273071237157552,-0.09858014022140082,0.38020472546244033,-0.08684375077979212,0.010236384468221615,-0.14874113268469813,-0.02409393943485716,-0.19225899196993934,-0.1898148233832421,0.21075031651748244,-0.09449062412551301,0.022190080089464104,-0.15760865477356778,0.020694204945148176,-0.03917173711008315,-0.019662059516450725,-0.01620405649114387,-0.010338886872001352,0.016788098582112276,0.013579149634663334,-0.0020534356550854227,-0.0004694682093567826,-0.01008100000679324,0.007625131236723037,0.0021108170704036144,-0.0032994448452518255,0.011584917361798897,0.004154813989007855,0.005066364472241014,0.008536326598509003,-0.008572586975809315,-0.01148958926310506,-0.007033352674837068,-0.0031341531966593283,-0.006278868250597869,-0.004461484495116963,0.009679773327013308,0.002743696778292559,0.0030335225309234826,0.002551646289190912,-0.0006287938933167148,0.0025484084386016015,-0.0036008397026307815,-0.002207075129650349,0.0015141215583494017,-0.0013928373728075982,-0.0009694480604812705,-0.0006836685854894053,0.0006533531549419713,-4.256041782402242e-05,0.0004855186061701556,0.0004581533246048597,-0.0008414979277365786,0.000764402390001237,-0.0005413418944990016,0.000505328925791226,-0.0002828457038857035,0.0005754207183110149,-0.0007481054036489465,0,NO
-28505210.275999367,-1085132.776153597,-220544.82045328256,181389.74610523938,-94387.07605873735,107993.87181114117,-141560.62076567905,23548.444817888667,11124.497749197995,2348.2439623894534,-3704.2516146943835,-8077.550140819454,-7716.907710411851,-340.28918124228005,144.20299521242305,38.0225579182586,-249.6830462046721,56.59878865523251,1.2154124879192523,-58.39983460311328,-16.48984500583225,-11.381916582591714,0.09359245698701102,-11.938380792055675,14.545369820504408,-13.761867510629259,-0.9374858635113128,29.760244988064414,-24.35232760014958,6.655853100768425,25.784859904291693,-3.2348698142819785,17.664925284769197,21.88011274535029,11.044530210670768,-16.2056489181559,-13.317827674595945,10.269211222552372,-2.606464431176903,-2.546663143909342,4.172660933394553,2.5800224729177756,0.5445414522601908,1.4416265175481362,0.11887169257671815,1.0417210820439173,-0.140561104726471,-0.011122302922299099,0.09659637271816823,0.09288612461711337,0.21569103470330564,-0.07575466970953393,0.0481274503434852,-0.14315623089166674,-0.027706311571079834,0.050895596898278384,-0.02734798159770646,-0.012321608921157523,-0.011292405260011629,-0.0027033291004538995,0.015528608667806587,-0.003528407371842235,0.006766141483273702,-0.004502106197304734,0.0062225882037463265,0.012407161902973307,-0.014466361064532446,0.008149340362041513,0.007251954854014087,0.008597712913337607,-0.0010889558426180335,0.0012458621822890592,0.0035621757772323903,-0.0075700374942786475,-0.005333152489242821,0.0028277157204161796,0.0010199547487592664,-0.00029364468310610903,0.0004318348465774946,0.0005881239312710562,-0.004387049643527763,-0.0036371652598579107,-0.00048271930314625067,0.0012745210497377701,0.0023969015389410098,0.00045932578911833666,0.0015721868973106456,0.0006910881579110795,-0.0012277253558056755,-0.0013080510924250444,0.00010310628543797051,-0.0011735398537775824,-0.0012955716566482867,0.001841494538433297,0.00017533408559679275,-0.0008943135203793601,4.774320042353307e-05,-0.0013460758694778807,0.0005876504552808082,-0.00019405437891945043,0,NO
146126753.01125556,1188650.3078335566,511711.3781390216,-168875.1077856397,-225864.31741521356,-10217.805488229118,-24524.191229128024,43355.19537712663,10154.520847045991,-4744.409667773958,-2909.9909907817564,15726.394181558266,3681.7123069523404,-1623.0858266267974,1902.9694017748407,257.49154042351233,-1151.7264197969466,59.97066767249834,610.5127897789871,-245.4813901566323,-347.93392715836484,-105.17775894881419,-228.8886783475253,-63.43791243340237,-33.0080634797677,-59.59386380688363,43.89854893058674,22.623452556643485,2.2309053110259356,20.310466411599364,-34.19551076141815,2.45709024014468,9.854965927870012,8.160976410662556,-14.504240749308314,-0.017778184261160845,9.11700222848053,-3.5676211462974265,5.090225283091684,-6.216928502220668,5.453743860098939,3.463443575519065,0.12127394509043654,-0.178426469181999,0.7563969669244202,-0.6750029065699401,-0.3042604760059451,-0.03292560478040141,-0.13392610050726628,-0.30371874122724984,0.1416130135934921,-0.10564771229987313,-0.062385495421951376,-0.01899698188337018,0.0141995612961896,0.008287068013354437,0.037972875360678504,0.043863252611640924,-0.005828367765969844,-0.047588479221767344,0.025348424086673926,-0.0033626963186659253,0.008833224045971866,0.0019277406304221145,-0.007510873216506564,0.0036622522067373264,-0.007287849942158392,-0.0024791389379009154,-0.002508970451478021,-0.00031970178943113714,-0.011101221448113874,-0.011857562732182192,-0.01375706839450519,-0.0011438317394814046,-0.0007057360659834533,0.0008097461749345669,0.003195966116207982,0.0017703625464742245,-0.0039120034949591265,0.0037133426638420453,-0.002684642812407212,0.0001379929511828859,0.00108221791746832,0.001005399845092264,-0.0005284563215437466,-0.000861603672804967,0.002048304982484872,-0.0001000390375840432,0.00046166173514761155,-0.001783821777278316,-0.0010904363665007466,-0.0005279738376888603,1.926636159288453e-05,-2.3110609211340893e-05,0.0001521063403899653,-0.0007833167980527307,0.00025207960778959003,-0.00045278444667240514,0.0003116917483032,-0.00011715069317103088,0,NO
70399901.87389803,-2249469.362175826,281383.49933588307,-39416.822438695555,483913.59509306453,-140623.7681599448,-66105.52814478855,-56258.36684329881,-16217.25306201377,-8643.777029654742,-14913.502892010762,8960.258265990677,6985.122669634806,-999.8095974443909,-361.3099973352564,4.296284580714428,-55.27702256114367,69.05908107863365,-58.2136976774285,135.11701202448114,-70.95199164318973,-47.69230489374286,-23.176113108289258,-25.668989895836688,38.9968947793798,14.44143342759719,-2.4512571125413842,6.680205746561455,-6.3300442230389535,-7.125661312943649,-11.516620291295055,2.942403717851107,-7.485901089186854,-10.073312851011337,-6.782019876764188,-5.421569311288366,7.086210155287834,-11.354229510968423,3.0584521419647785,2.8020073397758836,0.519520443466412,1.878465845000008,-0.6653719490418695,0.47512008983041554,-0.14220361484727206,-0.0032808549589162794,-0.2292385742805676,-0.03433675907811162,-0.02255996533566318,0.060649465859394874,-0.07097462543180022,0.13015999621983365,-0.13057072913723822,0.05726341652288047,0.04222108136887881,0.06321017619298497,0.045115223017484496,0.023724430434991284,0.020013919994279927,-0.0021595170748067716,-0.03551121972069016,-0.011975668477203882,0.0017765432219924993,0.01959900957655325,-0.009196037577013927,-0.013644099939366328,-0.0041612964551347165,-0.0015862546208847417,0.0011125756665906206,0.006857196899006879,0.0020199509789948777,0.004478417155353576,-0.000711210124320516,0.0012495298784714892,-0.0036293491051841986,0.0003869935329630092,-0.0009921039800808718,0.002430479597657964,-0.0010670880933369986,0.006510278877923437,-0.001990669773190845,-0.0012391711758579227,9.904074586164491e-05,-0.0003277039879353294,-0.0008891433412302474,1.4828656106469218e-05,-0.001487554102974853,0.0009808066668470783,0.0016573385308792377,0.0006193882530713957,0.000524412053100054,-0.0007589864043288427,0.00047881631945412284,-0.00037371735988867005,-0.0007637924280899655,0.00024628128744126447,0.00041827306133599383,-0.0010199997993780574,-7.889200475946767e-05,-0.00032482179680465295,0,NO
-41584929.01487911,-1375004.9341375427,940.5326213488588,80102.44160034438,-57605.044481538585,-54942.111861503436,26368.403836810718,-10370.71047385293,41410.005549931666,9623.334276621405,-9145.211040275732,-1865.112087163463,224.8735227278994,187.27953035699727,122.78559819213115,-437.38409032762,494.4168661445822,115.79316268079356,-47.13459276200457,-227.215213889609,103.04367173307165,-60.733956988881346,7.816014452410627,-31.737404711469388,29.823343073874984,-13.492281357465231,-22.822694791888125,9.685701700468144,-7.587791758590129,-7.336338807847852,-13.331435913633896,-8.288840531707251,3.33218508382879,-5.780803764617133,-8.583860511645245,4.54738956135985,9.818589485939064,-0.8042069466987982,0.5968948892424351,-3.6698868987828064,1.783761151357126,-0.7549894234349992,0.6520262098763823,0.7133156179857139,0.39389557333619507,0.024585838980314634,-0.14388232390874034,0.12804486149636318,-0.17633335905831427,0.14067773644434203,-0.334581248706729,-0.08780212337370008,0.08468785367879583,-0.07373759186985551,0.0004110097898561982,-0.010917826616669402,-0.030561960701928292,0.012482572376809387,-0.005410336733030041,0.010588115487609961,0.023221661091243018,0.02101565211797407,0.013290950929442658,0.013969973570497451,-0.008021455256276067,-0.004384638876351543,-0.01126024383166116,0.011082044331116314,-0.008179691731660443,-0.004218376191353013,0.005728693931613349,0.009590769992996684,0.001483773990759829,-0.005845519508762775,0.0020194009139355984,-2.3266310996694628e-05,0.001090281114012992,-0.0026313422224868432,0.0017376947797758113,0.0009125460526469009,0.0026847509957091953,-0.002315530900890872,-0.0005658079207364608,-0.0008716161482501816,-0.0037445750289701873,0.0006947438714866028,0.0010281684082993348,-0.0027085700207311048,0.0004163865205569217,-0.0008635381350590166,0.00034280493151950253,-0.00015393485584365863,-0.0006608559945521231,-0.0003464805528535786,-0.0006444687222176282,-0.0009030616215230068,-0.0012831588484157,-0.0005454382939233948,0.00019188139016329542,-0.0010826112108766606,1,NO
-10524178.2945534,164253.07052032975,245818.6247765806,-80584.35265211493,-102262.85819473019,6933.355438042083,56663.63268174294,-40670.15624844004,-28052.227818597865,4704.865661294217,19609.95381459165,-5842.598552638941,10074.412841212896,5216.691184910441,-375.7617374062738,272.0404559898625,-330.1691875323804,200.89778065364305,370.7208760002022,132.2788488376957,-37.77107100085334,-66.41653714379822,-78.94944133703433,-58.3554450293247,0.1358501785877131,-23.114255636958774,-23.155356969052264,-48.36933066081474,-10.952144273532468,-9.824291725590157,-8.074376037321429,-6.795431179762659,-10.449805811527824,13.294090033096666,-14.599213413547881,0.9938413339681773,-5.749952702473651,8.007890278017896,-3.20590657975373,-1.9568581751857295,-5.157159146749468,0.5775231093564557,-1.2930294729631129,0.6677388156473407,-0.15775723941980146,0.038621004065035436,0.4973685701047339,0.41967236927861595,0.006019685511763129,-0.04975144904656095,0.18928750153948304,-0.19015652544949546,-0.0047448933372997715,0.00392105810684118,0.10142936170928119,-0.021736633506985736,-0.012159520663840517,0.03402956870493634,0.02822543887874951,-0.008225558258638799,0.04018802995137394,-0.006163513284478839,0.016498997398254556,-0.009475100742642795,0.02503624280415817,-0.007527518243471754,-0.011198786001823363,0.0036288482047439063,0.004754649252658005,0.002166439897203498,-0.0021157745811868356,-0.009325432326964034,0.013492115923494197,0.0001854681044890505,0.004505839464760353,-0.004859809949686378,-0.0004890991289476787,0.005093297547929865,0.00457313775403545,-0.0006144218586749961,-0.0019740963588485982,3.752812823898388e-05,-0.0011142718364467452,0.0005737739855752877,0.00013900974714153858,-0.00027447408093295156,0.0009477268298505592,0.0004001375063574786,0.0006461113193979018,-0.0016110603394370315,-0.0009551899477939774,-0.001228894773465502,-0.001911710542381706,0.0006983594708409591,0.0007584159882607355,-0.0007335864969520954,0.00017819425783203134,0.00030171336497919476,0.0006050035303954426,-0.0007254325484858382,3,NO
39306500.22155857,1866831.4899444534,-46523.78556947061,-331069.96744467603,-23416.593173340138,-120924.32190816397,68574.36544585363,-21425.613740762317,-11127.575563878985,-30730.758434686166,-10659.616611713107,14632.179194910663,-2148.904920066645,-174.78249775586215,-1904.0377570722194,-595.4083875155939,-11.354525156714999,-297.0527456875185,6.452266868477295,-71.2302001949314,-95.51851886887437,-69.94787182107177,-2.6786223882283196,71.69772192202093,-2.280501374603997,-25.045404652590264,7.90318791199843,-2.3469381084132124,0.5174970709830404,20.35500615278832,28.557459076864234,21.65355491753826,-16.941881243969476,21.72810788069347,6.554243943305952,1.1381086120185273,-11.529552740151363,10.456043535917786,2.5132643324214428,0.31042556410072564,2.791350602625947,2.4340410856254664,0.8885555879265468,-0.30116814488214816,0.24146367170557426,-0.18695421949205127,0.3634700403559066,-0.018912081903223577,0.058739035888378144,0.19699737417097637,-0.07918996806187906,0.1010967138505956,-0.09776773114118864,-0.04115524543059568,-0.06620168281688432,0.06893495469947464,0.030220257104411008,0.03493230222903598,0.010103769494136383,-0.035382595897956115,-0.005922633295242452,0.005502194623664636,0.013284037441861907,0.028722875168085693,0.0006325295606603998,-0.012048202540416941,0.005897700127816818,-0.010748905631079442,-0.002937949497996084,0.0007335179649833878,0.008823408667143484,-0.000519969208482518,-0.00804794860089686,0.0012864096748518294,0.0006116869320973439,-0.0017742134812073207,0.003454942136344341,-0.004142487989568622,0.0020936738474781613,-0.0020322360355535807,-0.002516878210246154,0.0019022343844061762,-0.003057827701881566,0.0037236542510632464,4.826659104395503e-06,-0.00026837014679803595,0.0011614971299882537,-0.003894241979867874,0.0023290350100196866,-0.0018266580496693052,-0.0003046219907023584,0.0004860521755258272,-0.00045322291008764726,0.00020729594005242102,0.00038590949622545334,0.00013142777155003213,-0.0004756304648701141,-0.0012447863008167026,-0.0007625213841738199,0.00013958355356552543,0,NO
-59869049.991423905,-641587.5325043425,94330.80411535024,-75901.0924962376,16819.329243878718,26896.885899016037,4163.4600022528175,29327.40082889324,-6827.172422361327,80.08087202490606,16602.85361786867,-4469.656123721521,-4003.1522380809547,-459.36172172250997,300.3102403234334,315.0649706036978,-365.87939203141764,9.466087460951996,-143.2986567416627,-47.050277945250286,115.68136845037805,-34.69128757331538,32.27861605268657,-2.11612043429092,-20.3052720476975,-39.42612188348767,41.61848189500853,-13.434164034111404,-8.793284155218117,-6.903461167993228,-14.652894020063883,-3.550741024175977,-3.1006987545011384,0.09357183538338631,6.6993740125970795,-9.775421327847027,-0.04367356472801376,-2.931377445177702,-6.725091149877983,3.7796395963971747,0.7240053586254334,-1.138840285142571,0.18785213529461942,0.45345193503660264,0.40733387190976345,0.3985425328422707,0.016172804796408258,0.06983570853551058,-0.18891226156568086,-0.16455244874233846,0.11811867268391296,-0.033107797053336,-0.14006804766170156,0.09107933555757741,0.22475040508346433,0.09027300897493507,0.02533893567697021,-0.009553191385132553,-0.023655046664283308,0.040743844336656565,-0.026645170454342004,0.019612890931654192,-0.005499288476171094,0.00995659208313171,-0.011014988187785901,0.007626221404372302,-0.017043966408464423,-0.005434029953624853,-0.019258979935317555,-0.006648503274991058,-0.0035967563056241714,0.002018884296387302,-0.006585696769350946,0.005144591983203384,-0.0033541571236683776,0.005172467671298531,-0.00604536033727654,-0.001571846242010011,0.003944386129071109,0.0032801639242494574,0.0025100277589301667,0.0026789466385610528,0.0037273083476334623,-0.003914702064548942,0.0006298271398086364,-0.0002671976972162815,0.00156521963483236,0.002264557095688957,-0.0010073838577925875,-0.0012700824779643405,-0.0006515982618704452,-0.0005413588268143111,0.0018721557941041578,-0.00023335693570436522,0.00037355127307305003,0.001005387015548186,0.0001319926675141577,0.000703066977958855,0.0004961691672693003,-0.0003402060698619036,3,NO
129503183.16964215,-2189977.0719402526,-609190.9512697129,-392427.30472295114,140010.67424411056,-189460.67168929096,236232.52231439322,47205.62144506771,-21782.88663229544,72078.03629286,-10597.268179463314,21135.466801730276,1380.147870020559,247.29111012868066,-556.8587547967418,-3654.2065883015716,-1892.401639186215,-186.85276014752446,-428.27947080409785,-55.029873928326424,-114.25822008165954,163.99720781134528,90.8200953687001,4.323191748467579,-73.5547711236545,1.0755946543521304,26.90906922403127,-7.777709145243989,-20.973640596585454,6.0218764009813555,-2.375467702469166,-6.622050166703843,-0.549580443930239,-9.160143769485728,0.12395465455918853,-3.8366935129968454,1.1294670308899804,0.34086411330434885,7.654212428883852,-3.097377200460784,-5.145822013697828,-3.347454691783817,-0.31324627096914526,-0.09971297577173566,-0.6811484858394152,0.17972656254219999,-0.049308597902279594,-0.028108901516136875,0.28113003859126406,0.2678362698619569,-0.12185534386769348,0.05855751966750011,0.028788294914688706,0.17626313371502356,0.06406716278197022,0.038752582881043995,-0.029368468194724162,0.007398580887356676,-0.023900478936472513,0.01574929684734272,-0.034412019942196004,-0.016320928398888768,0.0048366032717137575,0.002671160664115213,0.000732806876848846,-0.012802926954550431,-0.010062790715865966,-0.0015648649205547427,-0.0006588434613895577,-0.004577690973693038,0.009373698948234033,0.0002891082064806483,-0.005795018377750871,-0.0003860521211118684,0.0023809496415936326,-0.004126669738777622,-0.003604644119046929,-0.00043169267803788713,0.00017215124205094412,-0.004329557253675009,0.00022334147283731287,-0.0018055503457921063,-0.0002916489515174536,0.002176627172225526,-0.0009467113186220066,0.002422293272958065,-0.0011330340873692002,-0.0009785096925475356,0.0013412882395018588,-0.0006167877468532534,0.0005350592960406964,-0.0003846308568630063,0.0005009678028362607,7.142877478494292e-05,-0.00016993557045294483,0.0003841356973518697,9.064197593409117e-05,-0.0005291639300437634,0.0006124797023884798,-0.0006195771931565841,3,NO
44849802.59584284,-318572.6419838974,559881.5563984066,-316585.60433330375,44690.72160175527,55116.47759757776,-180421.82007933626,159355.24204063672,-1787.114080981526,10944.433009677949,-14903.232418987991,13686.771723250953,1359.5173768087334,-7750.038297263014,-5549.38041603903,-662.8403801150184,836.9142559119974,-143.27374940341642,33.76588941511346,-136.98476560517668,105.94221239540013,91.60784732258028,65.62268507229015,-60.00818328074926,-1.6957994176636184,11.806648482515811,39.51146016038268,5.701752467114659,-33.258422600488785,0.16806305706334967,6.098430045063594,-7.2258666938861325,0.5110960164585094,6.164414944744635,-1.9434717331198463,-5.080676481739502,-3.488083647952937,-4.192459894200567,4.258227754081815,-4.411980211670382,-0.1602383816051045,-1.7713784383439801,-0.2781672561749815,0.08700361665714063,0.1248292103319848,-0.18034218179319694,-0.0699388653087043,0.12892284423383593,0.48297778936872104,0.19106921342893987,0.040813942948568105,0.034562763307613764,0.04643849533917255,-0.03170558357084685,0.04594636574490352,-0.014897659692343468,0.05717460079623482,-0.008676758607846224,0.02782121214584521,0.027379777267747762,0.022245096475672632,-0.0024087827998542366,0.00966548206337714,-0.004749926809190619,0.00890156337382697,0.01888913988456742,-0.0011919109849185816,-0.004564649836443613,-0.006959134159145397,0.0009938757233159956,-0.0017086365387036784,0.007662737092836824,-0.0035169356354671777,0.004294044788743512,-0.00176000777512475,-0.004997967064434894,-0.0032170732073717456,-0.0008515685924166405,-0.004326638875924882,-0.003000478321592448,-0.00014332222830171215,0.0032670503268703577,0.0012834615550105788,0.0005849288539448161,-0.0025058848050180105,-0.0004915635751326919,-0.002236767254099492,2.559487114228709e-05,0.0010133721146911023,0.0005227727892460621,0.0008499080891044564,9.742304687471084e-05,0.0005664424135224388,-0.0016502306107814002,-6.565849573894611e-05,4.310492355849224e-06,0.0005135988450923664,-0.0001332462008580837,-0.0002552174748856051,7.581163957331993e-05,4,NO
-84455124.49202514,-154327.5700814915,148669.37802455726,41889.07222375035,-15747.36746546923,-75413.05298266285,89853.99567218806,-52743.008222254495,-22768.56896593806,-9197.855929572095,-1592.2371990922584,9175.675170259317,-1816.757364941739,1835.5148672911005,1057.251319265897,116.58687757758139,-248.14175969813527,-126.50826366391223,-355.86498371108996,-357.5642140920773,-144.04991005136606,124.39975506681938,-19.532931962430837,4.725447154348828,-0.8557018610954188,1.6318104167551155,11.260554929104103,19.94089601247248,-15.65199830746431,-21.878384447168187,-12.919872569503951,-21.911288591416792,-9.710473002927927,2.1616907754197427,18.18250203658729,-10.387836601610644,-5.3044720369811404,10.59935165586188,-3.1530121107545597,4.5706031371805835,2.379813635675596,3.181483551460815,0.09816270018167472,-0.15391688148709104,-0.10472480839177933,-0.5635736280896886,-0.13735362157654585,-0.172254977805812,0.4332145907799343,0.09188191586896646,0.31445975240963353,-0.19149560791156528,0.00510989403496076,0.009861375932550986,-0.017854582877597114,-0.07509186719942945,-0.044724490471705014,-0.03673808214775853,0.01546301826969132,0.01588463398048745,-0.009286408281574232,-0.010229630877583773,-0.0030334573163560696,0.008118306797849861,0.0011965763902861415,-0.0037599534313454974,0.0289430214234688,0.002467028298982543,0.007420828343800756,0.003101322484949376,-0.001962560763502541,-0.010152718118646487,0.006488802378789238,-0.0006709037828728226,0.007489381918126314,-0.007558454503134193,-0.002364834583139963,0.0035642910556861196,-0.004977907801457349,0.0013483640354792215,-0.00036273453418655954,-0.00038767075923806793,0.0039073369361604104,-0.00392410289629469,-0.0003756995141780406,-0.002640402813675613,4.028561799040986e-05,-0.0010079522771866412,-0.0014622815168429115,0.0019234810916963774,0.0008395871577349112,-0.0007699493841147927,0.0003678748714146529,0.0005066955327877043,-0.00010695182559830596,0.00013376447736869294,-0.0005919051506893206,-0.0009030431900030056,-8.362548111079393e-05,0.00044142823989162805,3,NO
30460621.40185094,1182184.6508116554,20771.314244072884,-22676.068496877502,-80247.97494018794,-68414.9320434041,-41274.76573569159,24775.39816163764,42264.229316008976,4982.523297156412,28000.093138947697,-1664.8646535525331,2495.147498107228,-2755.2141020271015,-279.057840188907,-502.68258449628433,555.2807580708325,-456.8779922955931,44.95126925085964,18.83100343025842,-53.0592731833172,-173.7921879863934,56.09352723676153,58.31546552947877,38.046207501201664,16.06397632873245,23.68852242119806,-3.7879069988015317,1.1701292001715444,16.623260707566615,4.830474669852123,-29.181615743343514,5.0226708427442475,-15.49252375605198,-10.94295068960637,-0.5006945561256089,-8.951351322517072,6.836756087879678,-2.8167550769159106,3.523926247623365,-2.5997881141882644,1.238738935553414,0.11247740100370152,0.3263375593646072,-0.33939007857939885,-0.312012832051483,-0.17659572927508016,-0.0658598899890599,0.1457836133402961,-0.12732228083551578,0.1374443238394436,-0.19602617510993126,-0.006721371688310107,0.03245931138043412,0.09831281190836894,-0.09098989107509958,-0.014321653439358872,0.0032807796562739355,0.010580258568329448,0.011504815997125384,0.012017188583988148,-0.012171209374091774,0.008714447043989604,0.004963401325266403,-0.0005871104693986329,0.00566193686038563,0.007312371411922952,-0.0056543364880011215,0.004389112443485943,0.01362388397124209,-0.003634354627873204,0.006659337699113088,-0.009560503367262996,-0.003951094452647297,0.0007490957685465371,0.004120146285423232,-0.0036796298403871663,0.0031190697617873298,-0.002634580957524335,0.002628577330664905,0.00021588006745820731,0.0018786687913412425,0.00031599357252076743,0.0020100187736991626,0.0007185118622713427,-0.0014037069740084895,-0.00047517912338190804,-0.0023739758970915403,-0.0001746821037387769,0.0009300512936336602,-0.00017716365137365742,0.0012076946761586122,-0.00028608657997686304,0.0005787074882281917,0.0003375035632974116,-0.0003131884972830557,0.0008069785595474551,0.0009427727831654575,0.00025893677897376177,-0.00021397406414519482,0,NO
-93532886.95650744,-106520.21041132975,42430.48959499574,118036.34706715774,9886.012667806237,42040.577630657135,58396.282270880525,26413.455791156055,-53114.719990254904,729.3845248208781,-763.5765383025282,12157.181547075255,2293.046458557721,-1417.4551507131873,969.5918612360128,-34.51037507503656,-112.36298312983536,-92.6614924636074,-220.54747762537272,184.96558794501811,-13.960221394087029,-21.489412036947442,-5.952188761964351,-2.530466750635995,-5.5527384075649096,8.208502788759915,18.550139684716214,13.03615238751513,-8.636408995569667,-20.50792829537906,-4.5225483033505895,-21.512959421946675,12.117458232079372,-6.6522066305394105,-5.7557951273014325,-1.338753888454022,-10.645491306982333,3.7881893467637724,0.9684685721593951,1.2956923163597764,0.8022649001144089,1.6844744929518214,0.6188750567654182,-0.3849101548673737,0.6171906669778835,0.427919023437056,0.4673251626590922,0.052388223880658114,-0.03836431464831147,-0.049871376853115504,-0.125767471399584,-0.3505597753622367,-0.013447741237461841,-0.06723659180086372,-0.0029626017640334013,-0.03838102430895146,0.03447761972150065,0.008321147947594643,-0.03237607404396914,0.04426332458359372,-0.010801270095772697,0.03260818569529533,-0.011218171998812143,-0.0051300655993973265,0.0006437884116181625,-0.004713012221630786,-0.004513140840481433,-0.008627705872796543,-0.0006060595518376788,0.015246208648917514,-0.006177981088117179,-3.33231686968638e-05,0.0018636154887339274,-0.0030230542785694148,0.0009401219017948215,0.001677145374618716,-0.0008008625875763897,-0.008822981904039295,-0.0021867387651894887,-0.0059193812552693625,-0.0011031302532999998,-0.0025793187559750574,0.0009223820521531145,0.0009748114387546636,-0.00033563464400310217,0.0018316723773748045,0.0010114087971024865,-0.0008341322392924067,-0.0007221594649467478,-0.00022912446953449184,-0.0017417456154213973,-0.0005186546855923272,-0.0004811445346741827,-9.175874636735415e-05,-0.00033700223363182513,0.0005764561274889824,-0.0007450553631207727,-0.0004914362426209351,4.049229969765866e-05,-0.0007180531376749788,1,NO
64498080.43437511,1441818.1423208015,102097.38486976037,11508.8065374851,105799.92228760751,-10330.078346131166,-109224.99229302531,54947.533419124506,9243.78509342228,12145.883866858387,-7912.4448579391465,7778.290727488296,9553.906083850845,2271.3302069561764,-123.38976462802202,-10.691965398579214,368.56192718922375,-279.1901105809316,408.7072759345825,-175.26759659962022,-139.41989948632607,2.919413795734499,66.93887512554346,120.71820776349874,25.555454585979664,19.05380619637799,-11.636544141449804,-11.297924152592884,-16.4088507619266,-17.488385420901338,4.451228445119398,-8.219413937880745,-2.8838724924230803,9.777972464045774,4.937596411899548,-3.329376780792174,0.054308876786869575,-7.213967591204437,-1.650845213177547,-3.902050905624364,1.3781669876701415,0.1642752351855279,0.7633855034830361,-0.05379756157902227,-0.25997063825084865,0.6130354258356654,0.22421258246175402,0.12066684797827332,0.16568319160063494,0.18347419293766065,-0.12655151941137888,-0.01760807652585683,0.039568451461430953,0.070973975027246,-0.09492649693638366,0.10926614965127845,-0.039194474841313554,-0.002120755940399288,0.056368500715199055,0.005488680968213089,-0.03784628033933801,-0.0018650453618267449,-0.0133514065610022,0.007686190969725892,0.029276405107348857,0.015283379373657535,0.007319841149194872,0.00654585080874287,-0.004516650835389324,-0.005135861401754427,-0.006540391470142071,-0.00014883733282600176,-0.0006604842040305314,-0.0031758249943585337,-0.007962988929227643,-0.0027121734617605586,0.0016467990828490375,-0.002596560487020394,-0.00011970244869363711,-0.00023339088203200298,0.002478525112921126,-0.002174994457282864,0.0029569666892999003,-0.0015252311068779112,-0.0026514289376363687,0.0016859475795235612,-0.0015308278199224201,0.0005175003305309955,0.0003303237658128788,-0.00047847540922396625,0.0004848738357987603,0.0007666270406737289,5.4795953278841125e-05,3.703945663702246e-05,0.0004652333692203997,-0.0005342064074429116,0.00010746079208188118,-0.00027943644680639146,-0.00011748092476110417,0.000718442024288446,0,NO
19465045.251017272,896208.9298853059,446365.0442412371,222490.6456577413,17868.43433145556,25393.705762148107,-126025.56863236276,-13404.090607388978,-3920.248369737237,36221.523371962234,30477.942685854316,-4471.785775354467,133.8633505413236,-1671.6116136180003,-371.62836394914484,332.0088132343725,-753.3813982979998,-697.2468512443038,-250.6968396280078,81.07729402212851,-5.980703593994235,-134.80473848979165,57.665432383606,-37.573910206885685,-54.06169422946009,-76.00564038053494,-1.6921872244070073,-38.38377223246124,38.83993849280267,-3.912476914081708,-18.060208966627215,21.804510178506007,-15.698927481992598,7.681531398652396,3.0813870174819513,2.062013351064877,-7.292761314294777,0.08432686332838557,-0.3409942106032986,5.601543393379131,-5.601995533238284,0.07119930583530731,-0.8349728273053358,-0.4265801077356244,0.005610506281332306,-0.1684888994848528,-0.22616717667968,-0.06107900073732919,-0.0006993927136647038,0.06502838117121369,-0.09286141134112125,-0.07749513544250153,0.07493357361075592,-0.10416918148295218,-0.023113159102758907,-0.05679574912834473,-0.06993134508317533,0.041009733377236124,0.0058216449666055325,-0.00489360115025228,0.024984841617827325,0.017194074723208885,-0.005714117505748684,-0.002761746537670362,-0.01504872961305126,0.011052937954590725,0.019317333429858197,-0.005756778369873705,0.0033094190349395314,0.010547523420239513,-0.008545128425179405,-0.006797579557580313,-0.005673901796499514,-0.0006640345162710615,0.0010288514965033357,0.005372011402212218,0.004516142392784417,-0.005714638668793626,0.0018247546013268057,0.0019192206994931293,0.004415841023955092,0.0003984008887467638,-0.0014701528693419341,0.001795149847714117,-0.00156739111897497,0.0010482736146529836,0.0003815137382876532,0.0005407243551946994,-0.00015858049884209802,-0.0005880537725222457,0.0027125560064695797,-0.0006446780300116677,-0.0004528029126384947,0.00093612196057824,0.0003178193262305812,0.00025422556584174354,-0.0006446558844974918,-0.0012157147887161823,-0.000243354546553054,0.0004807088503799295,0,NO
-40185996.987412274,590281.6070931726,57218.51955345832,204967.27254171122,-212213.43668937357,-94182.53507897751,8414.314308248759,-13497.45110687054,-25182.943182150484,-7818.441083022644,-13554.468243723935,-5023.755462349378,-611.6515632645496,-1041.0502330746913,1142.4184804458273,-318.7185855213138,-303.1668821313085,-282.54358045649195,-287.3499475629543,114.37578989037718,-15.05153000852573,-22.670741619757024,23.120707687998788,-22.50915600932683,-22.11161457440979,6.154115492918777,38.78385757186413,-8.901004449453069,-37.55683781589664,-24.275332315300773,-8.35884803369487,-22.223591772044642,0.5454122073428493,-3.31996036644,-5.965692243793949,4.5431998836994865,8.322832381434573,0.29159036437118857,-9.287325780768583,0.6290853881510259,2.819520501256747,-2.090659568165087,-1.2512835801679358,-0.13700642721763723,-0.08269894996070803,-0.1824634434517094,0.16413556592359146,0.07773566820670386,0.0202751091217368,-0.09854244095908313,0.11426382944486235,0.14853446904929912,-0.09489670995928456,-0.0993346750929669,0.08865695227007864,0.05876829925944538,0.0005176921345224628,0.00041670734211107785,-0.02013397126081551,0.03157738350761008,0.0056791559721576235,-0.0105748469457847,-0.005295842697708997,0.007332708435106916,-0.002881796628672495,0.01501928342195713,0.005384248391203383,-0.011014202449642851,0.0023773748684440266,-0.008214266006553617,0.004975917047064571,0.008439544684502476,0.00461115809394208,-0.004763501623092803,0.0006963212065604907,-0.004029833603969246,-0.00033858470630065973,-0.0012088297464103448,-0.0010828198278316492,0.0015993396746827315,0.0005881946862851262,7.815410859501881e-05,0.0008577388247787976,0.0007455687509857201,-0.00013140974420888796,0.00033405921600904165,-0.0013831094447638304,0.0005652528933851597,0.001926143985580886,-9.8797670633477e-05,0.00014063891379900717,-0.0009497083457198638,-0.001397368574245439,-0.00028910350129840445,0.00020803347352406354,0.0006267873266518134,-0.0005145963336812501,-0.0009574331115222989,-0.000666701468466091,0.0006320311982578874,4,NO
-154257777.46729422,59313.65389858978,-69835.92770821613,356982.96576613915,84578.99502722514,79064.42031559153,-18057.1725555776,-808.1727168350117,-46539.20869429823,8093.348241895441,-2303.7469215535,14033.940124025255,4755.962085401477,2038.3283691093761,-496.3092518953781,194.6061875265209,-485.65445696020083,-87.5039990928478,-94.23253488231157,-100.20440091330863,49.22463088958722,-13.361799294867183,-47.01105131108753,39.36856475653316,-41.90775496519913,122.68166603044159,0.8663026646104299,5.172425146582157,-2.4000636599609777,-5.73143633839851,17.76296013262703,-14.048888137365338,6.65876060681191,4.097751101011227,2.799843374760968,3.4995398195683123,1.9171300259743518,-3.2348687263983606,-8.539187550360055,-5.562465318283529,3.9746366619912337,-3.585968811956043,-0.7084960561438294,-1.5841486054504885,0.19198715358646723,0.336110643347844,-0.28225567667714646,0.8346821242481379,-0.3802972270569165,0.10386552246041593,0.0020749936417114867,-0.15020465842746233,0.35650310971127563,0.11674828040292651,-0.15100331954102275,-0.0025443253606505234,-0.039405637108668845,-0.08516772969585285,0.02644644675566643,0.005491358101230581,0.020602640836543173,0.021877298616878704,0.004055053568609357,-0.024328807765144234,-0.05164336756717436,-0.029870813454124345,0.00026015015050734336,0.004479059640747907,0.011430291437861784,-0.006030176212228955,-0.001977334495905203,0.005373472558263259,-0.020259766362224596,0.015071574966626589,0.008959209048763794,0.00997922702790266,0.0019415213506799311,-0.0025789685058970058,0.0036937158133643067,-0.00969726913147384,-0.0007041592909982075,-0.0007396470121125986,-0.002267773678034102,0.0003984842662630439,-0.0010255744439578995,-0.004277432392622016,-0.0017718915090427778,-0.0006632827420347542,0.0028002056894853578,-0.00043306770390194593,-0.00157401800725121,-0.0042050686326138825,-0.0005111345782146115,-0.0013291309916728666,0.00030563339000491685,-0.0010085683461176862,0.0030560421542559,-0.0008788471540808196,-0.0005416351385552631,0.0005653738883426018,1,NO
43048898.66481346,-92551.25642717909,54060.8485544296,21863.246168505284,1090.888388174877,78918.4156770535,29357.75947736063,-5987.282996935675,-21960.59188208985,2392.2758162383216,1459.6675392515845,-4516.48099801004,4728.689202464819,59.24865990632793,1439.7332488549928,136.2540523182122,191.69960052420174,101.14599340149925,196.76005251718496,-179.86710973159768,81.93734519121949,-28.62809573391084,-42.11646652905554,-53.6272519747328,-29.765400808633302,-8.163087032986482,-5.713042916188385,-8.21675563701291,-7.746572411838002,-41.65906339832121,2.3750920546420673,-7.752417159510287,6.586741830559021,-4.572258798818609,13.534337649728368,30.983131380799122,-19.192668108803282,-3.9567575007972664,-14.826691894431633,-4.551758501348914,-0.09240001646005425,-1.3494640034936936,-0.5784906270861683,0.0009418567333190353,-0.35242885256304746,-0.10908973055015636,-0.002213553505663768,-0.3425711603262398,-0.0515869320542941,-0.0523199316603265,-0.0030589191364676083,0.024247301386695064,-0.02055403924418453,-0.11057339447353098,0.006308752080267155,-0.0421911459183818,-0.03566938254562846,-0.017537793873102725,0.01292556945405976,0.0012336718557239834,0.029677882872788164,-0.010525188385047457,-0.015172837839306008,-0.013749183235503892,-0.0159904561253299,-0.003143918078861052,-0.005209107078410158,-0.008342833433786945,0.003561466038128569,-0.004510675123607866,0.0008313021942859544,-0.002886284223798441,-0.0028450019270653826,0.0028759698194297245,-0.0012974554915152758,0.0015333075904293558,-0.0012141782034182924,-0.0021615959622636183,-0.0028691108659049114,0.0006832734491910575,0.002648841345393116,0.0010463604380688274,0.00225236880758084,0.0007278595400626031,-0.0008958771818414757,-0.0025176405710842786,-0.0005763327793371076,0.0005709217301349545,-0.0003664238977609813,-0.0026285155231660084,0.00026442507356572165,0.0008517550130524984,0.0007637823804498289,0.0010696037947450776,-0.00132585225678028,-3.764383651726211e-05,-0.0005198606017966737,-0.0003886621128654788,0.0004893995510918958,0.00017543110659107297,0,NO
60804418.06267315,1717094.8393246976,278771.12098050886,-217182.44395640562,-89604.12360279204,132968.82109771506,71169.38731818896,-80252.10349131448,6641.611519125116,4501.926060749231,-1549.065552056014,7016.786591165619,2595.5729620329876,-3823.4134261982513,1539.3600096932332,46.10632579450521,226.71499519025292,-486.1094938819739,-252.97416005343763,-140.33972944541972,33.83259347837259,-32.22465146598091,-5.2894822483577855,31.33297875120313,93.09027683439591,5.486702036764996,47.994115717686554,-15.944558929036475,-15.132279621612469,10.572042803663166,-12.514699977130078,2.812816246141324,-0.7995995299524168,9.766395913903011,14.512804356452744,3.5278464692157883,3.43234501555224,1.4525802122022355,2.0436877509031888,6.5832039733818135,-3.283425206091586,0.4705355443204837,0.48878849164015037,-0.6246534993328785,0.33811307019493597,-0.01982716550298136,-0.058964729194322274,-0.10843354095194435,0.0025049725652412924,-0.025203335270111867,0.01751623632543975,-0.09105710236592834,-0.016907046349420085,0.13407167587542723,-0.03242093365173604,-0.09285919252115943,0.07142000880361943,0.04195164029383447,0.02542777567806942,-0.023187354589962794,-0.004329045489242844,0.016833819406951278,0.007887142358636745,-0.000651082548695392,-0.00849744943040176,-0.003822537677560023,0.009630122825902532,0.01629274472151787,0.0059624543332245095,0.0029124118030230406,-0.01179755808761973,-0.00011547996813110473,0.0025296100030702817,-0.004086193756860479,0.005813625500662667,-0.004958360213780377,-0.0055989823597666355,-0.0015038786721137676,0.0017762756281958225,-0.003481727217462538,-0.001047230282076761,-0.002163253849819524,0.0017213820711483585,-0.00028387008948194126,-0.0024834531973516594,-0.0007787292158949466,0.0008740653634462525,0.0007314368501064594,0.0008686252929918092,-0.0012866322482172343,0.0012610275285629413,-0.0007262091307567329,-0.00015543713434440498,-4.169072618354086e-05,-0.00018459542512162808,0.00019153549122041293,0.0004000883481773739,6.262123792644125e-05,0.0006395578482900066,-0.0006583886168705644,0,NO
-94404092.88585669,-835388.5331896283,-140235.93951256073,8208.545416674693,-136474.6246113286,-34712.47077477696,-55441.55304219336,-7440.837318358623,2224.5009750919417,-7261.733132680176,7631.813532228158,-1563.9730409695476,-1635.0971407165598,-572.39441399897,450.73378849433175,-387.41085360711145,0.0019373155541870801,4.111382099638718,-217.312316235521,-368.86228980102356,-36.22830670419819,-51.22100890585409,63.44536368832979,-82.55808069233015,42.119532581489096,65.40323047839308,-4.876509172165811,3.2516041121118633,2.1396556500090753,-7.0841757049764595,6.704529724733618,18.39522608878383,-8.678523028893977,-8.905847286673122,-1.1556511763498527,-14.029579885774908,-6.103848537086462,2.4809852895915583,1.8579120904454953,0.6229700922661436,-5.1411860171619885,2.80683762938817,0.871718084637422,0.369169729952854,0.8409337820086016,0.022681485319019146,0.14971292872859188,-0.15670182705235902,-0.26595814641422555,0.003797651905291608,0.19819035545379027,-0.23315229561929662,-0.036901323121267815,0.060258692508717626,-0.07189658603132054,0.056516007522363076,0.11011412807589371,0.05691974193677796,0.04893484398333836,-0.027513816951480585,0.04387222966548965,-0.02776270744344167,-0.01847111437346105,-0.018852781022817844,0.024116593798113595,0.00888786647778006,-0.017336314704052308,0.003117898494165605,0.0028656900112625783,0.00712695669952762,-0.012299998316460448,-0.011820599031464152,0.0069962500944997785,-0.001817709191172745,-0.0008847993412270938,0.0016607570591542498,0.01611887799795131,0.005428873335482365,0.0016509498248078458,-0.0029709717588490836,-0.004116691692676699,-0.00119470220547635,-0.0036229372512410762,-0.0014110398054745232,-0.004507423383870335,0.0016483532731803585,-0.0015000389219204102,-0.000528803662311117,0.005445484646506515,0.00047293670720804926,-0.0004318343501938937,0.0027096610875315336,0.001295074504395477,-0.0015358375340106534,-0.0013942509035731326,-0.0011736719205101588,-0.0007047574669878601,0.0006293451152883378,0.0005719585783685033,0.0007493643928008775,1,NO
-42993740.26212615,-770785.0004453445,58884.90248736332,-162321.95484462712,-256051.38469232147,-28731.702905696395,-13494.2248418952,-46369.31015127028,-4772.116042819864,-8325.089254143586,31233.984960055135,-10854.843776780705,-9898.67228910861,-3246.9426784488837,734.7185045089263,71.20116125537811,-895.0841852183694,-6.172336929919425,-272.56778865516634,88.57537213133128,-102.94090598084676,69.63173127143557,-143.75648202876081,0.59850028274289,-14.131655393646856,-10.140808386412118,45.18543923149463,8.721616534564248,3.0949186505121986,24.43721964156458,9.224908799038133,14.439540779538106,-16.490217219789855,3.8134612468756472,-8.571243150733473,0.28434033797371683,-7.317160274716127,-3.935974928811902,4.930572276515477,-2.072134606733556,-1.28770131583779,-5.5109049025614425,0.9036522314352595,-0.0794644359179415,-0.03605678553659075,0.13039268848504193,-0.15968367679063444,-0.17412915491768377,-0.05962218972933764,0.01567708640661383,-0.12453570781932832,0.10761765490081121,0.024822056984127094,0.13339284857583666,-0.04991551555612128,0.01275022978421192,0.012514527603583403,-0.002019499577121664,0.09449164056473425,-0.02575125467049144,0.03956136706165525,0.016283528989891494,-0.005131986889853946,-0.014519978154481805,0.009500548423995614,-0.012194874297228653,-0.017294314758209695,-0.015362648481891283,-0.011673298402559262,0.0024931933196178924,0.007945998867249449,0.006278565013472459,-0.0014357700402491957,-0.008356344847782471,-0.002107478182563849,6.081001525881646e-05,0.0009195755880191392,-0.004219567322975237,-0.00048411642928503085,0.007937112366134924,-0.0006915045613864468,-0.005630725268263692,0.0017362889043714969,0.00024744645397487,-0.001185721898940395,-0.0014629833265779046,-0.0006074899305876791,-0.00308798540374966,0.0026639163694114343,0.0016896175445235695,0.0011453109218386714,0.001359821022243717,0.0006532025012063736,0.0008999531850680809,-0.0003247528841483216,0.00018158556502162644,0.00044555616653438844,-0.0007280203853716749,-0.00043862221373319743,1.1380463410037844e-05,4,NO
-122546691.14459455,724260.1538559957,20601.842648078687,-176769.13059445546,-19582.94824595045,38206.46211609804,-27897.762605630982,-33836.13815958655,11176.162696814514,-4970.561236267869,-6524.099072952424,1795.7152402287902,4322.597119372094,484.5712678994804,805.1771797106194,-79.41477716864665,-48.25684332826336,71.99583204473566,114.74791166152309,215.81096677204187,-51.97802094477521,29.525116657327857,-4.013355885970981,32.69210232909859,-36.63256217370658,-9.950800513659829,24.342431905890464,-20.917491360474344,3.086232737606025,-1.5454838585696535,-12.082547380307602,3.555177624381372,-3.4510088933617453,-6.905702303994417,-0.0390465161925313,1.1864321487555003,2.343118516816844,3.231552891195065,7.142225467975379,-3.7294623891680487,-0.7996495428366295,-2.671242173853294,-0.9295347350224858,-0.26370571558968425,0.5172111714829768,0.4327771243216034,-0.018655482958334524,-0.3821625786280083,0.036680632151327774,-0.11125315316455772,0.18786541535434154,0.38506052947095437,-0.04441966448788559,0.07051947860608809,0.02873556740925265,0.05338444864434344,0.018935821854295654,0.018607452669249014,-0.014098063019491569,-0.027082580943176282,0.011640732497812056,-0.0010905410580797081,-0.011730534046481722,-0.01179291579993702,-0.010708881199928078,0.002343704195520324,0.02214924519375583,-0.006669673840583701,-0.005010247856669037,-0.005674203365026054,-9.00594052309911e-05,-0.0019260305982329307,-0.006462584803973215,-0.005210348530814146,0.003656695264852017,0.0006149047693717602,0.001527596312299595,-0.0015009915378589866,-0.002505920394871186,-0.0029613868845752567,-0.002797637247599516,-0.0013818013593556167,-0.0007122689413181504,-0.0036102171281873485,0.0014906030540905446,-0.0007601310692516572,-0.0003734821413166056,0.001079202913859656,-0.0010786139112836657,-0.0006013288217661117,-0.00026907235978956834,-0.0014915842110549858,0.00075310276124263,-0.0005723852767243187,0.0002733875824948162,0.00013317875029351424,-0.00043176230992960675,0.001018910184281685,0.00028354640828037736,0.00043905883762834774,1,NO
-125007791.97204211,443926.039543496,454680.06804854545,85596.92756063363,-8247.631490682776,416.2793871873582,-60340.69711382535,21421.813715720185,-55620.23551200799,20374.336478385063,-15063.71018487267,993.3368405966175,4537.515260418209,-2865.4733678226007,718.8947915402823,-59.2918437404669,19.930185663592624,107.39131884386796,114.29051966079587,13.877841973504587,158.48933864767537,-87.82977863038701,36.5437356852712,29.308337159617267,-14.323275687315109,-8.732335284131977,11.669255647928196,22.158340937041203,30.95700234217989,8.183430884780307,0.5605156643290172,23.738557275417634,-2.341006325400798,-8.369949038879781,5.485928493482451,0.7996709978405363,0.7444447590297187,10.778587512641877,2.5594580253331856,-1.3461530941092832,5.215103705648133,-0.6879470069176605,0.20158634994520241,-0.2939234938475477,-0.23093301562830248,-0.7522957666098904,0.08898714230130444,-0.5209600023738075,0.17510777729072835,0.02914152347827297,-0.05174874626369963,-0.03121876356482245,0.10482846855846883,0.08607260226880364,-0.07792149477601118,0.020329446246933447,-0.009070703379246758,-0.008636995969693029,0.007435747700833328,0.03950358963141998,0.003672087548476366,0.02319873342384504,0.011283730884589116,-0.015473241926779124,-0.003175038697732946,-0.014127531598168597,0.01656646881612764,0.013419888229572352,-0.017482003648128908,0.00893477575510393,-0.002716695742782549,-0.010078458326290285,0.005809120797392708,-0.010173336306675385,0.003632850033658208,0.003987342708582364,-0.003649703988176878,0.0025633226927350705,0.0030479767384954393,0.005271712342035828,0.00035621018957321393,0.002318948204291793,0.00033634686213379617,0.002587989824340886,0.0011895252473785867,-0.0008093027033710953,0.00024346614068249117,0.001677403255591292,-0.00039172817667310067,-0.001366557946808733,-0.0022621264330775492,0.0003267789577318528,-0.000701096052268535,-0.0002666233868571233,-0.0005137324297770085,-0.0005339294145299232,-0.0007885439368176209,-0.0008317151498932196,-0.0006242436367789872,0.0002135223509200368,1,NO
-63866195.01915854,-716117.1275166404,-2429.593219384318,-81831.39437111569,-136498.63997109752,-117905.49698192436,54447.148047791336,19660.46726319655,3272.5918430660386,-5798.362203568748,4797.539195977296,422.32613111093815,-5365.498093985785,1091.8154965460822,1230.2227132057706,-168.7530517199882,426.29949394832977,139.24804911804802,25.735733231313134,-87.84675378649035,86.94472726308638,36.609303572024004,32.955784487409744,8.665177048590081,-13.694741944452188,22.16220807180673,-13.78516937856648,0.8010263236234891,5.879164604922607,-9.3696479989204,-13.571307384509595,-1.6847468105062262,7.518520599478137,0.14773758663250192,4.884632685402302,8.124429139958494,8.633443181327205,1.0513142279995122,5.934332131273948,3.6812114786504537,-0.6982903282287296,0.9289957094244059,2.083746249062955,-0.45194125979778077,0.22251214036897693,0.04939012628777206,0.15164135993584615,0.11450909314095092,-0.2923080702465679,-0.2589151940459265,-0.012787875853090824,-0.0017573949086071572,-0.05161941022384742,-0.07879906437951423,0.020972175106373392,0.049855017805120805,-0.06565595704027327,-0.024323612319016696,-0.0307651069204693,0.025001784150100903,-0.017181036565395935,-0.004355469224817554,-0.014837795533477638,0.006703420815426853,0.02148249609041164,0.011050513208815449,0.0007420642596887572,-0.01707456070269081,0.0013358942656481743,-0.007866079774191959,0.0013230510896299341,0.00569694198767845,-0.0011205779433129948,0.003638074668301128,0.0026629507478090897,-0.009731731862041126,-0.004605514297684854,0.00040059481565046795,0.0024403206083571938,0.0007049802173022535,-0.005339718019529371,-0.0015733198973513218,0.0026457596258162575,0.0005141799291155935,0.0002692221045997867,-0.0003242137235968112,-0.0008605067897795582,0.0003256164496343583,-0.0008092676666469067,-0.0003890657672505071,2.7518410287807882e-05,-0.0013137514759328016,0.0009410458847478598,0.00046262371645877653,-0.00012393265615177895,-5.490452848141633e-05,0.0014523272982064125,0.0008313458211253177,0.0006685479272292016,-4.353568016207676e-05,3,NO
-27841109.197277427,1423063.3188925162,19647.06009540602,-10.171142467472237,377221.97809420543,-93952.1355703363,48168.15294957899,9461.139140981511,-54557.01078377603,-12339.833990767711,27113.92587462643,-34986.060381981195,-688.2039823664709,2893.6421854180744,-1003.6883174574523,-0.6306535284704751,304.3935955471347,-53.033967056214465,51.50727659998108,-130.54690862922234,-172.38263276641823,-79.72888671606637,12.879122677386988,14.667601597776326,13.918396673159005,10.91793135212015,16.236740757725784,-7.0074557650740985,4.88458743002721,16.806502153190138,-6.627362511754882,-1.5450055881827893,13.10999950502594,-3.1923319611415195,8.223680012318798,-3.3444762917750097,6.148652228065217,1.307595636996723,1.5718383087454981,-0.3327057959639603,-0.3881042823065357,-0.49984801023491343,0.19899547079019442,0.03894298442695332,0.032557555605350785,-0.1509793465323348,-0.2586967190767311,-0.01132588081624819,-0.022875756638705003,0.047250905945289176,-0.05448696628179661,0.003016653819466697,-0.04639361573398926,-0.03737159995753059,-0.027377268687422518,0.009029113706830127,0.030439986457027057,-0.022687685492516874,-0.046259478082693484,-0.007790329300068954,0.013184821795887647,-0.0031010304883061224,0.0035522302564365837,-0.01142958205187039,-0.011319945862119818,-0.00010388590148546761,-0.004438666309172362,-0.011179948414468566,-0.005443934325754518,-0.004900638598684892,0.00026951083566673084,0.004409767106373419,0.0045511090321124215,-0.0015853474583689131,-0.0017617912891445542,0.001217682223472849,-0.0024747143610841515,-0.0005783374187893209,-0.00042963541504059677,-0.0034332431404968666,-0.0005284986885210063,0.0001767198198761033,0.001956196446281533,-0.002049494140502317,-0.0007690732409211254,0.00026388725053050344,-0.00024317540947160765,-0.0009932260100428136,-1.6397877536988847e-05,-0.0006509835311792056,-0.0003965086260850903,0.0006433998005953975,7.423491141000937e-05,0.0001070023286848798,-0.00039716784419784046,-1.568678012940812e-05,-0.0005555933653136561,-0.0004966158863120018,-0.0005334497602403343,-0.00018663215671727018,2,NO
114820504.31439674,630445.7404140602,20424.13961601793,73198.83210065286,-136114.04770473775,115177.62328238726,-2421.827440799334,-43862.67437877662,-54099.46094391061,-10889.377523567575,-5359.75735000044,147.01207294613414,-15147.554943508036,4074.009429442105,1247.273766593442,692.5872035581301,-27.03064432851818,-288.772944603765,-6.447099687450162,388.0372811690585,-171.4927503976184,-10.280578203011885,-117.81478816202028,91.21027854934546,49.66785399205165,89.57889470631301,-32.6142520295428,10.47407579561542,20.602899703524287,-22.365379515659328,-0.646491949301577,-4.859086204162395,-0.7675449601063065,-1.8927808967970918,5.390769181779781,-2.19371173765542,5.653865365452582,-12.817386960580052,-2.620188617640167,-0.3014355952946488,-2.964915226759402,5.050491283958763,-0.03058547868873518,0.5594821988184893,0.05143216920593119,0.10288723351185425,-0.2113085380623403,-0.29115257129239325,-0.23102353993572855,0.06527845901476394,-0.12239257400635672,-0.08459157497043712,0.17606399339254963,0.04382345451685876,0.09969100745570803,-0.006131071435317104,0.00199514596923267,-0.021854218570433126,-0.023769961525919037,0.005474325502719424,-0.003420530505762631,0.01024688148409858,0.01947466701227374,0.010443130983743387,-0.002995135537629645,0.0022123490720828975,0.004135572477101224,0.01312687819354652,-0.0036365856202748015,0.0016050642028460627,0.00014750815650488303,-0.0035258041020664876,-0.0017722322526898537,0.0008422952157456365,-0.00023407076247439207,-0.00013172813389927818,-0.0047017322626978775,0.004020852217320847,0.0034926016524305936,-0.0025730954427420905,-0.0014134756175893104,-0.0011400645708650181,0.0022119046258897157,0.004910334732348337,0.0003150189251172053,0.0020187011765813168,-0.0011385115341544516,-0.002675692080689074,0.00032992405557868976,-0.0002707451997889798,-0.0008254230379616256,-0.000522714401462814,-1.3698624480973365e-05,0.00021664273735377826,0.00010994741154640719,0.000314258079895751,-0.0013802461399312852,0.0006797483157827688,-8.303676057624942e-05,0.001138085432638991,0,NO
1653484.6612538695,8518.01201313315,-211449.4474190398,172354.8129739992,-276024.1685434939,-90058.39714659138,-49037.22202722869,17605.569935400315,43862.25252451823,4278.505438680752,15690.331053102407,-17561.22830212854,1887.5246884745102,-1584.6442485724135,1795.048057340311,-618.9529559398052,749.2006498971222,204.8052254270595,563.4673430048007,96.02558987685518,38.8943546113816,-29.786405441076482,100.55695781798244,-53.434800767225376,-38.951430175277935,6.393073522448844,-17.216837251499157,3.459274931453365,-23.19558997632572,11.125522669232964,-5.910054668804179,1.505704877606604,2.8462336522867133,0.604218042852267,-4.360787290760964,-10.090208460593544,-5.959733709550919,6.604056104582469,-0.09146330940421876,-0.24140212117292492,0.4661975479994567,4.277431579341538,0.15229047377597738,-0.1794780921467587,0.08386667895622679,0.48540513061926305,-0.6318710423203298,-0.0412508430598737,-0.25392121821766,0.011461398377188726,-0.15650874738981102,0.09999473387015279,-0.07432763117453955,-0.17986186902673174,-0.000500621235857146,0.042088499653026745,-0.03304109169811609,0.03441837871232245,0.010369989942856206,0.018720947895601192,-0.02732129100011127,0.0068168641888011194,-0.009377054583966093,-0.017849588765463942,-0.0025596113810788523,0.0025383975287955884,0.010054642587481288,-0.007157703932138715,-0.007074618012051892,0.0003687022782302152,0.006955875180251314,0.006254203337315634,0.006010158941678334,0.0007159930258944236,0.00022627104782424468,0.0007089312628301148,-0.0004602331475787036,-0.0011713837729896426,-0.0006492999966618562,0.0037129266273485673,0.0043236270655252484,0.0007295109604228411,-0.0002392256082286437,0.002780673117378618,0.00016065406673770877,0.0013306425336027106,0.000739109513832048,0.002579278109630989,0.002378709983216487,-0.0006064348589289725,-0.001600306188053402,-0.001760620021923994,-0.0009334186953637857,-0.0006511157325780337,0.00022306793489434984,-0.00030371255340423675,0.00011932588119265529,-0.00016393412500681492,-0.0008782085226347047,-0.0007936558376336333,4,NO
-103691467.42436296,554037.4856054345,314097.79218769213,227941.60962746805,-73625.02977898915,-18010.173107733528,21457.458686850237,59880.16173605718,-74465.37840570827,740.7394329794133,-4518.355109749293,6419.270092482831,3615.655699584204,-1051.3726043838028,-709.4031318500474,120.6658485212422,-1030.6638677528294,-127.5142438685466,-156.95769261019586,147.7650410971886,98.665638835143,-61.20846862605964,41.565517394280164,-23.747738474888173,43.30320120088929,4.149649650059814,26.5657691210194,6.608484011675159,5.629753800975095,0.1204904383630776,17.519724330172835,41.40584951766925,-10.49654937563804,-15.615698184868108,-3.813436534459317,-11.871599954274245,-1.6781233420891546,7.453764554123154,7.836365806901711,-0.4620759353874462,1.3615816569014996,-1.5582427513847037,0.2482693499848807,-1.1996317025690582,0.304918189009161,0.6566337984612183,0.29046368568520897,-0.11696828539227466,0.0784250280451051,-0.14660534659945637,0.22732709454382416,-0.1525077073022052,0.12048347238366741,-0.2368270213182042,0.1626367915898821,0.050192455989824025,0.033155537979058014,0.0074594861529866385,-0.008523736011796013,0.004213999554262493,0.002199937755777981,-4.413384881374327e-05,-0.011740348870221573,0.0015850122836447156,-0.018425539394802737,-0.012171341540350378,0.002166887898226749,0.011693429353751728,-0.0008016082133853741,0.004154837657692201,0.005743241327464954,0.008338769477497454,0.005232221893254341,0.007244517253341187,-0.0033827079071000465,-0.0003406280110642701,-0.006595489807579069,-0.001951929452535417,-0.004999734267918665,-0.002990952779001521,0.00027747983843218194,-0.0002210427481488253,-0.0004377337836043438,5.17711943603949e-05,0.0001558268848284028,-0.0028181141113959862,-0.00028892756837328726,-0.0022927267705314947,0.0010379058000039576,0.002522433492065712,0.0012838394588148283,0.0009504110693704156,0.00010786069151069722,4.7831438400480764e-05,-0.0006869372554918762,0.0010399871783801744,-0.0012821509832822379,-0.00043952658259183153,-0.0003399542548432888,-2.4172790815513157e-05,3,NO
106532241.36380202,-1361637.0328484671,236865.44879882538,-120901.76522699636,286022.41468582867,-61653.59978339645,-109820.52278499224,-52609.02424112864,-4196.657204568561,5233.935386939641,16994.299596179208,-5557.850475828658,4119.918992031073,-474.4097331376822,598.2370041538961,137.70098406194347,286.7060520923943,-518.341409781149,-533.7847366998424,63.448253810149026,-195.00898319544302,-102.73285280920965,6.061075680329083,-20.2123637836019,-93.0773799325591,70.68136776197116,11.220274301093355,-30.840467746687693,-0.3339226164761726,-41.82471213220326,-1.3527286623787802,-5.771757304160815,-7.7692326243252126,7.836949397203966,1.5829392286241593,-0.033585454990131325,11.29114907863261,-5.830605866600251,-8.85928828261467,-4.384638986207037,0.6866351811089189,-0.10277252378405421,-0.1695028641136247,0.19718643031747707,-0.7213655153804517,-0.09940932095180699,0.05763745599784542,0.05152940416763263,-0.2010533422955061,-0.2372290477191185,0.42626853146646404,-0.21631397115633932,-0.025602072967098266,0.08173835424904707,-0.03388913043777375,0.013642423061174136,-0.04586413605597528,-0.00319421961833255,0.01651050274124599,-0.03497308798806653,0.021031138197585175,0.0032798477241406943,0.001174813482431647,-0.02684148081648452,0.015674888888649763,-0.0013200303724472118,0.006665228693987002,-0.004325539563579339,0.00017358432424430248,-0.0013370120990565115,0.004855551231475186,0.0012279878182224202,-0.004863324333236996,3.9255229044243833e-05,0.0005901456290504647,-0.007836641548368384,0.0020794971846289645,-0.007007649845833797,0.0029640722401436115,0.0002968598022639046,-0.00028705866215583686,-0.001723537761062932,0.0006004069864236072,0.0002006477666981754,-0.0015631361650052522,0.0009758438925662194,-0.0005131240367768353,-0.0014918027880349571,-0.00011721706373751806,-0.00013511083048101113,-0.00045044816171713187,0.0005055517410882792,-0.00040487182700887914,-0.0005550036711883255,-0.0008673990799119569,0.0008903306336493257,-0.0007239200263640336,0.0005351285183026189,-0.0007816853198290841,0.0008178575350294426,0,NO
108264416.94893086,-1685406.925536463,355843.8247604596,-152884.73509444244,-127460.37166515994,108892.3550712281,58463.077933039785,-101501.89981380996,3675.1631179438555,-14057.475546607871,-12369.431846455129,11661.282197517845,-6266.136405459671,-2440.286237016845,-337.78077159368877,178.42435937890536,195.97308021340984,175.86061778795408,-35.00690976389289,-102.66677581973374,34.720755273447026,-217.86036439202934,109.12463668949499,35.36666552045182,43.10967934016992,-7.744338519263806,36.750277029014,-20.574122449390245,-1.7539051621966735,-6.19856554793536,21.122253372350002,-6.063478507290597,15.900608853110725,-4.490214743381955,-10.782294274700144,-12.759194533431085,8.46418616017447,8.863804572715878,-3.9246663558443515,-4.238018071832499,-0.7556504830620838,1.5428728345969631,-0.3451475080495072,-0.07879074045309631,-0.31736697298019223,-0.37963498518517724,-0.09263278502346584,0.19312646060850902,-0.22040585615996955,-0.21509586624356436,0.17400501128590928,0.004497971734474415,-0.053265006399453974,0.022840026604687758,0.002331195784950335,-0.05607713767956263,-0.02250901105644587,-1.158165564962843e-05,-0.004337012435811083,0.03184875290571476,0.025254454759311873,0.01670700432792316,0.010767685268727623,-0.0013345016543393484,-0.009662763438850641,-0.004129062252671067,-0.005700729948740019,0.0031043961535016096,0.0014860626005647193,-0.002817610629358258,0.012554546304759606,0.005084550354002015,0.004826805704005288,0.002067861966229212,-0.003654250742915144,0.007268173961693769,0.006308461263198284,-0.004528074125927262,0.0033724664642647006,0.0014370015478624154,0.0024471131143103397,0.0028749243793289025,-0.0005121637966263304,0.00048631562568562936,0.002141938333311333,-0.00016491903004300923,-0.00046427861571740614,0.0019582019350258273,-0.0010920374842317004,0.00020953505638887648,0.0005025117397954304,-0.0008398943671690815,0.0007569316578053265,-0.00019079542006850136,-0.0009567498498092852,-8.231513238461143e-05,-6.056217883456706e-05,0.0013696822063991032,-0.0002667904384237585,0.00012145279246772445,0,NO
-6854645.437742233,2672140.2514369,-152919.31155925093,-73342.09719229167,-56135.297215692175,-19399.200445106602,21195.55757684722,25490.435463451096,75590.06928360218,-9356.433761814045,-49899.65303923127,-465.30080912316043,6118.357588254397,281.8410895416315,279.10764473619747,-638.5467806332326,546.3850545940384,-481.1565087877075,-95.32593172523693,2.855449478367518,-173.6250822942942,102.5583723614987,66.83905519001019,10.901712086315385,-78.86093957973665,-48.4427822105838,-19.140697941924316,22.735999238924194,13.542299339025533,3.7419259233301716,4.445776174361185,4.796398882112612,3.186893867025816,11.796063954041017,2.3252336903406565,-6.829499195250975,4.134827845926317,1.252338923860691,0.6681240890476374,-1.2835367684005945,-4.248741123773819,-1.0474299063305068,0.6185476205033211,0.6544882884174403,-0.025656355901702455,0.012030112379118663,0.16077937529634045,-0.0020286365196233724,0.05635394193578991,-0.007355907184863772,-0.0023322824251765795,-0.08525412546610678,0.13420818247137412,0.037958806729462724,0.08654577527342466,-0.0030285987886878862,0.029936067999041693,-0.0317518354125248,0.0011212863919003446,0.0014456939548308512,0.035030815025705486,0.01096787892163853,0.01063040786000613,0.00154643529955667,0.004526542172113457,0.0009278977994857662,-0.009801343112039035,0.009762164943258711,0.006279951897675273,-0.0012461516763320746,-0.004216022042131895,0.00018925676157532934,0.003972863788868963,0.0031143953382082312,0.008245841837457357,-0.00039081642309568565,-0.0008081607505896482,0.00048224217492531807,-0.0026673641493668576,-0.0005392343518650922,0.0021780810076731383,-0.001383643864377282,-0.0014829309214365871,-0.0003263805071248571,-0.0006341725096626893,0.0020234660923773573,0.0014686291470678015,-0.000626441575985015,-0.0004802850465779329,0.0016060330105196474,-0.0015710442964265159,0.00010018318094556864,0.0003611533787502008,0.00041618408795640605,-5.875914363069612e-05,0.0004927914914070897,0.00066188854983904,-0.0005676481177570025,0.000147424385988415,-0.0006895157110518579,0,NO
-74250359.21999419,2164169.6428505443,41544.676077811746,-259544.46305630973,95834.19241245027,129561.73127409503,75322.37939481525,34250.87325706359,53905.521952933515,-11700.81273613089,-1249.740593917033,4754.50120658263,-17398.109837246728,5187.435241376859,-1399.3164544591637,922.6158245405347,-656.9803292308509,-174.37331916297703,212.2638856796561,504.15446230696,152.49710804526904,-53.559328433163955,-79.73382389080331,45.61131019082761,67.97148885767204,0.4546854298322387,-35.222134316131985,-42.59494838630553,0.3820574305899527,-30.33560588325254,15.604466996044977,7.6574464776339255,4.882615529313853,-3.89911013369192,1.6761075644032495,-9.794412513401383,2.786562946146244,-3.376189284881491,-5.572436756662341,-6.90764189112501,-5.72230379886788,-2.3783246251915173,1.0998375191517056,0.7368977662655198,0.1393223736882625,-0.5428082789904849,0.47629024298364,0.1093138748911775,-0.0684904466246894,-0.19044744834318783,0.07160796577172501,-0.051294283242341976,-0.12183025704077277,0.1574725257159031,-0.0891779604845544,-0.04663724768859823,-0.030360705087717044,0.07764300027103754,-0.010294960694197552,0.01736510616266962,-0.0012802496867023727,0.022799340932673218,0.013894578241274602,-0.0046593426750520806,0.0025244807410109704,-0.010438334104471814,-0.0016945112955752684,0.012340503500187117,-0.0016344807943896589,-0.0058800389577111645,-0.0009952923108482725,0.0053229107658250285,0.000652816328353012,-0.011679372508845542,-0.006278717427046443,-0.0023218233042239245,-0.0005725100294629026,0.004392553504214636,-0.004384112317721733,-0.002665395746946908,-0.0018027782039417017,-6.100077859505504e-05,-0.0022130467048924185,-0.0004833275461455233,-0.0005103014710635678,0.000530981964719679,-0.0002420282782358285,0.00038999588147203834,0.002089081309875118,-0.0004989594031301614,0.00033409288875385634,-0.0023288529754379944,0.0006240478359518242,-0.001008030507567037,0.00011160447311880928,-0.00037069084987831694,0.00024293033670161855,-0.0009440584552402598,4.051699889984217e-06,-0.00044712438185473546,3,NO
-45986315.942708015,-364263.09891342884,-75255.87938762968,3229.7049091111403,-192787.7240966083,11914.704209942254,1584.407422035776,46598.48786637021,-40487.7019241417,-15963.879390436075,16080.935173879388,-7110.959189283749,1095.2117060055207,-2852.753061093935,-1648.8774539823735,-663.6705524678193,209.7060131250107,-162.6936923845456,-396.6304329052716,-24.79097165048472,-42.14912257162848,2.950741199997708,-93.27550489092292,12.276533465567624,-50.31200809808432,-12.180321933587948,-10.562853090537033,33.135088666707645,2.5859784337316967,-1.0844441986668585,-15.169946114896106,-6.768223825256996,-15.338299186820308,-8.433317945340605,12.818332191672152,-7.837049585574363,4.6670727752137395,12.554077370038215,0.9348105121754884,-0.05379723447528306,-2.1207339378568406,-4.908857153150365,-1.3712175035975065,0.12052800770618743,-0.30259730470995194,0.08935653853973946,-0.2896279962090418,-0.1607643089844779,-0.06914117445928358,0.15424388175549505,0.024786847179306015,0.1751024413251887,-0.12039626661300584,0.08472648016228534,-0.004619265938475614,-0.03315657010831091,-0.025101272499231886,-0.030288555154891927,0.010872032697493372,-0.03391412598399057,0.009616847418590702,0.041333185427221864,0.028540008431083952,0.0034467660626580354,0.012477619093476333,0.0023999076975915745,0.006559818459978772,-0.008464841073011098,0.005622831243699222,0.005325752983809662,-0.008060141610662264,-0.009234845277884318,0.004839338248307179,-0.004526541194402212,0.0024201023605889826,0.006555962461101128,-1.8936181094053595e-05,-0.003068260074746032,-0.002633882049398739,0.0043913652405060954,0.00037782003527953023,-0.0030553581193861756,-0.003981856603032519,-0.00030903754837902087,-0.001213121033406317,0.0019369944513628612,-0.001367875111590866,0.0006491205024941049,-0.0015270754074622195,-0.0009751123265866468,0.001179582076928476,0.00012649183619238644,-0.001945077948084517,-0.0008386170330334508,-0.0003438750133395868,-0.00031776002165702887,-0.0002663532951881157,0.0005246992713945353,0.00025580327299329353,-0.0006627099393215485,4,NO
125713645.67102617,-457359.53225869825,316475.3987034074,-485844.13205011934,202272.21223130374,149331.98250020112,52260.94082834062,-62105.664433316255,-30695.183044996462,-2929.5014423915454,6585.861577448013,5875.230669236931,1245.6491850848906,-882.4887925961257,871.4351861537962,460.40895459024375,854.6483333118631,492.61631431807325,614.4919010559701,-321.8486708978244,10.42017796980636,61.11541989602034,-97.10467368549811,-48.42033877883878,-66.90013463105198,73.66411565568148,-18.14948548123391,13.18667654915106,-22.92529692635358,20.42892349079156,30.196666735053554,7.901510256506299,1.4876821099105655,4.46227481694757,3.422467666246103,4.523182559249037,3.2940813277357,11.926896168663689,-0.0866407285499804,0.41709216218377776,2.149198266120443,-0.853460154674103,1.3656408665114697,-0.816128143748315,-0.039680207658111755,0.13527760477769135,-0.0005589273828316976,-0.2290177004718763,0.2688430906322652,-0.04202020840251433,0.16194501554652785,-0.13158054327272994,0.009050901639315434,-0.04950414169028594,-0.09404815665685273,0.12929111421595962,-0.007633427390126624,0.004365177745745186,-0.009692982073314926,0.02266983686507995,0.005503211878633341,0.028173529782307583,-0.005946103716010898,0.009851589572356545,-0.0024524899717657256,0.009916653541146792,0.015427689523586224,0.0064622666893357494,-0.014628844339176328,-0.013842692226752551,0.015325062670063505,-0.0037093780602108772,0.00013607382146041402,-0.004604352547918911,-0.003325300485445881,-0.005214382156792707,-0.0024412769533534995,-0.003526982987422045,0.0027194405001123023,-0.0006391494171946732,0.003595341327390922,0.000669504549467792,-0.004888294613313304,-0.0010965011215567644,-0.00581455419410859,0.0027633237388676735,-0.00010493232498642868,0.00041268924175474897,-0.00036105320613605274,0.0029649195614263046,-0.0016681945012595456,-0.0011044822735597711,-0.00011396924867379532,0.0003003935718429718,-0.0003514079031282369,0.0006678716856570229,-0.0009359311187065126,0.00024694116810874966,8.588518710855864e-05,0.0002445697063812591,0,NO
67361840.42128593,-125920.88536037505,-57575.01728120737,546996.9031580985,48117.996628543915,10851.391910118371,-87977.35373252851,-35022.27001426769,40073.733004902664,2632.5900386015,-36541.116286462,2492.180152176734,-2023.6301162186173,-2125.0067220663827,-1240.8353367275686,-232.70449824527827,-572.5830814357341,12.709044033376642,350.56000948387043,-235.69166503811545,19.961647153426156,-138.07840677573597,-82.0324570518398,34.66343873219141,24.365524742086063,2.094216058216375,-5.6397831569543655,5.443547033937648,-23.82649738855443,-23.230238324953802,13.554780198407258,8.42579692632512,9.369740399532873,15.115955847578107,9.377291624587553,5.455262902738042,0.4546094659171587,-4.503361216752069,11.334923902213745,2.413522141917838,1.2813219033148187,-2.9483194798326338,-0.43074771424711855,0.8300376590021146,0.0123989449648505,0.24275313164158163,0.05602263371586069,-0.013059920529767677,-0.030101328451130893,0.2007650022454131,-0.04005895255285452,0.21728864579291995,-0.12036181844164062,0.02242028666692808,-0.006767441937475027,-0.15734555609831646,-0.03315789693497084,-0.03959337236589988,-0.014210034892404133,-0.035362032247525654,-0.013072381178128367,-0.006645631321649859,0.0164895301762622,0.018949521662337432,-0.02124850859525962,-0.007388592976225183,0.00590444643935642,-0.0009134796601680817,0.004049065545738251,-0.004487584133423039,0.010483469141876922,-0.008693061492382359,0.006433218312920097,-0.0043301842452740935,-0.003907560718454883,-0.0004034434864159664,-0.0001723404427913522,0.007206051414491377,-0.001367254719315536,0.0006947167700868118,0.0016805392750948167,0.0009698129872524053,0.00015580470098508492,-0.0018638810647578496,6.110079961729742e-05,-0.0027861277097794845,-0.0008316111387054459,0.0009518095295043549,0.0013039416004771431,0.0018840761205323187,-0.0014608179828348167,0.0005748036396654747,0.0004290665928146087,0.000977437264537806,-0.00034904066783211785,-0.0006486780250693925,-0.0012782901229973168,-0.0002096639713047299,0.00013256530987221238,0.0006216077261910757,4,NO
-9891231.126468182,377344.8916836241,308126.400641843,121911.09943611373,152714.09840821044,13914.356103286817,146836.32560287486,15565.13230159515,4573.580899613444,13539.944034613745,-6030.274024352755,-8475.643293131769,-457.53040465143204,1997.385689232383,-732.0091073414369,221.8229941268953,297.90813199779984,304.7193980863872,473.3575310665494,-69.05709808207632,200.40054275143655,-10.034455760450129,5.077345231931417,-14.303842204788275,3.7640739903348646,1.1916837457318934,-34.547397974963644,-8.63474254611549,3.798291488832632,19.68841537526221,4.268325296529127,5.808525531959049,-6.050722076191164,-7.704125761290072,3.772647353826663,-0.18155985232175453,10.430281418468326,-5.400688881708334,5.120431136983598,8.23830634087058,-1.1851318138628208,1.075648175512299,-1.6255146984409237,-0.5516477250965464,-0.6649530435686977,-0.3810626946888753,-0.26949939685384905,-0.06970565536637441,0.0019532614553496863,-0.0755288473794249,0.19508553627591052,-0.05220998070074723,-0.12822938632120806,0.0751743064344359,-0.11376482839980717,0.2687924506914777,-0.06618905815365395,-0.010295680325651979,-0.04240441572322862,0.012841581230495613,0.03275446986851849,0.00411230637366522,-0.0055858259197865134,0.032473554535426885,0.01272501310853058,0.013621650380201356,0.024447105552814236,-0.0017329783347701522,1.5758270210719516e-05,-0.0009383823796217383,-0.017132802967902094,-0.0028756706654551323,-0.0033645827993664668,0.0004777815338878888,-0.0010038686753850445,0.004130286965606356,0.0034998963904517844,0.0011835813180915977,0.0022003434011574896,-0.0049513975082489114,-0.0012314597321513299,-0.001868764663020217,0.004286502083813648,0.0034379600755790884,-0.0013683096887209256,0.0015140784929081885,-0.0009259892176851636,7.54036169494654e-05,7.03917025139944e-05,0.0014997749566978413,0.0015329829757679825,-4.5989242569931775e-05,-0.0005060978374495928,0.0014351511099987002,-0.0008096365476940037,0.00046137567757963127,0.0003683601382366893,-5.938865797361359e-06,0.00019886345652481152,-0.0008079446548066582,3,NO
52183029.189630866,3235064.512952785,523640.9896117139,474359.8465670547,99234.71598014829,-48646.918883808205,28903.49520621529,-4335.77775802531,3789.440117033664,31202.279452121245,5297.897219525813,-8046.1096369529405,-6702.771992993687,-3902.4642476416743,-998.5696100466939,5.133627570373164,-217.40706981711617,-944.3442974611821,-207.95027224595276,68.59536344054652,22.83541498027455,81.13017204357513,7.489921064566033,-33.596581653596616,-51.71172126925755,5.787928444193085,-14.997526695461715,-2.031072151593321,40.69519477314664,4.531246218271434,4.625593026152728,-2.662299844682593,17.40429687533745,2.1444463682168475,9.882845457384366,3.494365977552931,5.185901397291346,-3.710367067047173,4.095714310780124,-6.128446170753364,4.495463104625166,2.822878996221675,0.9859205439587981,-0.023547372812232847,-0.08296897280544258,0.024532600065128918,0.19333504499297138,0.09373430005671857,-0.1927819938545583,-0.0959233204350848,0.030441911507555375,-0.002837789514973821,0.05549783466398317,-0.05081552281356516,0.08042142873294589,-0.041666758149978445,-0.0021731791461263583,0.020872917589239037,0.014165000266205263,0.010341552504534057,0.005188629885934937,0.006219721288498903,-0.025123054550427293,0.007880932255477369,0.0076280802891959265,-0.009529450819779628,-0.004777334501692876,-0.015005946929486813,0.010720388810056547,-0.00726423298859441,0.002571588670408298,0.011331069149136397,0.0034411991072929027,-0.00521819567619497,0.008653272613828422,0.0005607627653774205,0.005719262487422716,-0.006074178594736246,0.003459665430892489,-0.003030210205402062,0.002910923648965502,-0.00022898064440846078,0.0006423437069671412,0.0012378310344105525,-0.001296426986420407,0.002347650871799778,-0.00019136169548827908,0.0002722474531996477,0.000923952215976187,-0.0006470004387941763,0.0010988601167385426,0.0004861329286277123,0.0007363638808502992,-0.00016602245222419043,0.0005469545562301614,0.0004886286722397687,-0.00016083169116123432,0.0008898893440127953,0.0007517341048119408,0.0002593250236523903,2,NO
-58033040.31530231,835169.5432301993,-46066.68796421576,-6535.423995996418,54576.53144067165,68684.18657192786,-14041.951206709797,49752.4916312173,-33343.92830636137,-7587.9717036090515,1047.849502070645,4469.883165211679,-6444.915400263235,-1667.5494152475003,-1007.9579387265221,-34.55505796986563,-60.28251225742895,-183.36702552117714,-130.31167372394734,-149.70164873197132,-8.958449195590674,38.31072205915905,-16.007976134186237,-58.14073000866162,23.160283019104444,-52.08466079552147,-21.898130511003444,34.552560909647184,-2.228200737066487,-6.87571764670929,-15.393065472856307,-19.644730520101916,-12.530396945599762,-17.497201131973327,0.44670273335765387,-7.366560238104725,7.180949918292086,19.686366859068016,-5.497690401150578,-2.5834655883862183,-2.0586361810418516,-1.8295536873357818,1.1436163715139287,0.3215671909977056,-0.2647641149224391,0.6113758467931802,0.16628390425071427,0.2346658101712622,-0.07544706190161188,-0.06818101372713017,0.03063102084229996,0.13201562324455862,0.03295044112077061,0.14174670645678145,-0.04280101629828259,0.05338109242033695,-0.013061559990213745,0.007379168776661338,0.04776632366580147,-0.03784510059019741,0.021000589392545344,-0.015064205056386726,-0.007851557214262006,0.01401648035184433,0.00037806513892557625,0.012377811945862405,-0.012888057614458326,0.0025776785595408302,0.00500667283234979,0.008466283457890467,-0.004385941818865757,0.00576699456240215,-0.0008452388561224211,0.003364145824234943,-0.0012277358052776854,0.0015713058159674276,-0.0072155317790705276,-0.006720050229010788,-0.00180640245636976,0.004040697138444793,-0.0028635659875697606,0.0027892557162225717,0.004095576375115595,0.0021591397893640785,-0.0002913390518668457,-0.0024621074229335127,-0.0010857491705411615,0.00012184664902159525,0.00126368254695991,0.0033974988336038514,0.0010232353520971404,-0.002026977540258282,-0.001772187237540468,-0.0008170132252408591,0.0001548784532477282,9.413051599606315e-05,-0.0007337362799335837,-0.00015069046163573852,-0.000286084966062472,0.00036389328802383103,3,NO
32447031.165157676,818264.5664681545,254780.54564184998,410796.1036566357,77720.9944986582,-220410.3830336079,37753.54307019863,-68249.71708352737,-37850.72417285852,-4626.457473857352,16354.688525039866,3494.8235205879027,-787.0142052752853,1067.7515570033156,124.03601032485312,-46.538116671012176,-236.67559249360374,-348.82756920771106,147.30507902084705,263.33618010429825,119.08281388751321,58.58740110181947,30.40088783391633,2.0325907653737403,-10.711766390216079,-19.868914843539415,-10.388111408459622,12.79394307807246,-5.195134369509219,-6.722023186299452,2.387157303898391,-5.94305816342694,13.55895518805491,12.643796811095058,5.926194310214267,0.13688927437824816,-3.9310092711312397,2.0810490554154626,-6.776658600001895,-2.374440559945782,-3.2788670570929277,-2.2504079013398695,-0.564569342268598,0.9156550320275576,0.321678228575788,0.39305561916009424,-0.30829445964508473,-0.002449926310641004,-0.17721172550295305,-0.04920547722232785,-0.013610866771949226,-0.04964555420392136,0.046419241043408555,0.10704279327027089,-0.0509229431573508,-0.08881938854578203,-0.0014659236924075003,-0.0002969201051552517,0.002103938073077405,0.023197662569283573,-0.0011596092690573379,-0.018796320573514436,-0.01616208573059652,-0.0030552638561367473,-0.013910008198744883,0.01183415594329107,-0.0028765575254282583,-0.0021274018841521136,0.003500652375516111,-0.009633024729093997,-0.0018463119989359233,-0.0009396396919116867,-0.006190324889721488,0.0024831971745497006,-0.009661794378722943,0.0003598007991687524,-0.0003185900886866211,0.006932309119974445,-0.005327490501400245,0.005472371207991156,0.0017580617317004554,-0.0001888745523310753,0.0035805685417191757,-6.40424873784573e-05,-0.0021368100092227227,0.0014410384196732462,-0.00048136406103616025,0.0024988704404441675,-0.0002158690716470013,-0.0007709815516554475,0.00202851643440094,0.0006538920695787044,-0.00031909953157915893,0.00012075563127444955,-0.0006811469750222093,0.0010630468390276909,-8.722429966703284e-05,-4.4453071236238983e-05,0.00040883697562471566,-4.806091453862793e-05,3,NO
-84454148.17891061,443086.3543493282,39107.770046028076,-202365.09080091567,-59144.41464480403,24146.468352460884,311.5286664882333,43256.637700576524,-38762.28231603542,-13944.885177086762,9496.655227440318,-592.0621892773343,735.817815597853,-1794.611014596691,-1250.8614685380799,-408.94928709169403,354.58855803993737,70.50601465894732,9.530506908828187,25.756621893420515,-49.07971511785996,43.390000154018765,27.209018694524445,16.651388233806955,-2.6498153231824126,-14.571854543066365,29.108999069179106,2.6017236464293205,8.94379927433448,0.7264403033491789,9.12419355596154,-15.141176803221583,-4.345826089367904,-4.817397046370218,-11.85535997599168,8.061770660572236,2.092511557088372,-2.4521949752918886,-0.4926101074632925,-2.2360322748613584,0.7569710219844907,-1.1597101624699562,-0.8910114615978699,-0.314813126392405,0.3989863453958371,-0.08100018242380003,-0.09718574762323673,-0.13768920376538274,-0.06487455069182024,0.11688919171435715,-0.22383271239426872,-0.12047126781962803,-0.02626178293527559,-0.060780457443361025,0.13988203526408904,-0.014020473951420254,-0.03251623591124675,-0.07158049279322976,-0.013020571883561649,0.05210552375783628,-0.020210631903781362,0.008104120937707293,-0.005057312637373634,0.009119022999573012,0.009866681875414063,-0.00494562817568811,-0.008380236053871365,0.01374556306090674,-0.007642490876802799,0.0006256818574931211,0.00919782672825542,0.002165418273407216,0.009244840218340933,-0.0053841925664456225,0.009520673077579644,-0.003264524167417182,0.0008674576896734454,-5.214048220736345e-06,0.0005585223651829452,0.00023313387613699277,-0.0001857710250073863,0.0006264808547538081,-0.00041226785364023577,0.0014484405978931192,-0.00075413717660755,-0.0002502954838675686,-8.603087365877116e-05,-3.358912281614668e-05,0.0015191719539994764,-0.0006313515300988559,0.0003363720406974746,-0.000606060701447881,0.00027276633564654595,0.0011694552294037042,2.3436861632683548e-05,-0.0008928980532223602,-0.00026823595422467185,0.0003505981365217181,0.00075955281970147,0.0002885938020999457,3,NO
-24815248.68419665,-266819.43693526834,-195006.0579216882,-26909.25159276437,24207.678505328106,33280.797742903625,54534.667285384625,-7645.146426388397,51935.32424800738,-6925.188500532862,1049.4323816647575,10721.573748196206,-6714.897209670395,-1405.8221704549167,-569.7054182598913,-368.3072337132028,234.87181099253593,-105.37483840529083,-113.8926104006645,-211.00249100137052,-125.96234307254804,-41.88364020429387,75.40613802468982,-20.762398223142213,6.929033353253519,21.96522500814183,-20.881238353372055,-38.91336662219851,-9.616283153829897,1.6170824096304415,-33.14733516957844,-7.544217073375762,1.6302041646248142,9.271523859963622,-1.4930631167844197,22.15379024508576,0.21370773266790266,-9.1777147854051,4.9063786557396725,6.140556317169441,-0.7016175737049153,-0.16443617985683545,-0.44121423620268274,-1.3198304814910455,-0.2807709860963996,-0.282848267754094,-0.2100510622051921,-0.1081346408687951,-0.09374294494303648,-0.09230657677312344,0.2848275979005166,0.0024581930919809203,0.010895583865868197,-0.03071447721174625,0.08088034915658415,0.08224276854282098,0.006198700670249746,0.013089992802786554,-0.008449619744873793,-0.00922963997558135,-0.022273705914456876,0.015171055987176274,-0.00250156069542673,-0.0002483343071348898,0.006428704408151242,0.009002141330934244,-0.013680849785147914,0.00859104837183039,-0.0024971298370232153,0.010206411441818164,-0.00673429895121247,-0.0003585313662615164,-0.00831698350091159,0.0017740090806838138,-0.0035850818131484274,-0.006198004084941866,-0.00205846582136493,0.003741273343488505,0.0070166980386701105,-0.004335467393619563,0.0009517217799367428,-0.006711805942315907,-0.0013351617080679112,0.0011115476261220614,-0.0014807144675397232,0.00015098502279131676,-0.0015609678081063283,8.916024796479238e-05,0.00027467944617703965,-0.0004334287935467973,1.3581192928491248e-05,0.0005460086360307521,0.0009533487850853506,-0.0011588171843472939,0.0004317656567136008,8.709189123100487e-05,-0.0002565909106564627,-0.0007349839746997322,1.7332906124767344e-05,-0.0007514458711528893,3,NO
-35998131.73285282,-570458.9207039541,-23225.93013764592,-31998.847989850008,-16240.564191814978,94795.81956920215,81951.79924242588,57443.9720319842,30035.058151051053,-1849.0359781842599,-7054.00914416806,-4906.810998261979,-3366.6955262323754,813.158119418243,154.80975665745427,68.6433645463319,357.7764068734943,-73.31914131231125,-329.4614860607645,-211.9923510897042,-63.31464137917061,19.449896316155787,110.26245786705294,53.96988806261804,-10.064650639316834,-45.86504443260799,-38.26644809521099,3.3298623325177346,-1.9111674468851447,-11.939465706620311,3.760888001531356,1.186004752816416,-0.35231048015904776,-2.4596792919562063,2.373673296925574,-5.433948771156011,4.707297324717267,-3.918299709325936,0.6125908201049128,-1.187690071571069,1.1962709380531535,-2.077182793852657,-0.40776413015402113,-0.16211595390089162,0.11648708271618702,-0.5180027851787905,0.093225967202474,0.07460935296359628,-0.2006260978972425,0.04241711458839942,-0.151404238816788,0.02203106259212584,-0.10078905167388275,-0.12864533166808956,-0.01439403055293198,-0.009072518165030408,0.05122115051131626,-0.010025411417577068,-0.014640537169609669,-0.01396150206424096,-0.0009173123472212552,0.022376843149315206,-0.0006694428519065099,0.0328577343962122,0.009659376811550047,-0.0050788829296974924,0.0048761503489560265,0.005909768155422768,0.011532806249684113,-0.0011334416264576208,0.010481239400167097,0.004367293546961637,-0.00697819485476181,1.1422429338714402e-05,-0.008413585141302082,0.013948597788252304,0.005733119709406376,0.007194887524800464,-0.00015613783567713924,0.002246032432946521,-0.00042649522771609494,-0.0002126003131532883,-0.0020629199556139177,6.558750196813956e-05,-0.0009529842197391059,0.00025559925607632206,-0.0009143394615933609,0.0017566565731941264,-0.00034835073597561106,0.0012543609771418218,-0.001351561242249888,-0.00033400783828276513,4.312190811872618e-05,-0.001104347502143277,-0.0008789217494076518,-1.5564997443390932e-05,-0.00033666909004683755,-0.0002592750340408845,0.0006222401076507178,-0.0008679582902820226,1,NO
-23294908.581531703,568713.4315432343,70244.92501792253,-151897.56026036854,-156727.14519872842,-108703.27315337844,17783.369443415657,98578.20038887938,23231.828284920135,-9240.811970648621,-2288.9617942339937,3059.964610896597,-1053.8300691263175,-1178.7685016203231,-1872.96985234987,-623.5425965988713,510.8865810330086,-469.3046992345812,-397.8226448971137,14.44025087088562,71.8337262475896,-8.040470930936436,24.54630109030819,-10.78592020333582,32.53921851156984,10.841266819210887,-20.48977600374593,13.653577944151436,-3.297140730821866,34.401654638288136,-7.61688852997014,0.40519438256080775,9.347853505326214,-8.058363976918656,13.034201601909086,-9.3545138573771,-0.722001185131802,5.790425075297264,1.422531445059576,6.055799600759002,-0.7203710907247682,1.021124993625527,0.19616529140490968,-1.5283367091362212,-0.04482854342254328,0.10573623955481537,0.33193201203300315,0.16092920719711667,0.1931544402314347,0.0694217185144972,-0.1435836160825552,0.03733512446287435,0.00876085760618217,-0.005690595983482538,0.05857760307622639,-0.06672185539001246,0.04249500567527864,0.01565763450173341,0.022576237023252732,-0.017342728431029464,0.030598448821046453,-0.02841650638903559,-0.0029200596399771017,-0.003617114515763298,8.075394434325922e-05,0.005203979987533414,0.005327670707062554,-0.0028211265009994158,0.002430714240086007,0.0029387963050659938,0.00396421230695676,0.0006576514358442864,-0.0012488262886662937,0.004356413104427359,-0.0021973994837003463,0.004906021419986972,-0.0010746753724824032,0.00472059475062192,0.005394711370203087,0.005316922436509719,-0.003560477419469188,0.0014226919089970202,-0.0027524433968433293,0.001877682315999829,-0.0018861811869818057,-0.0027231801375641185,0.0003980244832326729,-0.001147946838445213,0.00051954483366351,-0.00016578573390679807,0.00015726218464107156,-0.0006055967670973786,0.0005618987122215646,-0.0002878491975765174,0.0006147417940875061,8.238186306318285e-05,-0.00017485710671574263,5.629488837910479e-05,0.0005827423862345138,0.00040962482379230947,0,NO
-57078011.385407805,-637563.9881618628,52151.646573277656,-133318.62815370483,-183327.92154654703,70324.99030621845,-118972.40187824238,-45906.12056891648,-27975.621122151497,-3580.1818416735696,7347.1927096456875,-17403.154877179186,-2046.2302941209637,-4304.3509816915275,1135.7624301196556,-136.99502787560687,-522.7148254347601,14.396278617274845,-315.0574893676102,-132.04043795935604,74.07364975690294,-105.42267913565428,-64.86062816057324,-10.279849824229714,-27.213021746647307,-12.442919198067102,-0.6176002099637117,-7.283778451899991,13.509780641293958,15.574677677798377,15.694519878466366,-9.842839214213996,-16.41999382170576,6.4232023913483545,-1.875056531340931,3.6044584322213353,4.014996642383398,-5.552419907452077,3.235424527619216,-6.800651606770046,3.5515878058374213,0.8585135862412585,-0.6594173961149181,0.4471597323239429,0.18718744424702294,-0.31139269772498324,0.25868520302087195,0.09336364418723164,0.0994062814993617,0.019203138058153584,0.18262810805985819,-0.054527697515593054,0.24148789007343652,0.07983040120227014,0.0383443458192545,0.06241835601844348,0.04060195057532079,-0.007539616545438221,-0.009799175942277527,-0.021787318381805143,-0.05982039075577772,0.0036062711890316734,0.011951255939704475,0.006137630722860443,-0.0127001283194621,0.006782701351347287,0.006060882880352503,-0.006177560106020441,0.005115914832297119,0.005072920520491908,0.0061405086181990365,0.00341456429597109,0.006361546001563134,-0.0046070562471351995,-0.0029760070515798542,0.008365013601585591,-0.0031664371271680203,-0.0021659372430264945,0.0018893557071351097,0.005512808320827345,0.006115152356493847,0.002148659232754424,0.0012954748077731448,0.0006916330211482191,0.0001252051857635328,-0.0009197828958312781,-0.002184335112348501,-0.0009106182185657508,0.000989802171074361,0.0006336809956528633,0.0016110514078111482,-0.0008744572723557,0.0015389658518076832,0.0007052873495630996,0.00013789790340031083,3.7974149213599456e-05,0.00019465975347363572,-0.0009791704886398245,0.00034256219575179436,-0.0018738788843117304,3,NO
-63954898.451563776,-541474.5203160727,-294331.55539540283,116044.38614230143,-82283.00445894827,92275.72297291996,-36121.125682030346,8757.976905916716,54551.03173940681,-6265.1091853568505,-1658.7337264057242,-8735.004948189715,-8938.132100927978,2157.7824613716784,-1367.379115123993,47.43890104720799,-712.5567432396604,-7.286346557673085,-111.80789249153312,-204.57719752741332,61.67077425384895,-64.6391603950994,-33.47347410964369,74.34119429661222,-60.35823058082569,16.5109695493677,10.189297647210822,-7.125741124831109,8.293319213379817,11.655689513056657,-7.337426682625647,10.730326892571156,5.827835213297703,6.299980904978895,-6.563278997923305,-1.752563349225909,-6.298809857929797,-9.909190889044055,-3.50977641714411,4.369861423772548,-0.1843023410347513,-5.240906288321973,0.05401827874038645,0.20941429216137886,-0.45278906980635014,-0.021351451082093575,0.3788545903325202,0.009149640056814068,-0.0533855590869039,0.06859366547511891,0.0786970949632062,0.004621390661431413,-0.16577537656616048,0.10630264581691162,0.27372133873316384,0.08948886940634271,0.041993141294536684,0.026888744015063804,0.04654109757505198,0.015426483475360797,-0.005336514243597268,-0.015636718635386515,-0.009045173649190996,-0.003067104444741453,0.015778797331096994,-0.00789328006387735,0.008956136379155683,-0.004190074025782808,-0.0006644165193963047,-0.01933444999680456,0.0006968657857580052,-0.017404559407692588,-0.003848234985719401,-0.002232140240019387,-0.004975032620726516,0.0023438400990203334,0.002449972089645591,-0.00760848932373781,-0.004918831608037966,0.00015417732801425998,0.003267168845146551,0.003423614758246707,-0.0011725944708256275,0.0013497894760614026,-0.003734611072368943,0.00016978246909982175,0.0006397082031297519,0.0008630545710522908,0.00011655892936007772,-0.0010835983230916835,-0.001408432938778681,-0.0024785421021345,0.0007177242657552263,0.0004120372818927631,0.000447031771389203,0.0003959310565128313,-0.0003910571761096774,-0.00011460530665052815,-0.001015224806043158,0.00013750178366239707,1,NO
77845994.29139078,-2200279.05737329,90337.06974136084,209575.8863141333,36860.549764367344,-16728.253000773126,-7916.228582546224,-22951.00934657835,-34644.37330600206,-20859.61223647581,17354.284703133468,8610.942247621271,3214.501447304745,-4056.7286192789147,714.8290946916804,139.40848488855227,-269.3747814666484,-77.93980578604163,-243.6585044133074,123.04937629702533,72.51778608441276,31.72943785981485,-86.74459613523564,59.04010881648897,-121.12942196330492,-13.939307859608562,7.346977864611006,5.517536864699537,-44.22948591867774,-28.702410585407037,16.82474401237033,1.2986516335270153,-3.179094763382551,-2.2336809138514013,-5.5521197350342,-1.8723381760933222,0.07459977323619071,1.1458633421473792,-0.612947317293731,-0.4015388624640366,-3.23686042329129,2.4758497615199246,0.4664615959220981,-0.09835995680707832,0.11900988470693008,0.23333286707572043,0.1573010071499068,0.00659214761389082,-0.016295433636752676,-0.04035660974341262,-0.16732417202838512,0.15914271595801166,-0.017717643984828335,0.08399372094006452,-0.05509464459824409,-0.03413942053797442,0.0024305843312055764,0.004423216085802206,0.03289007086098472,0.02103346406610651,0.01252047459911898,-0.002649066333839656,0.03531216977932283,-0.011309970899793242,0.009728708754100923,-0.004169137389941069,0.00872855071179382,-0.004843794610101093,0.007673723529613818,0.00485000475628139,0.00817697483724067,-0.0050131570480163035,-0.006037122195881928,-0.005400940136300547,-0.008369739244466379,-0.001183128560368285,0.0008377112833488631,0.0008104655214968837,0.002061862928464997,-0.004994055575662459,-0.0017562377498596682,-0.0034299331680829326,0.003064583578533675,-0.0003456915905043212,-0.0003812892331843676,-0.0010573262856373722,0.0013974358242279106,0.0014461923746275085,0.0005366436421396781,0.0007350833859363082,0.00014833920497148156,-0.0001798758306671656,0.0013647195456171213,-0.0005969599002623172,3.3879656307522765e-05,-0.0007192619291867403,-0.0004837204057857262,0.0008298687513834668,-0.00012769524727423986,6.747015478419938e-05,0,NO
80518104.6534679,-162695.13809250714,112418.88310121594,246850.64473267138,-130200.19244814204,-63953.7405303968,537.4136201415204,-41816.0311180369,-30421.90781804931,-19512.621894731034,-33411.20770948956,3529.081645775761,5817.141752483896,1450.2112988023755,-286.15320372603674,-300.71178540719484,118.30351295902256,-119.98391326080892,-33.7906879134748,70.53213587754692,-220.15043163828653,62.775803559054566,-55.76530635100161,15.239973782371905,-1.077703696580663,17.11983897450034,-58.42958341617293,-11.58929668724187,31.783432909760506,11.190856710675007,-20.083029131073715,-18.914508866561505,27.194808115478224,-7.90253402289602,-13.497863689814693,-6.6182711303326585,-0.9437486897784453,-1.1449809084940057,-0.5741013887158601,6.04154041330743,-7.3936393486277545,1.1789938475062485,-0.143623161098958,-0.5658487133666701,0.05652414366890923,0.30588152707406024,0.2565590368752426,0.04942952402691958,0.23399996502939047,-0.12603591344124035,0.24695393743981064,0.24352013816104812,0.10978189870889032,0.13154889306010187,0.03767551109506684,0.04911465284657235,-0.01960843262292622,-0.000864897318737512,-0.0006216795956470733,-0.0013158687949541559,-0.022729130371189843,-0.018040435330284765,0.01171529898144974,0.0019765504876172457,0.005770982670046054,0.011754236270748342,-0.0011678542707045936,-0.005684308510709557,0.0010481083077833464,-0.0002620588183633865,0.0006853825913410994,0.005429984911319075,-0.006388169866825777,0.002025284630686852,-0.008024248331438777,0.006749046134881587,0.006352602949543762,-0.0032239167203287344,0.0022982785827543317,-0.0037910831663185984,-0.00013698280521323714,-0.002462474984711749,0.00032328798903491496,-0.0012399428614839891,0.001339598918566387,0.0014486021040552854,0.001362102309782065,-0.0023164253999167217,0.002031474261634858,-0.0007387694607108308,-0.0002231614924035341,-0.0005050252068778864,0.0008810577641730211,-0.0010531000071902774,0.0006172782896996798,-0.0007180021051353142,6.916700046688193e-06,0.00032715169332209193,-0.0004810981179666496,4.145943485961423e-05,0,NO
7370586.98254323,-1559303.2757855374,-574480.6191529372,358339.77237539756,-30757.733057126577,83904.89112685018,57667.0476576968,2491.0323182560096,-42227.983929423644,-8811.016759181835,3682.148876272866,11337.91752236252,7397.464064699698,-225.4538787465915,-743.8851903561081,-796.1659075274706,249.91234917063963,506.1577678365892,573.6881410873494,231.2830520592846,26.405347254568653,184.61138207566444,-131.6904423432004,3.6238084371281047,-64.71970918296302,-33.5763253651761,2.451927528833835,-6.84232278908604,3.1285593971419416,15.902447103634898,-2.21223125786193,5.973829573778858,6.042525519878126,23.13826935303109,3.889098793198574,-5.318473474868,-5.553826387032915,-2.6478873224324957,0.5530883000669746,7.186006382842365,-2.623692852247931,3.0442720738044784,-0.027586631345627666,0.4349911018945547,0.2866130812374088,-0.32246832979679496,-0.21326129230736335,-0.22051850797013373,-0.04167258030094123,0.13883606396394363,-0.015294727431142796,-0.06846336249803286,0.05508234248615107,-0.06571572037564555,-0.02008901085650905,-0.007851578772350987,0.035706673668228106,-0.05412236658858838,0.05268292530454399,0.0034992397040323198,0.008510642575247473,0.005273469771795547,0.006467534345317993,-0.014299115657883554,0.018113056329642774,0.016085195882139525,0.0034760885943788955,-0.007373359853093064,0.0035729874996713873,0.0047100656085291015,0.0034625729122759186,0.004171223899482879,0.0012244537423180546,0.00706316749709146,-0.0023911106180263264,-0.001944987440116508,0.004146239624491566,0.004372297722994745,-0.00028017639468602695,-0.0015768993669558196,0.005121260925055049,-0.0006642085232766437,-0.0018153687429744991,-0.0024905903352061554,-0.0012762185460849507,-0.0032858548745393623,0.00034609148777131615,-0.0008304415674520449,-7.473040914690587e-05,8.147714794670691e-05,0.0002816175619111405,-0.00035661662034900884,0.00034093879381147385,-0.0009580349401472343,0.0008726472461250828,0.0006486590089705493,-0.0005675890763248374,-0.0004553156217683707,0.0006171670460519141,-0.0006050172863599212,3,NO
-78158168.17559344,-945452.8186848331,-69752.9658239939,29574.159611029783,-70464.65110435907,7282.448536357115,-37326.99888771567,27795.088697264597,6242.432411897229,4286.017700251007,11857.849442318366,-2502.2616679610655,5070.111695635884,1823.6920787051722,368.1823389367346,-208.03683601720263,239.23420093937614,-190.26819137830324,-334.53000460140265,-74.74527314842294,56.4450650033051,-51.98534747909355,111.71764341976893,-24.348290925381157,-12.570702347422145,16.68563554254638,-29.640855141635143,-17.27782588706532,-2.3023080360733843,-7.132730132608572,5.690126663522079,0.512343229831572,4.44547172582736,-12.238366946129531,-3.3592134571194165,-0.6782084981230838,4.732878853318752,-5.451961022960518,6.69351923940178,-1.9865666687823023,2.658477760587928,0.7890733689550729,1.3397283968095905,0.13094972540364536,0.0023399520438687205,-0.5869651972987597,0.0593068007579296,0.004739078707277855,-0.05134064002972316,-0.04987618025735459,-0.037857669656164994,0.021251138588428642,-0.0661538198830538,0.01302329130798685,-0.0356071555095987,0.015977626558758007,0.016461119967983606,0.035758052937231,-0.01463699854035716,-0.025665848086419807,-0.004621342352191693,-0.002602641098922831,0.004827343341068713,0.003979630404383094,0.008787426257949482,0.002841689011862325,-0.001199802846252207,-0.008208432019506995,-0.003472017828767382,-0.012175773447128557,-0.00904977731664669,0.0005955374267361258,0.0004458262203135277,-0.008368471125605348,0.005188500123110229,0.004505325608238353,-0.0038072196385587898,0.002972827375312459,0.0017658003906788622,0.0014650203352668534,0.0034710152857934107,-0.0022569949407085232,0.0009698726028133375,0.003693458178950171,0.0007953253582294595,0.0009400313556877649,0.0016170603501064473,-0.0008275231001017014,0.0008466128908529158,-0.0014957455570989708,0.0029334614330864817,-0.0009877043535691903,0.0008237447288512723,0.0011641786204105165,0.0005787682771159208,0.0002998873851701653,0.0003407427051584696,-0.0002550300412138551,-0.0007358094691610195,0.0005728640729160683,3,NO
114483962.7209242,-459394.11314882897,13305.628427519696,-112203.21653330477,-88447.70717649313,57338.46086790643,-147751.32819836927,-76817.50121507855,-73861.35475211541,-6806.5929215906945,42260.87255765031,5732.103501150319,7773.233308929597,1751.6405998484038,814.7399361873413,190.38645595383582,-93.3056015006755,-126.50904082135398,281.6125649646649,-119.71852637704046,109.92307303095154,147.04177741007416,59.24464179244387,15.570725327900973,67.93210585883496,-17.453415131057,-2.7745095231605887,6.352624920894357,21.512094455899557,-11.675946640458264,4.29550287247875,-5.081442458662991,7.032191509312867,-0.2945083968696167,9.960172856221842,-16.234814303582795,-1.243087952538918,3.0141233647187846,0.7359923481708961,-3.0352559556287986,2.8645206316287357,0.9552100313972431,-1.3515808013528243,-0.22623222325065528,0.32628945504262674,0.12229933395425974,0.31302196430392826,0.1716585722823405,-0.07646925606339439,-0.07579154207115196,0.015868215087365023,0.15567423945866476,-0.031978756694187815,-0.027274118384331025,-0.06942295573325197,0.016308663320027672,0.006649876847953706,0.004570814908309018,0.028834307929804792,0.019769013143332792,-0.010324331630777728,-0.0030259394508114212,0.003035181749865945,-0.00906919184739241,0.0006765563433490662,-0.007877644817971374,-0.0018649201719669328,-0.010500515741882543,0.004707040024445885,-0.011357828020528704,-0.005226057143294827,0.007332657187489655,0.001845781621105047,0.004304236989247978,-0.006156012875557337,-0.002535630670356781,0.0015585731978886574,0.0036612624144871653,-0.0033941266522363733,0.003606829027882341,0.0047403345255471185,-0.00047000432832233763,0.0003830300601239678,-0.003259461018292248,0.0006278637330079384,0.0007360563173540724,-0.0010107451435363846,0.0008440019372428775,-0.0014194470848141183,-7.211193267320226e-05,-0.0005806184331815789,0.0006872808289104986,-0.0005650699541865922,-0.0003325842602960316,-0.0006786933121174926,-0.00012777106376026665,0.0002951651414955011,0.0002931911967654077,-0.00010075293952277464,-0.00015513913745551777,4,NO
47420856.52996844,1751690.9120838519,-901703.900819843,-270647.2387736441,4645.67586022889,-72265.62458752147,108424.85061526689,-18736.743933314792,-54075.19493067934,47526.60135383424,-20067.963531894857,22152.71451008493,11436.17444427266,-2675.9492140037455,-1130.8228424153695,2119.990354936089,-472.141694589267,192.03325219292992,764.6657529969585,-158.70605025852694,27.48392130377553,19.371475532430452,106.55016138713484,63.044788005128126,56.91806813112228,-57.48075701570724,-25.085277351664047,20.502682189094685,15.219006625806173,16.16279169650295,-9.504556255951456,1.4973384579607227,6.0162162213307795,-0.35561910227016824,5.9362593513698805,-17.304948200281046,-6.382019352548729,-3.1877806632454053,4.945059922868552,-1.1671879764141266,-1.070397634628094,-0.46176938692199343,-0.037850640176088746,-0.040595256421198656,-0.4260141170696876,-0.034007990671788946,0.07191812187290036,0.1300853459507083,-0.24004846198380658,-0.06177059161064967,-0.08836081069638979,-0.16438850453672993,-0.03122962541587615,-0.05658387639052154,0.05229593849641212,-0.0015141609259260447,-0.041953518571320014,-0.003205015868959382,0.02799702435637319,-0.008780696074657257,0.029082195076890027,0.01853659493988502,0.012159062012203625,-0.0042741110654720416,0.000818779475320941,-0.007995151252830013,-0.008652596492145642,-0.00034607837811628794,-0.009716911636242997,-0.0025814622236919327,-0.0012264428397260607,0.006537665704283491,0.0033776254503665726,-0.00032809022936142185,0.003317631129672982,0.001317652170355288,0.0070483721728873405,-0.006394525267681139,-0.0009230002627478306,0.007246564045957804,0.003753298923514281,-0.00021726813744749052,-0.0010262307638135848,0.0006321224682968307,0.002448412357905605,0.00023018429541976637,-0.0011964720948274277,0.001599348466565842,0.001330816724701256,0.0018899522429691729,-0.000699104307326115,0.0013223630867319012,0.001181612081209038,-1.2749037684667286e-05,-0.0005384691079841214,0.000897665837881147,-0.00029996725105443413,-0.0012055411708866703,0.0005478354740421909,0.0008908910049313934,0,NO
78234118.79384351,-818824.5452300142,768017.2555691515,148953.8856686846,-49550.152723047824,6996.353977209583,76918.84932874644,-1373.5112624874964,-3703.4537258521304,421.5867666194099,498.4393941077524,-1678.8100749605073,4183.968150166998,1904.458040281902,-1601.3688376602277,935.2727514037994,-1539.1154881278471,-242.48135308087305,-349.7385084357204,90.83751481020397,-133.69767673538757,-23.188434471211878,16.440839294253692,-0.07439761022254743,-26.506529616979517,-48.33830001212266,-2.898764362759607,66.22138741481928,-21.229818826630662,22.783923563109056,31.281774229658083,13.05446475386691,-7.172576449027531,-35.9298068592405,19.68124200601928,46.73669195454501,-8.877113690396538,-4.036180558268086,-15.922817776589795,-2.555615627796186,-2.817400743413369,-0.3005293515660057,0.2788861192278489,0.8270014596455231,0.010130962580774394,0.1224300353011536,0.027770464272176554,0.44596605740796313,-0.2205585593580115,-0.13423143350375177,0.1290639210227127,0.022127831653130148,0.08232674494137981,0.04065448984333031,0.024761531406803705,-0.09476121001438936,0.02299200142318325,-0.0014574666046547335,0.019398668078887793,-0.02292015186086882,-0.0175843858871243,-0.006177626919470214,-0.01328791249626815,-0.0044960866885794815,0.007692677785668289,0.0074528639266535635,0.01278777994167235,0.0007461649994350839,-0.006040110254135422,-0.0011285810012809927,-0.014059159559920098,0.009475045325782805,0.0074997129598175505,-0.0004948622487076504,-0.005564000393198043,-0.0018710123085328156,-0.0012750076585488213,-0.0012941598992917136,-0.00353210963311712,-0.002779811089993922,0.0034718742148810433,0.0028549208873467347,-0.004212944641708072,-0.002422961442657745,-0.003365877165534603,0.0031622952109718883,-0.0002736202754554107,5.287147116928015e-05,-0.0011226201804319658,-0.0013263087215911185,-0.0014822302230008688,-0.0018155662675801675,0.00021163565247306337,-0.0007595987980502095,-1.1088604309220096e-05,0.0006316393730858641,-0.0005408037160284044,-0.0005759714877398014,-5.10050882934765e-06,0.00022206156482357242,0,NO
-91304674.8768481,236791.60692387307,-125146.43717961817,105217.52631596487,25369.49966110062,-5217.830481419005,9837.497218232425,-27494.117902106434,-8356.513515132538,-2010.125480991821,1292.1318053171817,4589.292434576404,1056.1101412155404,-1702.275793972648,541.3263664929855,-438.4331461054405,180.85945698884552,78.2229585023228,144.31549281930776,46.63921369613524,-19.51353214140616,24.114865151842025,13.329483893075064,-10.086290517244166,17.600511849209088,30.047317085941586,-1.4688002029544691,-0.21190930974660205,1.1925291931829918,6.385694685994423,-3.5937925716036148,-5.095338319284338,-16.98514820710193,-7.180358747929176,10.30366369280095,1.0459930284382892,6.818660422631677,-10.792350318590138,8.398934485410393,0.24205108737433534,0.8614950916547528,0.16118902455198736,-0.07722063896125064,0.270204888696397,0.6864007909017573,-0.6700480460720364,-0.21606623407829595,-0.3958273719088634,-0.12589267518900016,-0.01908050109222043,0.13735422684209286,0.11996895380646899,-0.06276621434937546,0.155856891333652,-0.13273064510029542,-0.02884641355523687,0.06331988222958929,0.008001427308101494,-0.014498122976625005,0.028895287841588235,0.004829216686617066,-0.005985474828474224,0.016704507828069315,0.0204458723298222,0.00881268905405852,-0.007906806414652578,-0.001417648282579509,-0.006520955028329611,0.004197529766982067,-0.004502096270881717,0.007510451677488983,-0.0033981986314137735,-0.010136180565203823,-0.0019838073846485393,-6.74829235562946e-05,-0.0015450419605331778,-0.006484502146279381,-0.002902275972472168,0.002635722141179464,0.0022629390464727894,-0.0006291962447788624,0.005261454254156694,-0.0014329488734092788,0.0021413397910376997,0.0008457930118358492,0.002908165061672019,0.0007167075570313486,0.0011344364177094945,9.87686219597328e-05,-0.0023521320572126303,0.0008305052771426791,5.3748508368569627e-05,-0.0010036512619828741,-0.0012624327675943015,0.00016239281121893656,-0.00024405610870198782,-0.00014095479930167389,-0.0011691449467856607,0.0003777485857363039,0.000484351783618997,1,NO
136378248.0992092,-546747.01414333,-599837.1242270666,145087.76944786304,367941.72130279,33134.41795053019,124340.33621436165,-68703.7192994885,42755.38205995719,-22252.374726775783,-961.4420925876857,19824.63085563067,-1896.1557545108408,338.78015336167243,-1655.7207654658687,-493.324036348419,-133.0682845372021,-213.00247534231806,82.66900604270063,-92.38356768051187,232.87917728646653,0.8246904573666711,-66.84283382034036,-0.05744350014431632,-3.867733076544212,-5.459246606299303,-2.050505186575151,62.60214317326768,-1.657516143466239,-37.593001160739746,-11.691018805456423,7.04224581099777,0.38853632898943147,-10.868255659803992,7.721684498838076,1.0041553250312774,0.10826991722854373,-5.848715218740949,10.956647371232293,4.5498702437776615,2.599628516427508,-4.120181722223585,-1.7282187762330352,0.570293917301492,-0.12124360042609084,0.13785365182007325,0.20601740131642376,-0.08913802845685392,0.022763226022557426,0.03174871185327614,-0.03887867346464713,0.28669968708847815,0.1785508456444891,-0.1495144528486756,0.040917145379279596,-0.021602806537311725,0.024357297881996143,0.038206578879733666,-0.02847825284619243,-0.023516231944036292,0.011895829519714685,0.011735912260688153,-0.034941853364103825,-0.017787129944093927,-0.00779580481838793,0.014260315864063067,-0.0026305410286387165,-0.007648898433943785,0.005390062042115229,0.0010300403416217407,-0.005856970505485171,0.006745691252520558,-0.008886480352556347,-0.004072968794049059,-0.006803559179338503,-0.004119518466170202,0.005767787338641028,0.006294112762477155,0.001702504667000504,0.0017248268413472267,-0.0013353521088659281,-0.002004530022563733,0.0027920377397303575,0.001805241094153115,-0.0005300229582609894,-0.003161344146371703,0.0006675807267519929,-0.0006962352611162848,-0.00019406995612925027,-0.0010175665072924556,-0.0005001220669356155,-0.0006828800693713267,-0.0006998824355832767,-9.540905497440466e-05,-0.0004323327018720402,0.0011432439421661545,0.0002001889651099594,-0.00030518276472890626,-0.0001854579291496461,0.00030964932701688097,0,NO
-126308954.45759773,-156325.81326034712,-63098.23098278034,67878.12318525574,-8830.971540996572,14927.532591376163,-19850.2496253145,27690.01891104768,60323.792896848696,5143.100605936462,1592.0313136845325,1591.557517958703,-927.2523731304827,335.4243601375107,483.9560608181964,157.6324806869502,-194.85988053876542,456.1790480756555,587.1534534025662,-87.2152644242882,-57.524231871834616,-66.37162302759612,-31.75880368512796,31.24222990300821,67.26827792249827,81.60385930815232,48.352647759066826,22.638843337324886,29.008430290672806,24.640795176535917,23.428025995738324,10.37805527753062,-10.179948260157147,6.536707098705847,-19.8098222888702,-2.5383509751332554,7.98406809671291,19.22735896710992,-7.512947652083483,1.9783365282689545,0.8491693231099049,-1.0777134246716997,0.21319436339582865,-0.06953529244303613,0.516421669391324,0.28187275959601976,0.439743106947903,-0.04763277240853103,-0.16300320859250883,0.13649895223917935,0.1195461337176491,0.09252376893153924,0.0688273931264547,0.05636304494843314,-0.09052994317026997,-0.004927658986948247,-0.10921888051341933,0.03784067864619667,-0.0104375885804735,0.008798389402582707,-0.0001567769373358452,-0.03812669852954009,-0.016236662344318087,-0.015110484509222033,0.018944244067204075,0.013886163170259591,-0.008453769412658324,-0.0006959034197784875,0.0016200419046762393,0.0014459203044700497,-0.002282500764411166,0.0030036860546882593,0.0017574970121216893,-0.0013348606893843762,-0.0021381402580398223,0.00511690951683752,-0.0016803616335521188,0.00026766933141386673,0.0013244216886061366,-0.002133825855850091,-0.0028129616358646414,-0.001481962177761087,0.004158296660867755,0.0027902542133346198,-0.0003279307990446956,0.0005043887934110813,0.0003243200854290418,-0.00023025746739391284,-0.001345423864398454,-0.0014350601304504718,-0.0004815172761940545,0.0009412262912919809,0.0028283754641292846,-0.001626598081539865,-0.0006104929528058939,0.0015063067771040068,-0.00056289121544475,-0.002337571645621983,0.0008869504587147303,9.530569981669457e-05,1,NO
-42007607.21019733,2217850.2085821247,-167646.71210032573,248592.727959976,-124764.43668426649,-170721.8231719919,34835.31221883672,-39096.85549445514,41546.91302214214,-21634.94956245027,-37009.23056187033,-2984.9200125121424,-12249.636673616442,93.49282965944008,-39.355797759368215,-472.05378547393843,-598.7013778500336,-306.11667810974836,-39.026735429177506,-242.07315001243563,-119.33899946576685,67.81383788345258,-33.69776552660724,-22.478068228425414,17.92392321880539,-5.366220870088796,8.125135777880644,15.85362746818447,-14.036544385262488,-4.9397580045086045,-6.680436727634458,4.407000114317611,8.698442025082471,-1.0208594393842532,-0.6105568651879487,-2.120827433645289,5.8695191405199445,3.538001276794944,-4.984119815892768,2.1840220689819887,3.2124565275185404,-2.984977625319928,-0.2734862934770632,0.19058067120728994,-0.7384698226369792,-0.37897943733851847,-0.3114123140188516,-0.12105889312828211,0.02025630709189441,0.0982307369676168,0.058375714275260115,-0.02153626158856259,-0.09802259446170325,0.06197527285012927,-0.03898578579479084,-0.02473113596844967,-0.004022878123849161,0.011692643429578542,0.050799668695081346,-0.015668664990508674,0.020467994765990927,0.0024970738327940722,0.00334693400474817,0.012292404261660117,0.0046912258639462134,-0.013049564911846723,0.012698523749045953,-0.0005501331529016995,-0.011561590374248643,-0.014823087407051239,0.01031494514130904,0.0014593896735299872,0.005625751069622709,0.005670952689266651,-0.00729455121011191,0.0045625996647060685,0.00038270435189580176,-0.005830791489721321,-0.004739372540847331,-0.0013475218307339443,-0.0024567532364455635,-0.005327719013568988,-0.0018692372705746418,-0.0010992828686884892,0.0006362782714747217,-0.0014811981511756445,-0.0018169178205056369,0.0028554498457945554,-0.0003095262211091354,0.00020047950471768772,0.001109017040820115,0.0007845998044457682,0.0009602602541816108,-0.00015087199934682438,0.0005526773004525809,-0.00025762256171791426,7.439785276929997e-06,0.0003880890124958736,-0.0001659018745628349,0.0006243702430934195,4,NO
5798153.277273715,-900001.0321184536,-9390.902695088065,-212140.8104441056,-216181.68349653814,-52997.617453544735,-87887.84102143714,-528.691241628585,-51281.60548823158,-24780.07772071417,-11620.79131222406,-3511.3477245272807,2143.716222004896,-3821.2393946348634,12.08868761494523,-685.3694821231645,313.6790971681902,205.75293195315987,-22.38530685949398,18.026807192756678,-104.2247889185166,-56.85904607356656,42.10400432737947,15.585279454917043,24.169963715462462,-5.733152598104198,-19.27470903353725,27.55028818829743,1.1819919692973144,-8.669018153213258,9.792548185369014,4.832215734222018,2.693716006827401,-6.233790376501702,21.48672007873233,6.117973067240712,4.819142055305193,-3.0079345590447133,-13.499866707441981,-2.2163859806159394,-3.839876201924575,-2.9724087950091658,-0.2699799020746809,-0.37085174172153934,-0.3640544321894694,-0.43824768253744395,0.41524730349773886,-0.2819703198000565,0.11271465643802658,-0.1672745019345452,0.08597036508182576,-0.11804263117133962,-0.058007515884732186,-0.13885455920514334,0.08631253805584693,0.0034723044813250725,0.0032863040520076936,0.02725155130848078,-0.027133467293780633,-0.009676059057520447,0.009838781450473455,0.02974625345075843,-0.007165021786140424,-0.0009743741068968248,-0.007368457364717251,0.004495608893686942,0.005420327508642353,0.0010457469704128752,0.00157064285336328,0.0018455811541184253,-0.007918137702713879,0.006208624571620636,0.0012279918059796557,-0.006427260980197191,0.0024916264125713905,0.0026128617890215367,-0.0006870148943827203,-0.0035079973210274673,0.006154626077660819,-0.0002998051307547822,0.0003743269959548545,-0.004599976285634133,-0.002694763833724023,0.0031820970356689626,0.0012643921973644057,-0.001444985730073678,1.7183641671802974e-05,0.0011598830409654814,0.0010477675929282948,0.00039790231017056144,0.0005810669730792473,0.0007923363177781513,0.00038468012583281475,0.0004964228787244229,0.001143754511410175,-0.0005679887366336275,0.0006953934453221896,8.202405090540488e-05,-9.122226938879097e-05,0.00037449150196361414,4,NO
-149816629.93025842,440496.00022043474,97719.81967265997,-35501.189645601495,26565.8739867518,21493.247286336773,-12057.056677032793,-14999.607985195129,-39988.069145266316,4962.944883767793,2737.4877370088016,10354.84213278076,3412.987695939084,24.365428098739812,1363.6745699004623,-149.90403927157104,479.15844883306227,76.83342765215713,91.03607343477779,-26.727014672125506,-45.404599989969086,68.0033515883114,83.98133847034217,-19.765633194198706,68.7839148145478,26.41558807530862,37.148185525433746,4.031541508674081,-11.059917901888582,7.63136129196657,0.201607845504725,29.645720114580513,3.052056803972789,-5.699590972669682,-5.099791486399667,12.029220986959388,7.177785686881354,5.824609651427181,14.017683986015811,-0.010493572022738817,-2.294796356790755,2.9810007861773755,-1.9107847391419455,0.24470610949419092,-0.10904889803869722,0.6642485899443855,-0.0792762435588239,-0.23562911100341166,-0.4408709771236685,0.12469363018531539,-0.23817796397616675,0.316871192587699,-0.07477486772075004,-0.025236014285553665,0.12891640315960995,-0.002419226018226084,0.009474528874390487,0.019805129124430554,-0.01148506056973364,-0.012615745512007948,0.021816224412245067,-0.01073715749701698,-0.003884776467659168,0.010924232066438222,-0.003107775128215362,-0.00779195141888489,0.006988759960286223,-0.007241349539347075,0.004302161036796703,-0.0020750018282530425,-0.014351420671519288,0.011968272164107674,-0.00020311437002007438,0.00737033999690806,-0.0031610966250736894,0.005729279189218506,-0.00036832831437694225,0.005303649125565801,8.318181118038837e-05,-0.0013490862222886868,0.0003544615690419528,-0.0013810345173583816,0.00047010841669048453,0.0015520711621649919,-0.002795576451753101,0.0037338070801479217,-0.001053495636625712,-0.0007600095409222574,-0.0010721772067400215,-0.0011479078188694203,-0.0004674541371916252,-0.00021578570614587834,-0.000472427950639176,-1.786097192701952e-06,0.002380195898985457,-0.0006942184047831149,-0.00037632968948955216,-0.0005981747607153309,0.00011466940861976083,0.00024980741561603237,1,NO
-67082362.27967304,-1264976.8810717147,45874.25087915396,275915.24884674145,-11399.277869615122,-5415.823772546515,20994.77423436455,-3858.0210228943324,-62454.518844041944,11992.634687784193,3915.703061842458,13082.807996515512,3997.836917726134,-200.8438989029534,731.702510731011,-310.53397452585295,396.8271029746846,-173.56878361479306,-342.14946232519975,153.27311232752834,3.1571686540344217,-2.5793672001580603,-8.076007222951347,-14.953263305071118,-7.4217751202044795,-18.306522097272136,-13.094985204412865,9.538274128793319,9.613386179020637,11.559061481355414,-4.614210200149245,7.721089618339988,5.6444503049216905,6.608043923760931,8.393958374691376,-5.790123540555413,4.708504698240738,1.760594669526597,-3.5127501559552456,-0.15797797322073848,2.181727772909511,0.15565707316901012,0.24058206652087222,0.15105918550540576,0.7467425899514346,0.19917036518211972,0.16648755820098238,-0.12161509270631798,0.046493823184478256,-0.08080631424491129,0.10868562835833906,0.1801579843808616,0.2346492027393765,-0.2336552756285779,0.01944017684788024,0.013798185592030388,-0.0028120211178968013,0.007118036388906734,-0.007137330125287278,0.022893144980299596,-0.01028783946415368,0.007575532588347755,-0.00011079365288824139,0.021463235663627067,-0.004708248518346059,-0.006981927063675064,-0.008095510912334652,-0.0036459516400877967,-0.008621400597021323,0.00867061924413709,0.004220822105482247,0.010930905877704955,0.004297128710146758,0.010581977938053266,-0.00888470500544436,-0.010804199071431375,0.003369501990756918,-0.003313147638911662,-0.002105361155927632,0.00011452747215834336,-0.0016718753244523432,-0.0013400745576543915,-0.000517584131278781,0.0007712347913665374,-0.002860874410909653,0.0015040556631918944,0.0012827662900254388,0.001519612162920625,0.0018967175895308608,-0.0014369139835690437,-0.0005759023682987419,-0.00040389741240136074,0.00041150837092118753,0.00034597159582960835,-0.0024249566975293596,1.71063878661587e-06,-0.0004040767402060611,-0.0003633831600744486,-0.001132011169505287,-0.0004085877351672207,3,NO
33849186.706530154,-752424.6671956712,-264397.6754991232,33919.19820741017,108754.93943302095,247676.8279523325,-168277.786560315,-63014.47287561003,35190.80370059516,12364.284904665867,21557.525201923112,-497.00469837155833,-968.5185967010766,-4498.403382419771,-1521.526901284149,-409.323749818072,552.6674604753305,-7.102155378084518,203.30353148516062,-90.40233609999632,-186.9414803999769,-55.78833117231147,-0.267332715019478,-43.164969647818225,17.88575724699083,-22.54079175024151,-34.086327476681106,-13.51663700959864,13.262320881527842,2.0519883964519323,-0.23040286724690873,8.028409665836534,-11.794552225801226,-14.61135296979245,20.26250542363991,6.426797549694641,-5.397518599127441,-11.151810167428607,-6.400541299281542,-2.6737031323288534,1.0924607937399031,-0.46453716557012825,-0.8508718896207625,0.06505890902427192,0.27123515377067164,0.263878252018511,0.5444322055526198,-0.2006195694009567,0.026646648026794395,0.13806382227788166,-0.03382543626510248,-0.0015467933978956516,-0.12866464762544005,-0.014884990320604308,-0.14525812487748313,-0.0398348858217083,-0.03085876457547254,0.006045375730753033,-0.00309425211707004,0.03141169829770263,-0.015133971023415516,-0.02950412516359968,0.001462722187961174,-0.005975224789422029,-0.004949766553849377,-0.0001636334822556762,-0.0034484590977514606,-0.010252526285842944,-0.005409080234420882,-0.004571342179606919,0.011927959421108136,0.001417778644312584,-0.002665966425603017,-0.0006152141685094037,0.004963372371745933,-0.0009012486933230868,-0.0013013134443802254,0.001951287048482797,0.004569865447245025,-0.00563923485442297,-0.008003121136848756,0.0011587543473687845,0.002263595369083271,-0.001796218446133091,0.002970344536545433,0.0030405762511157564,0.002456455911895583,-0.00021048773744825056,0.001861186005094051,0.002770114157391035,-0.0007936378554125323,-0.0019300279231991907,-0.0006167975795992042,-0.00033214341047327345,0.000611624735551819,0.0009755322201443258,0.00018107553801025543,-0.000810707307218328,0.0006141596001036365,1.8794910280728327e-05,3,NO
-47236477.40685648,728619.4206902892,-161087.86512958992,-174608.39803135407,-77969.91704082338,-26109.169668738075,18783.021661546853,-9674.636003286476,115945.98105932912,-3526.1100420002094,33054.73012197185,-1290.5829630058142,-2920.6874906604935,2695.493073229053,48.18562871304675,135.61498710308342,-494.2292290943906,-102.34156984746213,310.7929390486661,203.1202840942998,6.035065958756007,-7.848719600681619,-32.284264870528034,-14.870782290583193,32.58062752166764,-10.51912510637976,44.898546524293636,17.74781056640512,8.205638027991,-1.4147451817807024,-11.17377604123564,12.905869448637645,14.87986322703668,-14.45289322589241,21.4598276680541,14.090261667296218,-13.661533258367745,2.3247993534775446,-7.820952869789835,6.291308685043916,3.599935570124792,-0.6436303946010185,-0.8807239407556438,-1.0010969458262942,-0.3156750959980421,-0.14769773494626648,-0.3990143803605122,1.0405296477643926,-0.05992165899373347,0.06969247978435826,0.053556689502619825,-0.04530672667615532,0.2354847497279451,-0.016657565964279142,-0.027940287070350678,-0.014576813842815617,0.0582209834787597,0.016377652518111407,-4.498269335639904e-05,-0.04488524340856159,-0.018066886688683503,-0.0471585348540664,-0.00986957701223401,0.009294605281896295,-0.004812243356312251,-0.010843396998061472,0.005608667919692306,0.0011949936225176816,0.00019906410598113933,-0.0008189281385063141,0.004404020657649554,-0.004287203415120455,0.0037781926525832787,0.0042047130002039745,0.0008178167341936771,-0.007763971456535623,-0.005845372381247715,-0.0015437206193231745,-0.0006061998964890236,-9.662263639720337e-05,-0.004330909674333694,-0.00026029907797919805,-0.004683045598801394,0.0031376866048338503,0.0007112066392985783,0.0032639019315320317,0.003028911467885198,-0.00025940202388341493,-0.0020287832380062043,0.0046483168993221025,-0.000546140065745826,8.949140688201129e-05,-0.00137993797841518,-0.00027241838389779893,-0.0007026215932412483,0.0002908993219149208,-0.0007316870105107624,0.0008270020852068072,-0.00019525647332302443,8.344646887631368e-05,3,NO
16037453.360346258,-1877199.867757217,-300104.0030461453,438096.6473487352,-48306.97029187868,-86317.78437502637,58925.703979032856,27525.985210671657,61401.446837996366,8687.259156655677,-2547.7417553557843,9093.390825959636,-536.1874070768681,2145.5395960329693,-797.2858018270126,-520.2529551185498,360.0136606880946,179.40004770041622,316.3669909467902,-73.03997122927706,16.586914917550217,-28.06743934515569,50.17974367955344,17.978097137432883,-7.446950718441011,7.36105035191531,-4.908778257125562,-3.421970827946609,-26.107837038135187,18.140269000318,4.373775996458278,5.990336118571236,4.8140275941254345,-7.368642646546789,18.35220692889305,7.833018506001395,-0.13054718026768342,3.2448425189235195,-10.23534264980725,-3.5552473164623706,0.5398396129149035,-1.6369322252542844,-0.08699266804073602,-0.18367011249381093,0.2686892656965405,-0.5268685335580088,0.08199243218149643,-0.2859552394733047,0.06625208882855116,0.0673776688501684,0.09059647143627991,-0.04626190388584739,-0.004734243537569682,0.05189204314663831,0.023993632047919267,-0.04931847729467759,-0.08759303597847001,0.019864873895943713,-0.01899132690150762,0.0019501440322793329,-0.0022289624027549415,-0.018995840146663667,0.02336553744356329,-0.00250590026726627,0.0038930387319877635,0.015137467406078464,-0.0008941162579993445,9.246755289943343e-05,0.000844293871428925,-0.0024003572737490986,-0.011309242186536284,-0.0003475134388626344,-0.0053564318465593175,-0.011140469964246114,0.006906309809212585,0.008965784679851874,0.005595981629098246,0.008456931816770652,-0.0011060573595869094,-0.00026560927160446113,0.004709610258274877,0.0016618836067820997,-0.001848427507186834,-0.0019783292443805445,-0.0008326904091193743,0.0021414140027795625,0.004087696248923356,-0.00024343070264620792,0.0013942892668091789,0.0005616126737848504,-0.00010590122962517157,-0.0009608509242641792,-0.0003279840180369087,0.0006135542902940827,0.0010102896228088298,0.0014324594275973625,-4.913855040445184e-06,-4.9387954349056074e-05,-0.0004224169690354995,-0.0002756727458262387,4,NO
4067660.3609921336,-1006106.1882677544,105156.44120634114,-40433.45540732826,-100229.6080357937,-121551.67016554288,-26648.973928272084,-75816.15001935654,31382.462446809048,-6578.179843902646,-2982.616158890798,-5386.50733534625,-1555.938841359759,-2667.4367529764295,-146.02570230170204,-395.993996049084,-109.6731522174648,196.1922946264565,170.07214949315428,10.574744401536122,140.2113035534846,60.33182276570679,82.62053945270361,-49.31744345135262,4.155395383098405,-11.979012392348068,-11.103229044406532,5.36616034578924,-8.779098878036649,17.71411433922728,-8.6812256519853,-9.867150710695455,-1.300347048012128,-1.1948831374634779,-0.002860093468463276,-6.531713948920611,0.9371734849347462,-0.9418148911726689,-4.137624893359202,-3.317575701947277,1.1614073552279578,1.7421125911264141,0.7690540814972877,-0.6997860406633527,0.8889838130307375,0.2708909340802492,-0.05389533800545809,-0.011639568705761771,0.11314749147017222,-0.13110169571134872,0.16100920154298226,0.06577301843358141,-0.08317067395513345,-0.044291764737646844,-0.02895791154432148,-0.10036767927805579,0.05240520459305076,-0.00679421126148716,-0.003711391143501608,-0.0519084700349719,-0.0057759106136825444,0.03459736484568765,0.002802083276404632,-0.0003249497082808972,-0.00800984291070539,-0.0031545684065819035,-0.026291901571541487,0.010123549918739094,5.498872515485864e-05,-0.0026297626124507367,0.0012942777094229196,-0.0016177700458328559,0.004214417168513229,0.005817741726516612,0.005268356117867468,0.007501023190035205,0.0038073843443346966,0.0008201984696571962,0.0031483581079974066,-0.004022137032921869,0.0005188434789014096,0.002224661471627698,0.0036140210580992704,1.8771590268945593e-05,-0.0003747975694710082,0.0011562240156137715,-0.0019838469754158705,0.0015990394467890745,-0.0011541501186055347,0.00010906932124332691,-0.000117854863758593,-0.00048296335096827125,-0.0003166746730046688,0.0007077180568608732,0.000694329479906941,0.0017695811625962066,0.00020965867564079997,-0.0007218390285017584,0.000376952654961904,0.0010841511452561181,4,NO
59410938.23488337,-844021.7265277319,305152.2270613528,115302.28272033384,2708.9301070232177,16172.933060750598,14338.970378173552,90952.99745810813,-35218.17912941286,-489.8346876224459,7741.760740582918,-9045.31605055998,966.2767348553243,338.8189710696437,-1687.7944923750638,142.55716532312636,349.29416398753864,36.06194464998066,46.71368165954436,47.669738971902234,6.143593682936228,-271.2236609886245,-47.17974031644465,22.047898437862614,62.39766141533106,18.158272794453296,37.115717728388404,-11.415405800461826,22.145183404200253,-11.967690352570614,1.0681488189696324,-10.252416189846599,-29.272483566895403,6.348475737803938,4.272851249963679,5.327758431560412,2.660836572619033,-11.681192368963707,0.05427248166301979,-2.909032614166648,-0.8449461258418474,2.959208180586657,-0.22667872589568105,-0.08144074363658715,0.031233378000397494,0.0690430230046779,-0.042711935645582955,0.10403888137143102,-0.029641755012230764,0.12722859246599894,-0.03564518225110369,0.0471069440628904,0.1344068754702894,-0.08605073273952102,0.029755209897552426,0.04176862427934447,0.017785618702427453,0.018616837757944094,0.04202367873896096,-0.03712579143785355,-0.015154875399908452,0.016073761630645222,-0.020712415907444215,0.014124782238483569,-0.0002420164825205351,-0.007230171699977417,-0.006444569175860504,0.012628987192236096,-0.006121679731077578,-0.011786443715985806,-0.019686998703098535,-0.005249320042413963,0.005213414576219932,-0.004682876364742294,-0.0040068888259878754,-0.00014334372747293322,-0.00017491642380940142,-0.002210630177012174,-0.004889149351494204,0.0012458245872410956,0.0026567686261701473,0.0015793346636445715,-0.0014898357553803088,-0.004577928879298698,0.0013426096132806986,-0.0012433871200995261,-0.0004723489746163434,0.0020448169809111905,-0.0007032037813654024,0.00042799317187824926,-0.0010700328407571291,-0.0005524332200820426,-3.0252584706791374e-05,-0.000934750650084859,0.00258577089041169,0.00027578112251437983,0.0003488333285827979,0.00012622687079621997,-4.480883765572985e-05,0.00019787320169778466,0,NO
-34012215.40092212,-1374604.4324318143,123193.44686519401,-6114.3607935229375,187667.6333759835,101402.44344553223,99049.51762844462,2835.1471634371337,51263.93041093525,13775.68716384537,13772.332193875094,-1003.0591454968235,-3025.0130505403904,-4203.476695493678,26.148722910837023,228.4520904098249,-72.4574614169137,-4.891945438317123,-315.39166506838376,-108.60363477469048,-51.55522849183092,42.073881222710156,-16.821629024463334,-64.61519589772912,19.434953929967737,-60.07108505290091,-25.657513418867893,6.54724753977581,7.414995222947653,-0.9489103946842761,-18.378612659586935,0.2102641425691445,-0.7331094877519604,-1.4965982910643447,-3.707021285881307,-14.929860135348576,-5.472257933224755,1.681780704919447,-6.31418424125286,-2.458006818784142,0.011719173433910157,-0.20620594824402616,0.08585909515942092,0.9712132041720243,0.2957492257853147,0.2632802630869122,0.0031838548111764453,0.039585874843000024,0.11935026379200231,0.08032493233196461,0.04667366618838109,0.19033345870521945,0.13778669528681053,0.07870633764590784,-0.054594851686329715,-0.02839082434596285,-0.020664994183212215,-0.03200603935403379,0.0029287201557970377,-0.007870752524643088,0.023063986756726607,-0.002414056824388666,0.020154402800650062,0.02580991709429714,-0.0035792150368239017,0.0042253775003682215,-0.003462178141653449,0.001833190026756637,-0.015179541884959402,-0.0033059433314356346,-0.0032684895615515686,-0.010433060268804528,-0.005237890452819194,0.00487197899912617,0.0022207871143897773,0.0013986281568303394,6.462019935993268e-05,-0.006024970915118999,-0.0008206684110874107,0.0005701021822903662,0.0015120911808993442,-0.0033186883002718215,-0.001776540196439802,-0.003010990671468816,0.0013045465767029807,0.0013186937663368647,0.0005059312894668544,-0.0009653907210709356,-0.0007645920340664247,-5.600090780610856e-05,0.0009081886624928703,-0.0016426459699509428,0.0017748528914838246,0.003637078581325892,-4.5782618145598364e-05,8.652587970460653e-05,-9.337759876595388e-05,-0.00024307866967876457,-0.00015556510079167696,2.1386040106541326e-05,1,NO
-20625769.617109537,-597025.2749557886,-24702.302328064805,-76667.61773311158,-78682.86188066337,-12113.91181069518,23856.643148446026,-34894.78765713425,17153.062507266237,-1500.4106801652924,-4297.970615368002,-3766.916255645352,-995.8672806473769,4481.2365276034925,-94.89489423995474,6.631440427336656,7.456789622998031,-86.29265870811221,-143.70407064818414,192.52404972419515,82.88590135543913,-68.36805440978901,-90.85043670397553,13.800151967467968,4.073622174407621,-13.915539157661101,24.204362543412515,-2.410938561981993,-12.310609138823509,12.859987770603823,-6.849353077382375,-1.6543336014683518,-1.0205564321463498,8.822488605266699,-10.639784984532236,14.189536492780547,-2.488654296102915,9.073482928653391,2.082681433553489,-0.9272955891984509,-2.0601705607414154,-0.6921535180295848,0.6013965802532084,0.4543306995997476,0.5498459660490731,0.3149726196614999,-0.0794647297637665,-0.02436533444745015,0.06045061319550005,0.0383785719901501,-0.058800334273485966,0.12149567939978434,-0.06189862616097752,-0.008787706110934934,0.011382498799515695,0.06102317392317136,0.0051275800631418456,-0.010499623659729895,-0.0060915523308417985,0.006397390062363506,-0.006917218201797581,0.009658589292026676,-0.011060109566302545,0.0019029283460971769,-0.0028972300417238195,-0.008064593743328352,0.007490020798468916,-0.004577231904578261,0.0035050491230395053,-0.012498833627005379,0.007786592991243513,0.0018047960151523768,-0.0053143606483887496,1.0486821095168075e-05,-0.0001226513808547658,-0.0005153076109325472,0.0023061675488442734,-0.006721771683544375,0.002081198517575711,0.0035262976769796506,-0.0017826590352062466,0.0031370794126346357,-0.0025579014778569498,-0.0003113592089724615,0.002207781553082322,-0.0017351709908519641,-0.0012333885683479817,0.00034062660480760343,0.001702311130641898,0.002125925416193608,-8.318870459222971e-05,-2.5492102578474583e-05,0.0018870117017190102,-0.000468813670782553,3.527827009047746e-06,-0.001082849531872392,-0.0001553771094602533,-6.485434604219797e-05,0.0008424462341649064,-0.0005179425587973907,4,NO
30965277.780308902,-1840089.232232959,-393.71024883247446,443455.12520736636,-77260.44681411062,59400.55920372962,-6587.038808934856,47168.849305633004,-33569.50393322529,-2971.387176738912,-16270.213219369238,-2055.086146059766,-3574.6007097791226,-1139.8476808124997,766.2891076873984,138.7345508654987,-85.77882434651838,176.09572001695778,-11.85663231873147,-165.10986358364357,170.24472764996477,32.702421837783874,-21.128479116199344,-30.150797673499817,-18.50249713264581,-44.70220710474075,-53.00922586148664,27.251573666241825,-4.563384077210003,2.6836448197209677,-18.630332613585495,6.28498846947457,5.935399840846998,-5.338084872650313,-1.6647242419372716,-5.182469947931324,-7.2967280810199515,2.1530316006150088,0.7143517099459586,-2.8572517445547305,2.0617113465261667,2.2133093175839917,0.31663399489501387,1.4540910334996395,-0.5633596595629697,0.17220597476793387,-0.06918704156039812,0.025135315265127023,0.07907172731720591,0.14099459307963477,-0.06794172286116229,-0.0894934295100418,-0.01428333184206032,-0.032569193225956417,-0.06580471277261735,-0.010104115287299709,0.06956493664740782,0.04081397001035558,-0.0036541969228609528,-0.0013043670041019695,-0.00579763407586853,-0.005918931776339065,-0.016288903786900732,0.0015319418806010177,0.005899995081566134,0.007757630885095734,0.0023183189841764207,-0.0025933562966083956,0.015479377139987371,-0.0025394124714815947,-0.00928441673545155,0.009941167796766237,-0.001516049639630701,0.0011488004555879616,0.003538895951621379,-0.002250123295538531,-0.005654435507594924,6.563002160753229e-05,0.006354645091601441,-0.0013460743037982947,0.00290906000212654,-0.002483463867869906,0.0002665562983608094,-0.0005714964151192214,0.004389113427519242,0.0014997443287446677,-0.00028052203802064746,-0.0008384486922591305,0.0007727874171923887,-0.0010207684234952996,-0.0013158822011045679,2.654465612785678e-06,-0.00132240455086452,-0.0007739624156848368,-0.001324443043141707,0.0010728608917381106,0.00020796559531486257,-0.00039982917012193475,-0.000683476657029225,0.00085335574997919,1,NO
36230056.56228435,624512.5157638965,304922.71344020835,-11302.256399255974,74269.79121044799,-40054.948128669275,101553.94523598041,70155.76709553058,-47639.76050961038,-5684.363671070141,31623.682757164734,2937.871121058808,1181.128763896675,-6221.4472855224485,-2565.4817277451057,-486.9453451975437,609.8551626240811,-7.64372136893536,279.20947583639884,100.26668424528123,274.1682262709578,-13.019320638084366,-7.157208487106658,-54.34734470163201,-18.747402079447717,36.58420534833863,12.9345212075267,-11.648813932542623,-8.653950667546212,5.524778442894814,5.602572180423778,-7.151286551115049,2.9423305002677864,-14.961646787363463,-7.2608949412184,8.886695601104677,3.7161952847216178,1.9954019209857847,-5.942848525630268,-2.546435982941091,2.551314223768493,2.879090313449211,0.8795339740801182,0.5160612387224899,0.03763995973312362,0.5655328223670857,0.16928696602165427,-0.1251847640626691,0.003396698246065366,-0.12062547115450674,0.07424431127176412,-0.04440843505871728,-0.08163836442025385,-0.06289318383680165,0.014278876332224133,0.05333322292202347,0.01960997392332109,-0.0022903338246673677,0.02480844408872307,-0.026922537588792927,-0.004660664597189168,0.004814500303382374,0.02254209727934009,-0.008930074607336635,-0.005914349352279524,0.00018894660088308868,0.008233451534541969,0.00208983096623766,-0.0011018071570975119,0.006238813956491118,-0.011672967738636686,-0.014974888997641322,0.003611947504441382,0.0034018283655353754,0.0050728850355659105,-0.005117588074083912,-0.0009491733668658409,-0.0029975126179246914,-0.0011067306053220705,-0.0009118079622281172,-1.909701742985881e-05,-0.005181173682297535,-0.001268312534502103,0.0020204279762342514,0.002485684093663565,-0.0011927029986812387,-0.00029820662055457525,0.0004943546262303755,0.0014178227790925257,0.0009401833087048228,0.0012492581293692684,0.0011068102167876882,0.0019302779206588072,2.740471714368642e-05,0.0007833147727951961,0.0006546278845470689,0.00032257330371951963,-0.00016392913007035048,-0.0004402894074651553,-0.000548197990726973,0,NO
-29321772.013171256,-545759.9754626853,-46833.60056220414,82260.57568304741,-9507.412377984263,40138.81857064735,-17116.985971217015,-12227.168441858194,11616.190611231199,661.833841458083,-20695.37001039757,-3253.071705860042,-1471.478997893897,-59.18004347434157,270.5996924514711,-242.6117011244919,209.10162239195847,-170.9322799021856,-343.25527718151955,-55.9645956737146,-69.35855322547843,49.80692091552248,45.81633790559346,-11.814904220574746,24.57592162197798,-32.46668872935072,-13.274408443195057,-28.202654341832215,20.832064457112608,4.41898991844495,4.536529558348633,-13.127196839650878,23.444726822173294,-7.588831948679228,-10.719336917322734,-7.7395453753130425,-1.9855910222685047,-8.260524800798748,-1.60789103056851,-2.530388693953441,0.9549034476788023,-2.1692648754070376,0.40233954192336796,0.31985263930132524,-0.12709835460060503,-0.630016485401562,0.09546435305752521,0.0355489626716432,0.07969289351442921,-0.09947157971478045,0.04642411918171163,0.06837480404579876,0.16246640634058807,0.0528258138267248,-0.07107356954909472,0.05457844258645139,0.04857841459640033,0.01900267450010462,-0.013423301514086328,-0.01567824504081372,-0.006186475710884487,-0.002202466263220515,0.001274015781728699,0.002029752302042276,0.00019670936182558663,-0.00859779580630482,0.0034304506057478423,-0.0036711388160428626,-0.009520206755690208,0.0021172912503660823,-0.010903012419792746,0.01830907567547735,0.007641846176250411,-0.0012376800734179572,7.332702677942393e-06,-0.0065093365955379845,0.0056000396691162635,0.005026106017458787,0.0020109540266708414,0.0014231525591879013,-0.0002581710711183627,0.003730069684229731,0.004568713887531661,-0.0016124535232208137,-0.0014655143435819973,-0.000562785564276469,0.001041912236452891,-0.0009313443414096234,0.0013675729391012803,0.0010291050096906673,0.0008845315333030346,-0.00011068142421193777,-9.477858296524921e-05,1.157359791892354e-05,0.0008904315657904255,-0.00025669710654723996,-0.0008831163181819649,-0.00016444129001036423,0.0001100585017043687,0.000335254334545787,3,NO
27394379.67906356,-679477.3266495625,196599.6928565934,-152781.47341590287,68347.58495535035,-74261.50153230417,3919.1470295310755,8614.323824926789,51545.4634645363,9424.475419986378,-1912.3477964040048,-2969.683679914553,-4517.919394950848,5425.693524634251,-212.840822248083,442.9474670488155,109.31209970317605,408.3868671420837,677.9229463879899,-99.47609600027909,129.4620405131013,-102.37698359611665,-59.122324054986535,32.99248051702814,-42.61347363314858,-3.5468702423149807,56.323329580151494,-15.208541606008339,6.57555234237023,-9.744990364758664,-17.366238511233576,12.660070507989758,-19.977210220390248,10.554809238503083,21.74100949182097,4.117881778728105,4.873952815423706,1.4704167333812848,-4.849194288591377,-0.24701185660870806,-2.3653259849034036,0.36530660807998316,-0.5300084857466629,0.43577544135541,0.24602923998270043,0.017466342865738227,0.10776969504734435,0.4423600747681631,-0.048135560204136674,0.16183719917989686,-0.01913307977803136,-0.08546367840003333,0.00357058902516183,0.0036108969442911754,-0.022899705597354103,-0.031033178013246843,0.01231952129563929,-0.027871431618588183,-0.0022754252804315644,0.016162397485823377,-0.035401970830813756,-0.018891153974861297,-0.00024280212938521117,0.0018471024010189296,-0.0015635749637104013,-0.0031334541586334197,0.0025553761502198347,-0.011616606233339821,-0.00519869748753099,0.0036149985720002054,-0.013222342854208757,-0.0015048648774675932,-0.005030627115274022,-2.064286234615409e-05,0.0015698149402534334,-0.0023737529634959564,-0.005140004102291762,0.0007088957751344438,-0.0012909299135683838,0.0016441756514666839,-0.000800201425813718,-0.0015984730796361202,0.0010932833859877977,0.001650113887539717,0.0014047016836702397,-0.00045538074509554605,8.211727232354527e-05,-0.002919594924620128,-0.0003227436001241868,0.00018111675241083702,0.000663073659150859,0.0006403442483455752,-0.0006217022071430822,0.0008337788828569614,-0.0011477173061520823,0.0007104125406192166,-6.999217622107902e-05,-0.00013699710414516453,-7.914885371002045e-05,-0.00015514362669116766,0,NO
4719258.083026707,-850082.0789521746,-239892.18350094405,-410201.08550072974,-83724.44876493502,-100143.81344615248,-53968.3166324673,-125322.9203422347,-10346.275275473658,-35727.91991186049,11565.111796391944,7688.493926256357,-9316.347380802228,-4528.459386709061,-887.0315613947587,-697.1656391772185,-456.53844011360275,259.96855291667055,91.04478275745984,-368.77370166331536,28.608210534727363,8.712769565845718,-73.86275559398729,16.3407618464214,-17.47963159042601,-23.521816635443088,-3.72272663320598,-37.850370458571774,8.688080912448015,-17.897153816088547,-4.997125238297485,-5.212774126523641,3.2538659200716324,-6.59492165175709,-3.598320651527093,-2.681871206498954,5.590086906668503,0.5721888052777331,-3.783645971436215,4.7231188387381735,-0.8911101111138073,-0.7136424801637418,0.8044091418203436,-0.6533365638420996,0.790442996025817,-0.07754223983884145,0.2465428471067055,0.0407382964614893,-0.02351659625043334,0.01559380302220929,-0.053659192931423405,0.06744636621975753,-0.11960919460834596,0.08311469460989951,0.14368256357366693,-0.029948169251883594,-0.05092473405848086,0.0030615128521080948,0.021893988921305008,0.021923895218375122,0.009501173742455293,0.01857702855455834,-0.01866803921230742,-0.002879332061352713,-0.023279578845962545,0.0012374179079779335,-0.004663890125198467,-0.015730619911580646,-0.005578164049459766,-0.0014543594427959827,-0.0068740419118108465,0.0010525226449642489,0.007478237171968161,-0.0058229664538493875,0.008725695648309939,-0.0030377557251084486,0.0008242032224132778,0.00535647863115063,0.0019047760942929592,-0.0013391552110462168,-0.0004173506459798082,-0.0030532181542219927,0.000526656265935177,-0.0001594487841987957,-0.0007579467173265408,0.0011242661894281802,0.0002599364515720737,-0.002518679294830739,0.0009226314419084614,-0.0001933740111128568,0.0017067985282079867,0.0004459406348090609,-0.00037130411419117326,-0.0004494291879858503,-0.0001833183424401058,0.0009605602461961928,7.079015555277665e-06,-0.00014206073045230916,-0.0002574491683844937,0.0008924278871342284,4,NO
24148014.720891356,289549.9167741393,12531.718115568161,108523.81625471887,-89842.24926679244,-138911.2677608439,-24020.499596159025,12455.960363483842,11990.51232211967,-11601.624794945692,-18616.268524300824,-1306.1942186528904,-2124.0352582983687,-2501.188576570933,1256.182587504798,-347.22862979588604,84.75142994395617,91.06091420860508,374.1381014070405,21.18178175291962,275.4080961134604,-61.214428330724616,123.12982194061055,-24.649774466809248,61.709658153275285,-6.998954803292463,11.23382334641991,-17.82226886835707,14.385805865525555,6.325090225523553,34.293657619585105,-15.807039923929892,-11.047800888670395,0.9065809752449354,-0.022852547508144028,-1.385724685217852,-2.85930912361769,1.078939444700893,1.7339110690274424,-4.580472834760016,-1.3681010222618397,-0.13803825074405296,0.1173620909838462,0.16661563604893592,0.2022997264544557,-0.19308398093495782,-0.20358260456744492,0.13706136827363746,0.02595718056557139,-0.04138459734264924,0.16267749453382585,0.08945011460805885,-0.2326491301108451,-0.030796230091227228,-0.05453225677280793,0.06411028371706962,-0.013054907763402124,-0.011389167533711664,0.0012445026783414193,0.008333189003542962,-0.012648624594746138,-0.014207807076809686,0.014189231803619418,-0.0026594664385619637,0.009042248016179144,-0.011900229254357741,0.0013861043021407005,0.0055772982669626825,-0.007905291065977482,0.004150588917140818,0.0035603579859020407,0.0028488360507044064,0.0012354124173086234,0.002645521239331816,-0.005752056269295869,0.0015003261059949313,-0.0007183777974959504,-0.0028725661914017486,0.0036975314337803766,-0.003351357413041489,0.0016926164248692865,0.0032443612501102947,-0.00042694856173608464,-0.0012679920799548439,-0.0007149975377972462,0.00011459620684106664,0.0014344444112697197,-0.002223697595672647,-0.0016200625449342976,-0.0009884870520120437,-0.00029393854117221174,0.000688095491944928,-0.0009049314232606465,-0.0008540222490209803,0.00022776792859899309,-0.00041543036068521395,0.0009122515570520792,-0.00013245872970091277,-6.584432582262822e-05,-0.00021109479992881264,0,NO
-52255811.01256466,1050575.344938112,23501.81905371265,-90812.90642147997,202829.29648000744,-18631.712531547353,146715.91621200647,71338.48039055815,-36755.38587430367,-20717.603102521633,-42421.98764013275,-22383.5295039747,6137.855757232208,5145.808789805367,-3194.1529382952012,-386.87167626888345,615.4259829457841,294.27102666467283,162.7422536592102,218.86502811676075,-2.887321244963715,12.808955260465893,-70.12502025209344,9.065448092281414,-2.1947945596131113,23.16432223456104,6.595545078427563,-25.255085031337046,-7.188080056034977,-0.5126286255968608,-15.361957991107971,17.436388027268094,-3.5557777176657623,-0.6383937844590264,-12.71612936750422,2.42252483232042,-7.074372785351217,0.3027887698909808,-0.36221355874232586,-0.9428138454598383,1.0756256501883144,2.007102729343231,-0.33438040659068236,0.21399289187284642,-0.11755456613680337,0.1284070960138486,0.16325440784684986,-0.1730238545567273,0.14883279996175514,0.09516767706232174,0.12599773054721908,-0.015976079661152554,0.05726310378664046,0.10210451865503356,0.002322045503882819,-0.061334149616608824,0.007359351345819221,0.004813285350083074,-0.0037154836423045623,0.0024068069531271163,-0.009767249578501502,-0.009173798648173914,-0.006853253116688829,-0.010286856058669969,0.006981580626522543,-0.007872096408871876,-0.017545281212848124,-0.0034267903132410016,-0.0003455697481966613,0.018200581222801993,0.010183631578789765,0.0001553521367574362,-0.007863851809069011,-0.00444403812848948,-0.0009233765674026007,-0.008170450914370742,0.0036468238094773398,0.0032950955872173004,0.011150964025873122,0.00569050827922557,0.003561877071907138,0.00032143762453729074,0.0017795791859906984,0.0010133304304415225,-0.002425839276352759,0.0008277307705235604,-0.0020658010976446484,-0.00235996886482559,-0.0014898193309477725,0.00021777941701173198,-0.0003642487991815102,-0.0012184195853607352,-0.00013654823965059126,0.00012768640013516297,-0.0011988800160232516,-0.00033711300873455995,0.0006781679466252074,-0.0002380180217385064,0.0004769618617099236,0.0004685561408678818,0,NO
17707453.53612691,-1176191.8445929755,-111781.40196932305,-104064.63266850932,100444.07909977046,-80060.43121697514,77736.87936913087,-94096.64795968338,-3544.93701480201,-19338.126868708965,16746.325119856923,-8674.730299820207,-1109.5137217255215,-2100.9275341423963,-615.0900136652926,-566.0427177018232,299.04050832535466,196.28157316303333,-10.35077556372795,-21.437795136243608,-53.38616322608101,62.51019731937777,49.5704681368984,38.02940676368853,72.38466499265311,55.222160581715684,34.455392303174506,-30.97241898292083,-7.045064761301035,5.778132469717647,-14.315716465760687,-9.50647063440067,22.563685785597073,11.138619091081694,-4.756593423217417,15.57705283833073,0.6827413660973782,-9.548306206755797,2.512700397562014,-1.571644554890014,-2.481622957772945,0.08671997159102318,0.20580874997200738,0.29659701149375195,0.08947294796821836,0.020205032324554395,0.08176222837046332,-0.0809781513177219,0.43527951876302895,0.13727455300693325,0.10277927545849419,0.02827924137046578,0.10140572944296355,-0.09262686512544183,0.12042126476648995,0.02425459913446737,0.011650966527145368,-0.018511903202718116,-0.013128127563341252,-0.01449478292863482,-0.0038553341670621855,-0.03097083864041217,-0.017104284410823678,-0.011877204014854925,-0.004671695202818293,-0.014902903689765656,0.01913417756605132,0.01556036565010821,0.003591294495176478,0.008211341860997146,-0.005706268397278502,-0.002048808399444546,0.0018912538245992039,-0.0013956092064468795,0.002366888947164636,0.002275281447060129,0.004723076051744046,-0.0006666502359369275,-0.0038448997688087516,-0.0032450793358826946,0.00043850265866218763,0.0011399561023508475,-0.0023162213146212807,0.0001726654658667226,0.00248335544908429,0.00040670526850972166,-0.0008602006521836181,0.0007682093676208979,4.988274728051634e-05,0.00017412632864255428,-0.0013343824943328197,-0.0013380914379229922,0.0007225484334328902,0.0005169508465600048,-0.0006143691992960137,-0.0006588313849315887,-0.000389099431735063,-0.0008264968931550598,-0.0010650752528336693,0.0005898580846911972,4,NO
60516593.80483204,-504047.79217429645,206475.88020989636,-197510.83611205043,-145020.65647841617,-137479.48253326997,16584.695045760618,17247.588387092765,14616.595574982988,-22515.82305588626,-25692.65276494548,5924.799009716982,7781.741078449622,1348.5994095627625,-15.735130636478061,13.001224311586611,-697.4208604490943,305.48771856081976,372.7120921124066,-17.690241076925417,-78.6374711317199,206.4865975566986,-24.878498322430715,-58.12607857442018,-21.56402932335035,-20.943727055665022,0.155405430942551,-24.136549310744954,26.07631455590993,-29.725303228569558,15.428242936969156,11.137830007437628,22.70912326829486,8.90664475094627,-8.387565398381692,-14.605910478553525,1.1593757228171775,4.082848704648711,-2.602785802775884,5.039792373612613,4.8965816828277084,2.106634443155187,-0.10547354430778455,0.07904573192220887,0.17526456280273806,0.07747206707179188,-0.21448621250917554,-0.19447300353780772,0.04954658843899118,0.11280887240634256,-0.11039334059772621,-0.013337292303306825,0.11608234321636157,-0.004119993630010921,-0.06424441237452028,0.044318238962063994,0.04026099248832393,-0.004049745034139907,-0.030686822717929774,0.02606600238692991,-0.00482602670272092,-0.0026092841125198163,-0.005367180976100117,0.015144449002246319,-0.003959952841030567,0.0025092938642403695,-0.01024193582742991,-0.0028368374209273295,0.0025453055811421876,-0.004615808843002112,-0.0067813244080096036,-0.002755422903713889,-0.0028922795004264756,-0.004762877524702613,-0.006443821473882894,0.0041065049012507515,-0.00048228100559088993,-0.0021894476567179133,-0.0029385231348295626,0.006961805147322808,-0.0029644179497324563,0.0015117215599995681,0.0007095613197845019,-0.0012741791762644894,-0.002690664545787036,0.0027948184843578083,-0.0012487277122457119,-3.865318512397131e-05,0.00030032908975580197,-0.00014247536038580755,-0.00019387647212565362,-0.0007734710281145961,-0.000560714404202467,-0.0001370577816397489,0.0002820548826121122,-0.00014694932816556108,0.0009321867008788894,-0.000476161921102225,0.00019468865673760716,0.00022219835262066168,4,NO
13430794.3257851,-1333259.4894970646,38920.66534568637,123690.65910640452,159613.17179773343,-61410.04225015412,151256.01195359905,-3162.3093495191424,1479.843163769343,1671.6421899671968,2405.033470226548,7690.371837685438,7793.567137775748,3547.64744720825,7.105160467175665,55.34255700275594,-62.406284882881664,-68.22312177908219,-199.92083212289276,-42.33267503605646,-5.417416459201462,-75.84240750423754,-2.394363268568526,79.22356605454392,92.70132932618151,-32.507607994309524,-2.4313664404206747,-5.7347607755176,-28.401205231679313,-9.163786131230907,34.868624033657085,-20.003553827544806,-9.146095296947152,3.5041426421129813,5.238573841157759,3.8428309214348815,3.6909075076214926,2.4785970017577483,-0.8963036035258369,4.544723114927834,-2.722789392827231,0.48105978856110454,0.8093016516335894,-0.0754569495650812,0.27553217100728133,-0.014912315870997617,0.10551488124401143,0.09074759675739719,0.029066122367078062,0.09020459009788967,-0.11685446165685054,-0.13987746908469756,0.07675354714325966,-0.010760390095388983,0.07098224175696988,-0.036792842493585054,-0.005862238143142129,0.039902323937872186,0.02795024100392296,0.0017960630507909414,-0.0357857735848226,-0.024911959005626372,-0.005032864845528451,-0.018325382866686724,-0.006796424168759918,0.015862982844246476,0.007429237799832733,0.003341152447671525,-0.006351029203582437,0.012491696856423096,0.0013953246972611133,-0.00037169957899818584,0.000654646748232679,-0.002464136486950319,-0.002006715823645866,0.0006693066286369564,-0.003512456457417823,-0.00014139956736158865,0.00359096265956671,0.0043975303046734915,-0.0019517640389020707,0.000327780797421795,0.0032945544409259675,0.0015949322741115879,-0.0005007028714912876,8.884574580092508e-05,-0.001068092630455153,-0.0005274927636450544,0.0013414904520852033,-0.00038512232129916946,8.746063422182537e-05,-0.00021000711268463843,-0.0009239029180820868,-0.00025174500985825077,-0.0005908155028728213,0.001020177021047515,0.0006098498443047658,0.0001593929624215118,-0.00014975653395216115,-0.0005781881569964509,0,NO
102148067.19027847,-3099897.9962599035,-213168.08619671792,-19419.149612600886,121565.90605461452,44033.315372308614,3248.4466408522712,-6802.754415055671,-20758.957123299537,-18473.269678037417,-16289.298123769237,1226.1099790643493,7184.453240846005,5143.3359557673075,202.17747739396145,179.4942903810636,-4.694673969788937,407.7194817750968,90.42097336469561,-168.4166560066708,43.08763758799063,-217.1978405330031,-17.81763920385427,-78.57221722549973,33.35070648945862,-26.960235976633612,-23.34506364874005,17.180287138690687,31.179993092411024,13.720331012498534,9.093980642688706,0.012955893586536149,6.787230286525016,5.3311957735463125,9.582481009615211,10.023044394886327,-19.51439163020823,8.04765720611141,-2.246761188528467,-3.728817607820517,0.9660149101010944,0.23174197704702237,-0.6564064380570187,-0.6771373467093271,0.061613238461550424,-0.35477547131487697,0.02042209666825734,-0.22155129315703848,-0.14284045536208234,0.0432964388028179,-0.06533287089755735,0.11502538046227473,0.06297507152307436,-0.014666796059074949,-0.004145911666291635,-0.031014062781980545,0.028664695311218402,-0.006334272248655903,0.010663498586259479,0.01518030198058895,-0.008251652926265063,-0.007898974729913633,0.0037779535449210533,-0.009767786616849072,0.006580996151903662,-0.003607679158271093,0.004906844994887832,-0.011597942539329775,0.0006806013601030614,-0.0050884306727948525,0.0012359216980573073,-0.0006119691602521904,-0.00654511427256832,0.0029344801935451414,-0.007059293570400138,0.011267829434615795,0.0009673982444771134,0.002851653594011516,0.00018244197510330906,-0.002671616474452909,-0.0021726361509349923,-0.004942633428011378,-0.0012137537974952206,-0.0004603973031537534,0.0017320993174929633,0.00014547980035073405,0.0013879090967443553,0.0032897643589105963,-0.0003015685624997433,0.0011605771465532655,0.0018871398777542403,0.001021839451883542,-0.0014155594183075104,-0.0004067964485359177,-0.0002263091178836829,-0.0006862270756304058,-0.0006642040236237937,-9.464451480512004e-05,-0.0007523755295649193,0.00011691795219642698,0,NO
50627549.865925014,-659412.7786985757,-530261.7751987638,-529207.9541539977,-86735.12995305052,127870.53822080715,5090.487462822453,56978.91373368321,-143943.69146097507,60211.99083696917,-25838.009270329705,-5431.8435174402985,-3436.1808874912313,-4133.032309687025,-1368.6675530325938,-1154.0450469270872,-540.290715725223,9.40562622653465,-361.9668692260713,-161.55281187906144,307.4744780247697,66.96787734862659,-66.52791705459148,9.748280610988559,53.633146742708746,-14.808190636293148,-55.0770263586287,-11.948485575788084,-16.00420395776632,11.271500317078903,-10.074636785941522,12.353206873298063,-2.161868594632182,-0.86509134730818,-5.042711565425506,8.475397478770333,3.35005016384439,-4.7610163817194575,5.178571907962748,0.7363574256647212,1.7477877739497245,-4.512130517712592,-0.6532722505264275,-0.46490668149208325,0.23430445627915475,0.07005743753325788,0.009252764317514206,0.1437086475798841,0.07300418389448726,0.13971237439800713,-0.06817502874793124,0.03368554512133448,-0.04004268945164302,0.018770999462332405,-0.12159857601243873,-0.09833382419410441,0.03206180046328688,-0.006669722959789404,-0.03390387368558945,-0.018605468477927545,-0.010453931655200588,-0.027339612655390866,-0.006818072322911872,-0.011312788936137963,-0.003749819408457755,0.00875509949001918,0.009908980628997782,-0.00481435610431602,-0.0014369359209553956,0.010837248244318476,0.0017837672979856833,0.0017397226918056674,0.004880670424991962,-0.005708283820529569,0.0008361219560142352,0.005528033989478098,0.0023272811158088214,-0.006040348703665099,-0.004006584574534511,-0.006484678825244616,-0.0011781398472864302,0.003367255157930016,0.0017716511018237568,-0.0009843943578513314,0.002079010665273384,-4.215828430664814e-05,0.0014601135307978907,0.000370237132485407,0.00018568784846006992,-0.0018217446018062855,-0.00024384987094183685,0.0012466769420912144,0.0005643103498577107,-0.0002967166737490867,0.0006860079139786729,0.00046484677486789694,0.0002398365644695529,0.00018319045646975063,0.0002887159959758523,-0.00017541359943945567,3,NO
33483008.997883916,-135953.25172438007,-31647.536000801367,-180771.29681028303,-27960.68502519629,99156.08262776656,-102565.54097360253,-79628.61804539009,32017.74835176306,4499.564541621962,-18650.188938716958,1882.403253681332,4758.4780011362345,2431.277501507382,-659.2249550495271,-273.67238817255725,307.2434635328185,-421.4512217725965,-381.1508157736326,-79.38953462995187,-123.28504587224916,36.555195195664965,-58.85938574184206,49.056007634504454,-73.73172750049069,-49.89775781004744,-19.20099686227985,-5.067092248301833,-39.76388937542836,-19.889068105031853,26.790385223330816,-11.103108393915818,-25.711694275628673,0.15240842605641092,-1.4754909443784108,-2.231800781049259,-4.083314077622468,14.265756902748194,6.306042927669239,-2.244953803444176,-1.2608498247195818,-0.25314677920830064,0.6506610037998826,0.3494167656665734,0.12615589877229283,0.3200119552864251,-0.3790420184414147,-0.13557950165826504,-0.09841758326618866,0.15630281019457087,-0.13655302003870062,0.1467650350998828,0.1387143263612911,-0.058908072078400764,-0.01980736198293931,0.05901024177079861,0.022353838294445705,0.006444085194837523,-0.04751710637614259,-0.004473300058533525,0.012904551862943592,0.004137889120594096,-0.0016788309898376763,-0.0216129136702925,-0.015046343198094059,-0.0018765963654683304,-0.008575917659517124,0.011279365558619359,-0.010225487920903387,-0.006319018247409436,-0.0018017169390399657,-8.602566279813928e-05,0.006663718545327768,0.0012436666463053747,-0.007161578878260189,0.0037688879615296322,-0.009439159745871173,-0.0014078156916590423,-0.0008846886388838016,-0.0007032078915560902,-0.0018249370758336436,0.0025745356080564274,-0.0016729017729779638,0.0025700490909984774,0.0008205061558134163,0.001534782846258853,0.0002822782412399416,0.0012005472317825339,0.0015930311905578143,-0.0008794969871668279,0.000927623191061544,-0.00030408045979902,0.001127701982281737,-0.000979472359389777,0.0003334441285462175,-0.00034110132314833785,0.00020403045098868998,-9.57215228465369e-05,-0.0002549290716740704,0.0007546454111821421,0,NO
-29041876.317703187,1152919.195029566,-46296.41042737011,-146947.50130397495,-30721.631375367113,-938.822243444185,-26273.96035838801,-44590.62485827135,-2225.151175480103,-2537.847879768189,3961.4409486291697,1034.5841157654213,-1330.1847960363702,1728.443335536831,406.2879996721058,-259.7407972208407,580.1786282484701,-268.8186059126053,-5.042660635564403,-50.04606878122672,60.393472565378914,-93.38032116711668,30.928891313033716,52.11245182424784,-59.099960211105866,-11.179553232637318,-8.66955103294515,-8.750933908209106,-2.9176268717996834,-15.715512189661297,17.669916198608234,-17.094130339515345,-4.8882933830686,-3.0220765474169866,3.2142354915298235,-0.8028326012386913,8.598153630874158,2.3572897228206102,-1.7569526790632608,3.372578564577978,2.454120088974207,-0.8166621968622465,-0.4794929815448228,0.8213648117097079,-0.20561066740396683,0.10817270587755701,-0.32092473343415584,-0.09062213487310666,0.22428392465919522,-0.0057326959592295945,0.1368610131580832,-0.12320774649617938,-0.014215254771099417,-0.17151024690427907,-0.04567660405760954,0.09915377882735887,-0.02221985139775029,0.03396744822534048,-0.009639878208968833,-0.008424104485512451,0.03768420623491586,-0.03546818471868818,0.00592401753557259,0.0034096140176558265,0.016570844156667652,-0.016425149222537128,0.0026374673123030212,-0.013788841218921322,-0.0036563149482294888,0.016814305439678823,-0.0016801040124420075,-0.002422965951875966,0.008363633294777628,0.006248425954056058,-0.003386005937135783,-0.005538229398806882,-0.0034871357760051236,0.006940081267378773,0.0018182132726720646,0.0004354595674289641,0.0030808141614349083,-0.0023562438461739443,-0.001160651255128986,-0.00036077338602880094,0.0019171799856352312,-0.00059884988880754,0.0009861711214171898,0.00044579012263512574,0.001049652767141307,-0.0017966740139168103,0.0008028740382091115,-6.864227777309689e-07,-0.00014078031146946834,-0.00027126922545217536,0.0006302324175266882,0.0005755665330713037,0.0006111488041313558,0.0006515774882496217,0.0005673427347436255,-1.7250273972035934e-06,3,NO
-87217396.74856228,-152827.95184700983,-155057.21833630826,94333.550780838,-9474.237624136498,28216.266055971995,-527.3045647812323,-29583.81071876651,73053.00892946555,6894.3127884973255,15458.229025600547,-948.2050421516469,95.10875306239177,1243.334645917827,-1230.3647486670634,-235.2212306887959,-72.03346006409004,-144.66224425492504,-60.31800716650699,-75.12603608055156,-15.009875399301336,-1.7034064016642674,-14.49491020214046,-52.5002710913345,47.0607204518584,-17.27452435754242,-5.973547000491806,44.53746273712363,-8.395963294168524,36.861311876166866,-10.510473898960669,-20.068679083526945,-9.909321529159314,3.471052531771022,-13.145715923220457,-2.6616079721131456,7.756095310844472,-3.7317307148244936,-15.53727093979711,-2.2803181854535097,0.8322801105761144,-2.1516751306500197,-0.1971293265832088,0.021219999723331995,0.07488274003638296,0.15870605072137067,0.16805296275090154,0.14982644455045957,0.18791043584326816,-0.11428882841025613,0.34270061583672984,-0.21521403123395721,0.138617871665784,0.06884209568185895,-0.06259572546306025,0.04694466044945733,0.03130197840801552,0.03737609861266922,0.03294150414301611,0.04112890076901987,-0.02441219570461639,0.013408100077956675,-0.003590443418443501,0.01988519015191237,0.025954152811715092,-0.008345740542649027,-0.005500203949227733,-0.0044946542854010785,-0.013224502208259103,0.002687354135051556,0.010890243768561403,-0.009904148290780679,0.0029010805342579715,-0.0011972967734150686,-0.0007082294677021039,0.004256291731651318,-0.005715047725832534,0.005871021528363052,-0.003900335316767478,-0.0016174196701899124,0.0030589540357319756,-0.00047062449163148834,0.0021197850842959998,0.0016263668080302995,-0.0014831443844882664,-3.55951019720413e-05,-0.0005104847883885544,0.0004414180026993675,0.0009494195271863015,0.00028012931668586205,0.0005037238702017,-0.0003795539366548018,-0.0005191983666400501,-0.0008118218033159597,7.886691551418912e-05,0.0004239339447241943,-0.00017560725230716424,0.000386908789099083,0.00044888224607458893,0.00022473743138390345,3,NO
-27053674.30800599,2747202.5061168475,4797.02231082262,24486.583238823456,-120723.94381282822,-36874.763529880365,-37471.01784533986,-65323.85792492239,17316.962411362794,4528.331230248307,4361.888346540789,-3533.3376761678082,3357.2927579060633,384.01988266411286,-918.2460130086838,-667.7081830397265,340.4831537951432,-659.792472194504,-111.51847845869503,-72.8986295696202,79.76358981989796,-1.4225504254957002,-55.67342160903772,120.47498006275926,-27.475579560272436,-41.53506739633542,-25.965677620444126,-11.138453421592658,-2.1139481320414575,-21.68251551259071,-8.99145873462544,11.358344262968899,19.660549520333063,1.7106061864183744,-20.101730874767377,9.534825134812962,-4.423657933974171,2.7410405106111284,-9.024797487920125,2.919216017786539,1.0346225396977005,-1.2947130309903159,-0.31511787593407803,-0.20626968918864153,0.7177973529629256,0.6334993600872814,-0.3836073742932484,-0.2865228126895758,-0.0688399764240919,0.029252352393714185,-0.13140911859893833,-0.03670169808235535,0.029068744795955226,-0.02058245906203715,-0.1198074459346734,0.05483308372958695,-0.00240301818740285,0.01797262477181638,-0.02388649283752642,-0.011768278297691559,-0.028557702973828203,-0.009066029830137268,-0.024116826552279425,0.009230622543976885,0.0007018642162979205,0.0014565393126484416,0.013059139910964274,-0.0032006214369013075,0.002013347246050068,-0.0021188181353161695,-0.0008576073981919619,-0.006141898866488749,0.004329019803845036,0.0033525759309660508,-7.920258596749719e-05,-0.0019950243799971012,-0.0011818638657115077,0.002140075807107067,0.0029882564105059295,0.0035106275249670027,0.0011387574064980477,-0.00037410472094423497,0.0010438263340417642,-0.0007606690587432796,0.0005332218746160189,0.001423664675276659,-0.0001013467812769342,0.0002856377255718856,-0.0005247609584240198,5.805498870903314e-05,-0.0004853757287197613,0.00023456521021598693,0.0006321906311177461,-0.0005807896437991511,7.699791516378729e-05,-0.0012677838913695057,0.00035578621599372494,0.0009944006103099756,-0.0002532430610092118,-0.0006055179943114664,0,NO
14479943.803729534,2733426.1204583654,-727950.6549211085,128753.86147083645,-192491.58508535498,-126852.5213657088,-21647.70631042285,11651.669184853265,-64735.820415693015,69557.41098011266,-31961.92587272056,-18387.340932484207,-1037.9439348412925,-1597.976917402258,-965.199964786234,1185.9874812852877,-266.94025517011187,-502.8016231037768,-0.343502911005686,148.67566909892514,-26.542393776445067,-203.24955327034507,-11.863737043737075,39.243395587231475,-10.003905805362747,37.555369057581515,12.183909445258223,30.09362686760278,-28.18075431404631,-34.64024568297059,-16.61382251234133,0.2502976915362751,0.767291338550848,-4.8357239739331135,0.46858148212659145,-1.3353474486549288,4.522141075733167,-2.0679449292915137,-6.103659417522977,-5.208904419721549,1.618448040570108,1.785369431034411,0.6031900135633776,-0.6815008252979102,-0.031124601428089704,-0.04618309167666368,-0.07614325851268067,-0.09507567344999446,0.16984744913942018,0.08561991612401426,-0.13402226907937642,0.27241643099315693,-0.013812425991162058,-0.03482121256246762,-0.02412133688733542,0.07646661129813503,0.03372423879135411,0.024702935865296816,0.020235316092615863,0.007876515606239032,0.026439512154251332,-0.0053601559147171685,-0.00901620724515273,-0.010314761340786127,0.01217807063691656,-0.011637753213284974,-0.0025045223341710887,0.001416746644810618,0.0020299295425091346,-0.006392374773283249,-0.01219561478631559,-0.003582129139726664,-0.00836375866620731,-0.0022907974005831333,0.0023686442765029625,-0.0010328846004838965,-0.0035926778046175833,0.005640611218192149,0.004233463228311862,0.0004680077666132654,0.0006133631074484169,-0.0032905008587833517,-0.0018561367542730967,0.0009065727812567759,0.0006334294438627985,-0.0009280869612446896,0.0013749337404276307,-0.001338674639581705,-0.0007064344404771328,0.00193814951908311,-0.001241750043705414,-0.0001511460667128501,0.001018181406255536,-0.0002584734381612108,0.0005258809820120336,-8.043243261392739e-05,0.00010196611907462537,0.00024500068692323573,-0.0002970230623276504,-0.0005492077033880105,4,NO
-26941563.880557537,541568.2068132912,-127939.81411743502,-21378.784136248083,-67213.16817911237,58739.862523034426,10160.61680667237,-2376.008688687136,32450.23750809458,-5481.323189048489,-9231.18427595947,-7418.233503437485,-664.3196596225789,-2108.658719343797,76.4501184284727,-298.4943791786154,172.24751956261878,13.730734532750262,97.14822374072773,164.66674065381028,-45.85002933032223,139.29503338908222,-42.77555527065371,-9.711944267462599,-7.128575154752232,-8.453108852357786,10.97930860253166,26.49820106138816,-27.953273920384873,-14.900949105061471,5.74370158912555,11.052965684476817,9.327303018520723,-27.93257575413122,8.076633851582617,5.193909029631115,3.0818332893039617,-15.35158489207356,-4.466802254771892,2.0255021563785505,1.721791627458778,3.6116196551654127,-0.0636077045661807,0.2779556834734378,0.5833028309014345,0.08159309386452662,0.04957960492174163,0.10823185091165399,0.1252728962217371,-0.01583486992699188,-0.05910957641835779,0.1285204215786302,-0.04890773399182713,0.10891962287196355,0.029371732494849923,0.0395378714068777,-0.08783907296183457,0.01850274341402791,0.008632300109495228,0.009160384480385808,0.012142877287422138,-0.004090206605273039,0.02806585703204456,0.0069305869871367776,-0.003800687736844832,0.0053237117616198315,0.001878661590039854,-0.016066701596538557,0.012428111745580672,-0.002733921390137284,-0.0007582417491682758,-0.0014700584603080102,0.002595914471890559,0.003049915411062032,0.0010707466847181824,0.005744600529879795,-0.0023739762304759715,-0.0010660301919340753,0.0008755413673209311,0.0027782746163993455,-0.004844828355946462,0.0038899311396152214,0.0015746239605411994,0.0010563564552279192,-0.0038451554534376653,-0.001303242192912446,-0.0004657131191763142,0.0008220401149094947,-0.0002174774085137443,0.00023348226438857367,0.002404535715387457,0.0005403168720745331,0.0005622384002673675,-0.0004118551610869936,0.0002966727861419549,-0.0002241608146358147,-0.000236488655398737,-6.509561020484611e-05,-0.00017004557598748749,0.00038416160743687255,1,NO
-89668807.25560385,-213895.57837299304,-169037.66402402904,-65345.262916628184,-86167.11883278593,131298.26470191652,95006.5397993059,31948.53231174822,17469.4810763016,-17102.65180377399,-9151.242275545745,-6599.447042174652,145.21597320455112,-3089.3349189397513,1679.9257252577518,19.03895278441769,-289.5835521011469,228.64768175438246,-163.77585230641014,-233.5700118171854,-48.57206771384449,-89.78215481405039,50.41713727320092,-0.6598235997183508,-14.798116475285246,31.566715902154215,6.42702348888713,-7.435830700776648,21.84934444742504,-1.5105439210942109,0.8497450889216225,21.621961699738335,-9.634301070512947,2.51505475456662,-17.088349151587202,2.7918356657869765,-0.33986550370266855,3.7312241077809745,-0.97758573137844,-5.813151802335668,-0.5020926715357348,1.3559876465238858,-0.9935793688952117,0.5683082215123378,0.532234828612868,0.7188913270783708,0.28568314591193555,-0.16345892442405185,-0.045576077573912244,0.2825286324379989,0.11344214697126187,-0.058306185943937106,-0.21439239285668954,-0.05654493875277944,0.03730139091234275,-0.0366454488765488,-0.004865609778760938,-0.14592267256283753,0.021105497400560447,-0.03385950198693255,0.016041175480639325,-0.051564353864581136,0.01428327049217426,-0.0018326897343774462,-0.009668792810928029,0.006918533681509187,0.0036212722264227226,-0.016077546419456468,0.0019015116886770267,0.012794123089953424,0.001800043982543631,0.002856786061551375,0.003534560104959894,-0.006077576273021412,-0.0069732643600683986,-0.0017771777339163908,-0.003926377165209161,0.002200031303504435,-0.001634016023188689,0.0032138562045140873,0.0025723153064863835,0.002187831845157806,-0.003124811979558828,0.0051043268042806345,-0.002423095321054003,0.0010819176626656324,-0.0016095809789853366,0.0035426855262753465,-0.0013917932800693311,-0.0014590845510962236,0.00048710259867523753,-0.0009454896025434065,-0.00019398011750348942,-0.0014174356390465048,0.0005133757445956871,0.0005400421206395098,0.0007500336898488055,0.0008916216255892007,-0.0009154404135854333,0.0008304996236751516,3,NO
-25784491.58744788,-1676051.6949557299,247489.84010970604,270364.6407534737,-57939.60673785,-18459.373709275635,39312.53590521233,57402.80023135657,59536.25238903612,24064.38043469148,-13883.275136964177,-9968.13826774314,6213.175814686087,-1116.1029236126237,567.7406166082346,-78.43960589918356,252.48887319347307,64.36683771413107,-177.63544638361876,-138.26360058775435,-100.8378646115678,-149.22561956779867,-16.48560989627535,22.524073547567596,41.09879285640767,-11.13045423798576,-16.53803637106239,-8.968024335737255,4.227785091797045,17.84989644698304,-13.78092736621457,-1.4020388865762925,-7.514243320908463,4.164104475297961,0.27278225057833083,-7.537725233338705,-3.7022184469524984,-4.19964382501297,-0.23254799503797585,-0.19174138188711254,2.760540740116582,1.9876581421302717,0.5104035192944139,-0.2830373950254752,0.0007518783619957503,-0.21106476378030692,0.11467512733097784,0.10908053656575145,0.046464890189336305,0.10540242754899527,0.05836622970433858,0.13621192382220837,-0.03370184637746032,0.04012368605734151,0.029310818891691515,-0.06753150098601451,0.008243799936023866,-0.08454759986644245,-0.005224666503730546,0.06549640329471096,0.009054750619542418,0.03221833130785434,-0.001677592193914501,-0.010569035713026587,0.006136374872021122,-0.006996850337510407,0.010217511634345616,0.012977623301523189,-0.0047662540647028795,-0.002469422482357597,0.0055993734398930295,-0.0001796687136885744,-0.00015254878550496898,0.006938287560049328,-0.0012055848259122648,0.0012024636580969528,-0.0034083128712509847,-0.0008235691990954308,0.0008793117181564725,-2.7795585626710917e-05,-2.9253752225844032e-05,0.0010958940033283238,0.001140312146982403,-0.00011719079984334746,0.0003174199976958558,0.0012055063715424863,0.0008745410997723635,-0.0012682556278362789,0.0002882539552719887,0.0002895797182693727,0.001467779006939951,0.0010807444583194794,0.0008653835675771493,0.0002900762878965679,0.000667960753611932,0.000523737130493843,0.0006995251490313544,0.0009301372790924134,0.00023908304292569182,0.0006870775464246637,4,NO
-93182937.35604787,-163860.62563404394,-211717.4591741768,136240.39436318818,61127.987416417745,107506.74486813464,-20378.24390927809,29130.858016502432,51578.23993347341,4710.999041065651,-5151.001451457669,4690.24900116233,6198.913633727099,3050.2016909231183,-256.93697841483663,99.0809484676488,-739.61207144589,-47.296378040528396,39.29941820873,120.6410636794127,74.99789796675367,-178.62562145788866,10.610419942585054,38.10685181823739,-38.21952681878951,27.356441410272737,8.943475775387242,0.849172307990159,-11.824905229347706,-13.589595665297466,-10.982886790325267,-11.87730434493767,2.991489690111365,-12.611831881284388,-1.4904796076628308,-8.593189547805977,-2.911396360620561,0.9222515146051933,4.178395600334454,2.2843874157141073,3.918807986284726,-2.655548770681719,0.5272527179196231,-0.11486632596410695,-0.385113617808301,-0.2844630077476644,0.07948272618099139,-0.06732555706098031,0.1951984215790059,-0.004420043611395853,0.03263855003956451,-0.02638060997226388,0.09711596631481267,-0.03222341699104336,0.08049541922322234,0.15200264157725318,-0.06133674562530089,-0.03959781815788821,0.058222651838454764,-0.018179148860294703,-0.015319799397345513,0.003267882686897039,-0.005260469942615309,0.010336003856111553,-0.022772817485094965,0.01483474806019669,0.005991847342723761,0.0016397471413684972,-0.004816045397770474,-0.006782541970472733,-0.007675869104326716,-0.005482166661708643,0.0005453652313818225,0.0016643599104964046,0.009072541171525339,0.007055719583206166,0.0020020328166596713,0.008527861989839014,-0.002905284982056777,-0.0011567898337638827,-0.00523750141096091,-0.005074672767003241,-0.0008056204817303847,0.0012329922400540205,-0.00010396111667543284,-0.0010006972795608693,0.0003193794310525355,-0.0005417397140767832,-0.001040137121640916,-0.0011216640172189152,-0.000913352766171327,-7.437442659813387e-05,0.0006593279160667098,-0.00033751896996914166,0.0012043732250140438,0.0017767257303273973,-0.001391232044665536,-0.00021487606852921282,-0.00032438742043044977,-0.0006726053493125161,4,NO
-49685548.84423888,-239369.18554065423,-112468.04167104058,36455.16292381444,334481.1152339699,68238.24139076046,19132.392163990735,-3689.2473267264213,-85095.0234985895,-6388.562970813182,-2552.4907231189027,4750.509768104574,2553.563256391215,-356.93849104556296,333.1939759107372,-151.18868184849043,433.83593226190186,187.07502489015383,126.38404121968952,12.852300648017035,40.06394155608797,24.179272055459933,63.45086647945794,-2.0241470459601487,-8.294880657071689,-27.38328130509069,-23.745011140176587,-25.727663669184267,0.07884615193498234,10.745574800706535,27.437369939224396,-31.14326241140941,-6.700392443652106,11.075263433929706,18.549794290924122,-5.507655667833802,8.0776167560157,-4.009708297635029,-1.8191481920618457,2.0767980111602355,0.4211644846208813,1.8111366387108063,0.5885157565967916,-0.07064106156503458,0.44036888434625965,-0.08751011888029936,-0.17127028856993842,0.08838713419084288,-0.22069506978492948,0.04743014664160676,-0.0052467393636783655,0.09061985990657906,-0.07955720728856885,0.002676001213790302,0.0021959289552473393,-0.01837915167246984,0.0387285045747916,0.03532374377459924,0.029975698156209152,-0.0075921599037975795,0.019304596478296965,0.026713329069641745,-0.001508179867823256,-0.0036410077024253695,-0.01006972636057335,0.019175031351032823,-0.0036616033349125,0.0017276760023298698,-0.005461775153214665,0.007282449746034314,-0.010902926650529277,-0.0012688779180343168,-0.005796299992004705,-0.007238455932488175,0.0022282924012624328,-0.0004411657370011479,-0.0012417231426404829,0.0002620778561648329,-0.002160057697217166,0.004527643035254547,-0.0031056381926772847,-0.0002502668084154447,-0.0009848235198695043,0.00235487600635631,0.00015731071969349308,-0.0016800510509790145,0.0016930634447969162,-0.0019143641246950338,-0.0015514397065732877,0.0009906115146527394,-0.0010707761198633925,-0.0010405174148180952,0.0013207607338877603,-0.0008805587041189611,0.0009541804503947482,0.00016223116835147218,-1.722247088988861e-05,0.0004774120972992346,-9.356917144637267e-05,0.00034970521989591274,0,NO
-46286656.44809115,-435617.5359727298,-209672.30986156908,63553.28756951942,36569.16292437233,-29207.91789638318,-26543.048355016137,9356.179743906672,-54544.63158883751,-16224.974279276721,-4523.972315078096,9653.974527285776,-2283.867579906295,-1407.7145456457026,281.0547837223912,-395.7057939630206,-31.00837736146616,71.28810218198703,-25.73227151081487,-197.29159328009086,-115.85305799310595,-18.88767879683857,31.7844247178071,-23.589391742365173,10.138324660254487,18.44508146169494,-6.736904643131481,-15.470448146893773,-10.090549387475846,-12.769646463968513,-4.035718187704305,-5.4436561655865034,-1.486429046903794,-6.761352386224075,-7.929273076422227,1.0946936150565563,-13.69901665931824,-4.489739184521625,5.265842430123428,-4.434782394032553,-3.0257243469750996,0.6982316933218726,0.05574411384567668,0.46943078667856053,0.870882296171505,-0.03171891260399562,0.12162294616148284,-0.15061123216051975,0.061963504919169576,0.0715703778870854,0.03181990440888072,-0.20502238518600313,0.013617849864281162,-0.020684087732322,0.05837958806898014,0.0010993994934255236,-0.09700554700844854,-0.01701432758304433,-0.04227178072107152,-0.011691845689945524,0.006175655549959913,-0.008677757673675401,0.0023897026250107034,0.026013203799518436,0.0005781448407491396,0.0004298847469896838,-0.009277521412903694,-0.001826459084862453,0.002069884011258849,0.005433966580120353,-0.014533001295120695,0.003803369688477609,0.003217296672777259,0.005619035968319697,-0.002770440656868045,-0.005773007781131767,0.0033700906656386476,-0.007333900808122795,-0.00568723117310288,0.00042467290910219724,-0.006557334909299106,0.0003185059311627825,-0.0016900419719338977,-0.0026933651048273166,-0.0007167600689169662,-0.0018030972941630585,0.0007583433539406492,-0.0005974665349381958,-0.0027516120108680986,0.0008725344378790467,0.0009750434313720024,-0.000676191139907069,-0.000394860518835638,-0.001227391736528749,-0.00024107991040432653,-0.0007919211057140808,-0.00015733755174032228,-0.0010921010410007703,-2.0445222966014587e-05,-0.0007015006596067797,3,NO
-88461944.7473802,246413.28343802504,-39760.66472779552,107134.45056156418,-27237.8560326547,47148.59406466083,46614.668723327864,-32033.868077087536,2971.3031743141473,2468.5468123452265,15544.726774127046,834.9444231214729,-3967.467587856736,-995.3631042875315,8.355629809468155,-235.47315096874672,222.1657672335586,234.55121774435946,331.6246015827577,-173.569788385126,63.99873616787718,-139.209251057093,-0.5762973721523679,12.601913772668766,42.602778604762435,10.990741415994762,21.867304963966376,13.516567288442161,16.55216883740451,2.4576360324667803,-19.44809995444291,-13.27709307810801,-8.54461029158685,5.943383893987004,5.156776532504466,0.8096548275863569,6.0098899491957205,9.409925637625008,-5.048571567328452,0.8350222702263892,-2.961661013903907,-5.594083899370993,-0.6968071209727924,0.4432305092173574,0.10474975733951197,0.03001818054598715,-0.21901212971708528,-0.036091859471778065,-0.009956992927660835,0.11296978241734075,0.1257046272491813,0.059539923598361355,0.006876469841524013,0.1274251518255467,-0.03092410060830897,0.033740703338619116,0.029981853936321023,0.020514415215866055,0.035766073692477196,0.038645142112074815,-0.060911248164250864,-0.00396266109082255,0.011575181457786354,0.004675127871912821,0.010726585635085994,-0.00930411890323568,-0.009993256789324167,-0.0067647865158774745,0.004528442160020574,0.004754701164510489,-0.006857326675831943,0.00031477074061525556,0.000418784996557342,-0.008138339518828142,0.0012444752993472363,0.004627673945253541,-0.0014719740801134584,-0.003805763551562702,0.0018731566481311468,0.0022744244437180594,0.005342521365742425,-0.0020320114686505075,0.00016882053410416376,0.004229301044632511,-0.0012304454408228471,0.000751421211880432,-0.0005112670591185253,0.0005121595901392828,0.0006152724522207054,-0.001148315783433107,-0.0016980445067440453,-0.0006347589382753489,-0.0009531184231691414,0.0005787765325425687,0.0013361945453534418,-0.0018142954303767694,-0.0009736740442528816,-0.0003324358129908056,0.00026900458455120235,2.8902584408185827e-05,1,NO
-84552205.04443663,225168.9146530158,103613.86080833722,-129414.22466664787,29405.900515690708,16134.252548695018,16747.082746135744,-32782.306929581566,5168.211518489814,1887.2803335958524,-18421.606505659143,230.03760093504388,1216.3979554108373,-282.8092439458612,1135.4780387993396,-132.11030336524323,397.9090347216595,197.38477088944785,122.13981714675336,-125.89718883866385,-39.440229946520844,-18.612793665288677,-31.13758563787863,-27.452356578728704,10.573626710373748,-36.12479410974004,56.10775468490539,-27.37956861768737,-4.695121247825199,9.936590734529887,21.563972051341665,23.58096022561142,-7.190352130978937,-2.029019017083783,-9.780938757514868,21.92138606369126,-0.7929871029262792,-8.34207620772088,-2.316115571504781,-1.066905315565819,3.099570085872564,-1.246607099796094,1.3886377064388853,0.11169976829185302,-0.045384128068672425,-0.06541202548812919,-0.2503124406248549,-0.6221112886305908,-0.20978627995400556,-0.16044599981500662,-0.12191573138350265,0.018063924703696443,0.023959177097848894,0.10575019426879972,0.10051788222373537,-0.0028352255551531425,-0.02668891380008409,0.02140714097072216,0.02337542735446374,0.005038093295062218,-0.010629539624987139,0.002616847284709678,0.020402406288711816,0.015175404728124064,-0.0003073556583843562,-0.0014546956294723135,0.008081140145669491,-0.000308022684852971,0.0032551433274466968,0.002864785548144233,0.0032175814425237093,0.015598794489959822,-0.010083781623385413,0.003132512427954981,0.001396166295650092,-0.0014253072136169997,0.002095178759752736,-0.004474013662797205,-0.003023201747897275,-0.0009928508828114246,0.0019960976476146586,-0.005545939379804743,0.0008725135702989384,-0.0009083981919874029,-0.0002453744955831505,-0.0026546193026270037,-0.001841311324668693,0.00015136817221383936,-0.0012692013007532532,-0.001038742682212268,0.0005419245372779713,-0.0003495633803276511,-0.0005527196006255286,0.0005105690180835509,6.286481908077124e-06,0.0010295812522740436,0.00013536021693525378,0.0007255224160633844,0.00022353823209647627,-0.0006333990912528731,3,NO
3342556.9536096454,-1667877.8118482968,-195205.17568061326,177646.55651878665,80222.68968608504,36764.00079266927,-105417.29471941869,8759.288052079195,33513.801931577094,12000.449903130813,5343.036106220798,22377.723875472635,-8269.77125265534,1292.3843377385797,-1316.5676278621795,-108.21390471496443,235.42532751506297,-134.11539378280534,80.56344090662841,142.56176686446986,-9.643560206576865,-3.5954140024233823,60.37926233194929,-27.03691760292744,-5.743293064426318,-18.07953610123809,49.612514674428326,17.41999353328555,-29.033049496762203,16.32536132717553,-2.5537464492804247,-14.601659962121175,-6.484008068421872,4.909238005302143,3.2007413242149134,15.064816542842095,11.177350225548892,4.21464965750522,2.8082229393963303,4.5364639901205095,-3.234577705489027,3.254251175838448,-1.482749507885032,-1.0938267657995928,-0.16791819826342547,-0.18439648033930922,0.2608830458389635,0.12699445602726467,0.02786266866484155,-0.0500573226128731,0.05439597134660268,-0.09581352290367784,0.056214439097734825,0.07938023425519836,-0.03413214058808567,-0.09606360146018217,0.03891938140033302,0.020543628437021955,-0.0009533850666672006,0.02668993033774658,0.025784668219369866,-0.010379442280255446,-0.008270481289086473,0.011093366335464871,-0.04139296538122794,0.01095564505705604,-0.008210731057719522,-0.012795104956863312,-0.0007869443542345422,-0.013412022784324767,0.001844485386649941,0.002989051151256472,-0.00170626906280269,-0.008737136793714018,-0.003226160731585326,-0.0035664553004841615,0.00221423004927912,-3.5364202894960783e-06,0.00018335250893253274,-0.0013456933216655642,-0.00010183844365785344,0.0012411959218199264,0.00028834098532271035,-0.001017923884212596,0.0012875029084155054,0.002198795632849082,-0.001162187842537854,0.001669788544129247,0.0007538811711046423,-0.0017873679050028901,-0.0007479764555868851,-0.0004906464198787767,0.0016810141734049378,0.0015820433422460978,2.671819906152617e-06,-0.000299070980521024,-0.00012874745460347316,0.000429375693334455,0.0005139686952284062,-0.0004859466700722348,1,NO
151645933.7211209,1529565.2718700445,-194212.51846945228,133375.57988529734,-94240.82172473491,160359.85987356806,-90806.16321033085,-37985.503721815054,11353.957104215631,11229.650796879285,16830.390757899568,4331.94333831509,-5914.007630850774,2618.623198060845,1968.4304216793826,256.3600490826916,805.5811706615482,202.15976075275609,-770.1496000403301,-5.230756904271175,-184.95589205283886,140.07892699324583,61.75847173574721,43.56463681229822,0.6573432407120627,24.46671222710745,50.85348779973134,-6.127301780461494,4.0524071456565025,21.2407533121615,37.81701753792274,1.7759300331822487,18.78507893439891,-2.964896100819942,5.966976955974776,-6.665459828111153,1.187722524767004,0.06573296107404758,10.778428660884344,-5.32968581778627,-0.8685215023612116,-4.649706014943476,0.12205310730065833,-0.3612575749679259,-0.38803913736736106,0.3384343104673455,0.055711999004564916,-0.024568398779234446,-0.2746772710687355,-0.1512966103473411,-0.10454805207100115,-0.0682758495343383,0.033057921735209383,0.05235204518473635,-0.023470630068214593,-0.059991284887374374,-0.010883670631106401,-0.01645671099505952,-0.0021406732835627107,-0.011018786588417484,-0.0305485489946431,0.018790203598580746,-0.002808708121293524,-0.010050588138929228,0.0005083187469194783,-0.00190899836067282,0.0008826523843824541,0.003007464406559912,-0.011144413618731419,0.004344721416631447,-0.01720971655907233,-0.009655998435885493,0.0018728933023757222,0.0029052666939141103,-0.006157262028374522,-0.005329658567538642,-0.002006616589075305,-0.003133469299787972,0.0013568629939584298,-0.003610924199321186,-0.0013706388776437706,-0.0014972488608115953,0.00010790932321591562,0.0007598753366863109,-0.0011376799654593261,-0.004877737738794852,0.0011966968903500685,0.0004133804883618142,-0.0015626309422058227,0.00014433028266003234,0.0013003540541340897,0.0014311637212696942,-0.0011392650279496985,0.0008504577349069953,0.0007295099104788344,0.00031842671933914393,-0.0016979450070109484,-0.0008772700587520443,0.0007595812699491833,-0.00012938574480064746,4,NO
-29531443.149222255,18879.26643344434,-37085.10569042293,-323932.9862643635,-191765.34642721043,73843.57169371734,22087.62422868756,69006.02180344742,48705.32617672486,-16645.442459835325,-22396.72306024834,-1786.7050689434254,-722.8585684231693,8.706971308047969,-10.836526708222664,-159.43454982731328,316.61713457995546,-156.7511937458251,-353.153018161207,235.20235095185035,-186.2380079661229,-40.651657509945835,61.81350345564857,-5.6135998010709045,-23.430618699071307,-34.621252838049486,12.44710187574367,30.89418731320194,35.65770907992771,0.6682815971993108,-25.4828966731217,-11.371292861429538,-20.482714908841785,-16.02416470150655,-10.763968534280695,-10.783237876677248,-4.261506452457894,-1.484446540403951,-0.7272608534778442,1.5956356003094072,-1.364909026980314,-2.2558694136280764,-0.7323318555567226,-0.23711291084549302,0.6365634526701953,0.2319207673052084,-0.22098836444083858,-0.1994885742927046,-0.10077723762571056,-0.06951330691175685,-0.06820695541948041,0.006026254259411612,0.08978811959026256,0.03332258877858063,-0.017452547627538006,0.02928786325443833,0.019494665229958574,0.02965537191089629,-0.011871766344804913,0.03445356862384141,0.010714422695896175,-0.04290855575552044,-0.026184658857115295,-0.017105194502335053,-0.019538712286735427,0.005995489416734001,0.010022772880999481,-0.001147401781707802,0.005959677557307308,-0.008552629612164186,0.0033005932601043453,0.0013195057894255235,-0.007093276950988603,-0.002052013994170654,0.006854105619756412,-0.00240164209451299,0.0018849641196732048,-0.007365476648211633,-0.0008719838596706886,-0.003796518740489363,0.007030185146913448,-6.408980928029884e-05,0.001362448662243665,-0.0026473814851651623,0.0009444830350598954,0.0001707716421627259,0.0026140635557008185,-0.0007703028530209322,4.620274904110211e-06,0.0013743156027605785,-0.0006892307393353558,0.0010732534254169201,-0.0014728747208622162,-0.0009737866773362747,0.00046127870048226494,-0.00022651693627527732,0.0001847373692744677,-0.0006316471314298244,0.0010401241327199773,-1.7856028097729126e-05,1,NO
52838944.72566497,3431342.342835225,229107.18682386714,-236339.04042162542,90782.80993424146,-59775.434553285726,9034.974763572769,110743.48581494541,-6796.801081199606,-10933.881062617274,17607.606077381366,33081.39111116724,-1068.7034313181648,-546.6193963711821,5381.802506328762,1448.058025119129,-1788.9668629247299,928.4604950905384,296.00877614746446,124.31753665781378,-34.033797564120846,-51.3346816226952,-69.61487877727333,-5.749434536132583,29.67652047146903,-20.228764205720154,-119.45140261317528,-46.70801323827675,-54.71700123579467,45.84315968078062,9.093008894982262,7.835788568197245,18.540685090847887,4.252332288624814,-0.9330388550814916,-10.350203345962129,6.41742503751226,-4.183918825227636,-1.1339581372678822,-2.828916131354518,-0.6268721502129324,-0.1745048383388621,-0.07878324955451887,0.8241623608400181,-0.12630848776055004,0.0013033300204874365,0.1916879304041288,0.23254974763116376,-0.026619666689267518,-0.1832980123486368,0.047802570824647006,-0.012162049200067582,0.02400325233910383,-0.12627560813961414,0.0445564286904343,-0.09447395835684586,0.01316846222164747,-0.05945585148616761,0.014316871783094598,0.01124550102614208,0.0016427007826154139,-0.018042709420750924,0.004497201556575736,-0.0018034149638337382,0.004521361205783947,-0.008916865244475103,0.007319839941189926,0.0037943159241720648,-0.0012605069710402983,0.00024862179542789464,-0.0002945864980056223,0.003931025628327589,-0.008393880464883097,-0.004809555365191676,0.004011587443209619,0.0020720345032134713,0.001066097668317223,0.0036887384411308233,0.003155575510651598,0.001382215879976778,-0.0014555222475159946,-0.00014572438240989527,-0.0003395077619472442,8.97659737636447e-05,-0.00047178524854352144,0.0016549103559602152,-0.0006839491629277994,0.0012269093532870645,3.466915113597979e-05,-0.00015868433206955856,0.0005996516131157037,0.000658317572304226,0.000470471674561157,0.0002653967222332465,0.0003304279465368293,6.032146179870204e-05,-0.00027814130313677,-0.0006902089534148725,0.0007080148351856219,-0.000298632589979253,0,NO
-28938057.882724464,2401706.1956550665,-14786.565239139949,-210239.35634445222,-129955.80330731248,-63683.028905660336,-137737.42102301045,5787.898969903821,59089.785063935095,-1708.6425257294159,375.086789954943,-4759.644777397276,1445.9154996474754,2870.490468491196,176.54891128859708,-217.68468675026702,398.7108930279353,-188.01578085592092,549.200489262288,-17.373575245895836,77.82383798326572,101.92727652259357,19.840978523883052,8.546510784566053,-63.94855370157734,-34.56017117163731,49.63280641057122,-2.5067753173965457,5.871948609844878,-8.983122627678924,11.249307533907597,-10.642647490635795,-8.223426403005561,10.354493305759718,-13.360485628368801,10.483534649168291,-14.098717308190052,11.195886302090287,1.0514278754505426,-2.771814090220346,-4.320118849030081,-3.666031840097972,1.2422234655185633,1.0246722220128706,-0.17356575837855104,0.06383847601614434,-0.08564150634964829,-0.06072792465850352,-0.3088976853099594,-0.12685226902549002,-0.2314830143010731,0.1388127290453407,0.03726075405234308,-0.13145228581717072,-0.03784268953238756,-0.12119156708296924,-0.02545115341072668,0.022501804603217046,0.03553848394382042,0.010179863604167672,-0.029617596102506916,-0.04894753871050028,-0.008803971678166045,0.017752193658099102,-0.004465300940667216,-0.005281697886151626,0.014720992192051585,0.008678087658331834,0.006290030830940152,-0.0016166054221030124,-0.004838014785383704,-0.004817069758343173,0.002993427551742478,-0.0011857027499970751,0.004362023487919364,0.006199491828649872,0.007125520985642453,-0.002592177187458855,0.0029637169127623153,-0.0025797149837669675,-0.0006279935499381439,0.0012835615005557521,-0.0011431058546342854,0.0011373463642846138,-0.0011245200045618686,0.0005192200635905087,-0.0001196426968170794,-0.00035987280221738693,0.0012287436250421613,0.001074946812354094,2.0019368505153068e-06,0.001155436765076099,0.001112350183573696,0.0003306094145064664,-0.00039290095326907637,9.506292726307528e-05,0.0004939000559185166,0.000743753837004757,-0.000860972453523623,-7.951642592357588e-05,0,NO
-36574073.74862766,704452.034374305,-35456.35051836795,107825.25809886097,101598.03627311083,-4848.082313505554,-58400.09591394291,50747.43886551156,71113.89513797319,19532.62089982045,896.9943348703764,-2233.8089030512347,1281.6221581454483,2448.1764398780297,255.29788552687023,-119.31846309392154,764.5470455280418,-443.9305516175611,-50.6324984184147,-3.0427992684061564,45.28101627312401,21.79134769465736,-7.365263478979273,-27.128431782723183,-7.45216957895002,-37.450259893904786,-13.91697556780025,3.992868456999588,0.14857956197181466,-3.2769873717944904,13.990873824392395,-12.281593126197322,0.4725083471058156,-0.5579518180129526,5.099139407329709,0.6080885331929977,0.8729079745651624,-3.6983743030121445,5.671255147150305,-1.835950630004234,0.8250253568923824,0.5504950332996117,0.05688589108260089,0.6849165441618617,0.6703355048664292,-0.30473112022279736,-0.16711943989908828,-0.03361162373488069,-0.007126840930997691,0.06487868577326006,-0.1579408986530524,0.016708567291341403,-0.05934769503771875,0.010220475186965672,-0.04475833517520389,0.020483706555626036,-0.052170310385449614,-0.020869487231532258,0.012752869786682552,0.005917679043431434,-0.0042438669399813556,-0.017544209248010034,-0.00416738865988131,-0.009827318756338244,0.007179097706565329,-0.018623005465499887,0.0050496811868690206,-0.0025970127577535917,-0.00040555912144979445,-0.0019105446285562766,0.0007002158085573917,0.013039472132339469,0.007657276375902633,0.001467588522939156,0.001276916261212957,-0.003677577676738819,0.0015763106859156828,-0.001770523548509484,0.0018404423943088055,0.0010396442599653888,-0.0006219187337528354,0.000187894119023424,-0.0002691187635623926,-0.0024056189839837816,-0.0022737022186005706,-0.0002020519436815027,-0.00010495490633899429,-0.002289652269016784,-0.002028575541868971,0.0009472876700273858,-0.001401873328975789,0.001745058144514709,4.418895364577402e-05,2.769511200384489e-05,0.00032319033509264905,-0.0009404366765328378,-9.939624569523832e-05,-0.00024391330230888464,-0.00023890119361552609,0.00047324120756114807,3,NO
-62161202.078139186,-701131.6596645908,162712.3508830166,-37148.22320238984,-79410.12320561061,-2162.3475733548257,22413.47281453333,14879.491137365141,18062.870652977726,6583.891339864147,-2740.823253463206,-5270.6825354807515,5762.285996902581,287.99534997134344,1173.8004097107023,20.662618878915964,-26.312423622930964,71.81162916109281,-116.48776976979381,90.166241934131,-185.9189835563867,-86.8411014958296,-30.753186141492364,-73.93252858633578,60.96086329935295,-19.74408383429102,-49.09965125516385,28.32433082535863,16.607812126126845,8.358706896817296,19.09328001493583,14.531672433460017,-8.933507576548863,-23.62700765160173,23.49598239096513,11.17846841780667,-11.614478668054902,-0.2787472044230981,-19.468902659044318,2.1322436992373497,-0.2703796655329995,-5.981345641493618,0.02650428749382172,-0.7499529819539013,-0.08829433223791838,-0.07991793924209745,0.846282072587079,-1.1475571822608788,0.17877721261801982,-0.14018701712212306,-0.2234523382901621,0.15856905747433592,0.05724776687214739,-0.11807097082990103,-0.025251942301200092,0.061531277020096864,0.02036683029553732,0.0028650714217226536,-0.01820440722978156,0.02707219081920975,-0.0037379955858538594,0.008471262044324135,0.003625340721971404,-0.011195666778421653,-0.015786493719373018,-0.0009221579433957849,-0.009341491556278642,0.0023916890376647904,-0.000543515704167219,5.400292547252938e-06,0.007813681932741234,-0.013018008618899124,-0.000789406393157499,0.0018834913756341498,0.0012564722500472136,-0.0017007872911896094,2.5741339088947157e-05,-0.003970919901051584,0.0005502346758459176,0.0009975021794721428,-0.0018673204107400032,-0.0013101128755177438,0.0015724560734080573,-0.0013608739766894085,-0.00122335547682062,-0.0002800681792713977,0.0005617229531613699,-0.0012285783294025965,0.0011525263751554493,-0.0014404213864633864,-0.0016013906811389589,0.000603094071572146,-0.00028540854839276264,0.0009775341353940314,0.00043208970888257425,-0.0006756417599298997,0.0013068436409556568,0.0008889715692748101,-0.00027745027499986863,-0.0008393340374153735,4,NO
74061109.87178636,-1342944.5257881433,515868.8383914554,-149985.23813027685,-393446.90612004354,88073.64481505354,-9423.199920699211,-18525.7928167833,-19417.210340177873,-4915.030923594017,5220.753990421001,-20191.428329776783,366.82457864170647,455.5241300947131,-334.77691217187567,486.51218777895826,-450.961377847769,14.517741564274502,-303.56734789758406,73.31631172135076,-90.08749823829214,42.4240413813977,189.69665472293502,94.23707833206593,42.91417348697043,13.999528428932194,20.131119049844585,22.182518096338754,0.9337812983725087,23.550232527288927,-20.984672247776246,15.248435370592006,-5.174839212719917,11.991786676258869,1.987254556599467,-3.938306452113082,5.734419901157221,3.8372544372902553,-0.4482675003078498,-4.415455940520701,2.5402925528264575,-0.8987960978566534,-0.7946286525338877,0.17509835312598954,0.4007876484843109,-0.131399143543927,-0.08375414062326847,0.01777257043916869,-0.22401101612271468,0.09018112248589472,-0.04554323716836439,-0.15996512369943217,0.014667513388399556,0.057438914784230244,-0.01408844328561587,0.008565507001293327,0.010449026787968663,-0.0029638635921900303,0.030201919035604208,0.03422663436573803,0.013360910525321845,-0.02912386331785477,0.0010329980424386154,0.0023043874605210846,-0.019000165220934617,0.012003069380629894,0.003476180579570276,0.0124342629508844,-0.012462665608408807,-0.005614589781935353,0.011449964252562728,-0.005415156701786827,-0.0015838696883188064,0.009156152034797027,-0.004195462317512888,0.00433789302975196,0.002606854292373617,0.006942963533136837,0.002949342138654387,0.0006602730662883527,-0.0036814031208642906,0.0009879332031883514,-0.00022216408115327546,0.0006102447902696928,-0.0014154504735219842,0.00028840625564541256,-0.0001976027127545965,-0.002115857832101997,0.0003077514198665532,-0.0007060426983866996,0.0005704366306134023,0.00046006331361440455,0.00045506776606907273,0.00013155971967548918,-0.0005450129746912835,0.000654946443229748,0.0003085892841141243,0.00038534253934208174,8.736430634675996e-05,-0.0007472694908495225,0,NO
-3771624.1217408776,-478563.11107970774,-294228.9501141744,-42744.85881199222,13995.507533522206,124308.59349014203,-2320.4109293073125,-18898.227350681147,-7783.020596023474,-7711.518923396456,1749.0067612103867,3980.5548648589174,-2585.2592971353115,2771.691921489864,697.2898482005112,150.18160847308218,-132.2090508206735,-82.7814625895578,-42.6699072125422,227.21240743358385,232.27938498219345,-123.75079170961413,51.60929495437648,-33.395434563051786,-5.544878970799942,-64.9989380661857,51.43853303662712,21.690243469689733,24.932291511962887,19.151413617777635,-10.426610349908913,-14.452860619636795,-14.189662037640119,0.7082190944021249,-4.0315302145890435,6.528937380772788,7.518679378019712,-0.11935757582330098,-4.256055833906771,-2.04494760116188,2.368651487344856,-1.1095270616401223,0.6910520412814662,0.10206318260979375,0.0017928235774569146,-0.008179396572121078,0.259215823168752,0.239969048806965,0.13363661029854823,-0.08828253672611822,-0.13668958048670365,-0.15299742815118567,0.17153272661428787,-0.04668601749016421,-0.0775897848697773,0.04158714958948451,-0.019170430065435173,0.011124882224604615,-0.0028897692594769264,0.004872969023319129,0.017736856887134778,0.01574516214392574,-0.008608526376289949,0.00945810811994896,-0.0006738003826711747,0.004951406999267327,-0.010848262037003398,0.009276634769115888,0.0019159810165343405,-0.0023340896407096356,-0.0027563303060740285,-0.0013301475026858967,0.0012782563332933705,0.0005021707367398598,-0.0014971091265059133,-0.0017103599849130902,0.0029606477572163836,0.002522179085931775,-0.0046727463328664065,0.0019654337609749106,-0.0038573475846999106,-0.0012960681690954434,-0.0003003484799608547,0.0029995838761464055,-1.2394958246342291e-05,-0.00030112846235175184,0.00032159178987223314,0.0022509943616975114,-0.0005222612203608645,8.498563580716656e-05,-0.001231633374680241,0.001308882771089274,6.1016531113233796e-05,-0.001339670091969114,-0.00041709179808960273,-0.00045257298273517106,0.00024001596220266617,0.0009799337251432672,-0.0007869647447751871,0.0001612611083665061,4,NO
55292814.27628064,1176849.1219290933,-316676.5432311882,-41775.99880200892,156654.68799579676,138948.74096554192,39114.6869205146,53049.24787370709,-40873.20169543233,-21843.564362594614,-41027.30052384589,11341.601970957752,-3441.911648403813,1394.3801173359861,1554.0477849274903,195.66640123066577,64.45707991578172,-86.62969311712962,172.9414326909325,317.2460150197584,109.0005209364383,56.41244504282457,60.54817816245014,-69.6063746090888,7.9101390686564415,27.037153080573603,10.46821517807831,-21.381578945849753,31.385276161489287,3.4734339644174526,-4.4590600978986,-2.118968355334232,1.6011021958701974,-3.9683343918869127,3.955262981548014,-10.596561017207918,0.10124870171955891,-1.3445314607095042,-0.737190663820229,-5.669632278073081,0.7836632483063752,-0.8420036854731734,-0.4164692689011531,-0.633011332439323,-0.5050568468807661,0.04690691210972986,-0.29483227617375185,-0.05212781019416424,-0.1936102586531514,-0.033140052186774065,0.054860026599953926,-0.09039655815798309,-0.04899409760128126,-0.02412528208062681,0.014154802834513092,0.011162914529726176,0.00430971940304925,0.04250955559719127,-0.0052571290648602,0.022939170628275996,0.005317381930932008,-0.010805877726498991,-0.007878783071041173,-0.00780399697262002,0.004322523216595098,-0.014954032417510366,-2.8517301256331118e-05,0.0019056604161378776,0.0016986002222940666,-0.012716683616008362,-0.0029996838968784356,0.007372516820191244,0.006598178297657853,-0.005516543150236308,0.0014876542657722425,-0.0032125812403003273,-0.003153486806593442,-0.0002799553033256963,0.006679794120520111,-0.0021753890583062763,0.0017705364623500364,0.00010225921066231436,0.001116793489425616,-0.0007281135188909049,-0.00013510622601931033,-0.0006156788658387979,0.002147378658277077,-0.00021752702996824524,0.0006161692111241179,-0.0010471035515529081,0.0024393264449844576,-0.000832856726689324,0.0014334555058891363,0.0006938865324681576,-0.0006525903461196414,-0.0003379637170479975,8.704932875169477e-06,0.00041924119819247707,0.0004652223603815453,-0.0004979110797263542,2,NO
44173317.84497559,-1679344.0865079975,-183884.61881924013,-233688.94259747723,241413.22146587723,-205590.70035138144,31852.913097732147,-74669.0229798686,36028.629572169855,-20347.95890867665,-1912.1205911843153,-17363.22866162224,-1348.1091056978948,-1379.2455801584697,248.82228286033023,-703.2949471985653,612.5097653629896,-146.88120185972537,-522.810656473281,31.143402569699674,-64.62118362221673,-107.60353176283132,-28.308734294929877,-30.255243522163497,-7.779909472965619,-13.592025796293797,24.797796319177053,-5.010830857589156,1.3312732322820295,16.96970421535383,0.47213350239650254,22.48499941674072,-7.557340252894875,10.788130737019344,-2.3162845057051307,-4.958894555368175,3.25666427738091,1.5389206807826668,-10.822650974419446,-2.006772998261681,-0.5286993794693302,1.1508596706917587,0.28009294868581947,-0.39937183183136105,0.08150810930041885,0.10208998426837468,0.15351998249731746,0.09409350577976472,-0.020101528150672898,-0.017183205861709426,-0.08598789563028397,0.1966890698673649,0.28302680691624804,-0.07285637758369012,-0.03472373057388012,0.048458433953110225,-0.05502201670126183,-0.017823992518520182,-0.02027190420194347,0.02010646389302373,0.014129922170108333,0.024877460929209505,0.02064006628165027,-8.670358522167021e-05,0.0007778278285786033,-0.002620476626015611,-0.0006848366966873964,0.00022327213964684622,-0.003631410403501456,-0.0017996970031991522,0.00468858872045852,0.0017438154961473273,-0.004947019110183248,0.003920023548394269,-0.004196759223308089,-0.0009415777900037003,0.006903825068322655,0.0005650540338031362,0.002222249347044958,0.007677061240409122,-0.0026340937471368564,-0.000664601857127467,-0.0022602763041912333,-0.0009988609718708796,-0.0008966315699191485,-0.0011037200902482835,0.003605492441095315,0.0007922891687230926,-0.00041929236609367093,-0.0007216643425100866,-0.000393795275160036,0.0010642504016423636,0.00017619865516627087,-0.0009063474447239539,0.0009389404754115843,0.0006066997870241564,0.0002279229915049582,0.0011493314382491349,0.00033934104481242455,0.0009786558102808374,0,NO
-36060197.16687226,-396275.8034182675,-72874.84836554178,87763.78367983288,-84075.69753724546,-98923.57428549831,-16647.991677782957,23628.549289595423,-52296.39613329875,-10768.542233877964,-20683.595528841688,4484.962006572256,2529.259529636489,1076.2768983694118,723.0500465392215,-441.55157002778833,271.95527539788526,-99.70659358312966,-199.73287308673412,175.60893232794217,-136.52372253606768,-30.126196287980406,-12.640842699262606,41.88622696950904,0.6224642954157318,-18.328500136414505,45.348274298641456,-7.97873356107516,4.101421075333576,24.51536167091129,-1.5357127026963724,-7.074025697674301,-4.399090861960218,-1.7860782932775692,-7.812287656252007,8.943214451672773,4.3604209259742674,-8.236300813450953,1.2796338787118202,3.2320223777112034,-0.39873151788986405,-3.416782270819688,-1.2957015253161899,-0.14991601040523772,0.3286391214386164,0.2900737602576733,-0.2343972608707814,-0.23809530770681553,0.014387057035589734,-0.08568782127874308,0.07404253031710262,0.02391782457738545,0.12198827255896028,-0.16825526715853445,0.034702725279328384,0.023567099058893648,-0.06638011304621338,0.013313786647662251,-0.013593686924419979,-0.03344072333560266,0.04805106930778358,0.013728039577875606,-0.012828373126899995,-0.01634914382746988,0.021652931572825773,-0.006011313736191015,-0.008672553695297208,0.012804513608197288,-0.003511127523635249,-0.00020978572570684584,0.00929516771019867,0.005103878068848822,9.363773594817104e-05,0.0033023384994789184,0.0045412037344700895,-0.0013054343556524461,0.0033277617137648097,0.002334711412643742,-0.003786532507677798,-0.0032108649730853145,-0.004991726266338148,0.0007995822117057294,0.0022408966282740916,0.0012208237330099403,-0.0019549378278823637,0.0010996940411555078,0.000315292988748217,0.0023359879770444847,-0.0013003169184843122,0.0002907759330261772,0.0008450686453764789,0.00018903157825019435,-0.0010297870259914355,-0.00046995982468944764,-0.0011455910641053196,-0.0010960686781132586,9.21532548671996e-05,0.00031240314255387425,0.00031607532487959444,-0.0009621944508653724,0,NO
35842388.41941923,-2099989.7531132586,-159065.597833878,255559.94158862287,-124772.94483852235,-39732.261331555594,-56040.33840015163,144398.78122280614,-40858.308090807084,-19823.32900573147,10786.505915267631,255.40952101875155,-4698.683166753064,-864.068445122692,663.9587589225594,101.93302156444224,-158.34342489464564,82.54368024825771,-86.75065944271574,-260.7546591040615,94.36575313867112,-6.711245117247614,-21.085150774892156,18.08745341533556,15.397602894103695,-27.649812416700115,1.7019939515702163,-4.052215505000504,-28.684687738225477,-35.02644222619681,0.6647844074380487,8.739339827037611,4.869063036266397,-14.393015840610303,9.444777999684941,-3.201343436427095,3.958165196055301,2.8980882421285514,3.97470754469731,6.281538645818316,-3.5978147364142323,0.7756860030827468,0.6830083655479768,0.8146942219910542,-0.19376300541951608,0.28472342648624505,-0.11749495939903465,-0.058439229435121476,-0.20638883648313477,-0.3012167779748098,0.26474486955062027,0.0014352688477208275,0.15166663586406326,0.07231410295865737,-0.053216743042174386,0.03881526574550753,0.037957306118178824,-0.021507032808169235,-0.02541689136639791,0.023510927786590585,0.004359592635313714,-0.01637924486981923,0.008055496431337517,0.002233079815363581,-0.003847292617672027,-0.008885087254067336,0.013200920953690104,0.0021887723232746903,0.011130022453657351,0.00805850558839255,-0.0037759799608311218,-0.0049761439967683785,0.0013126756942396511,-0.007312331059007748,0.0011045351343454968,0.0012836287930251267,0.008005454380988652,-0.003663426480747578,0.007682519839688595,-0.0013216179761490476,-0.0026462030636852374,0.0039531000373742575,0.0007968683344292682,-0.0007530449195468913,-0.000916315393001299,-0.0016357094433651076,-2.9910268861232936e-05,0.0010471731507357696,-0.0007785287185108625,-0.00021238189402539298,0.0004874458443042684,-0.0003915141472549642,-0.00018485210982110978,0.0002482592832750985,0.0006431418336598355,-1.4067188356529578e-05,-0.0005385592744256099,0.0007023742124949717,-0.0008436822586015968,0.0005674962894614555,3,NO
69339441.15047431,-1124208.1008584881,-500079.94776956656,-438140.06654309644,-401153.90114295686,51301.926774364205,107481.08841903607,-74971.35411866927,-89301.68032839941,82235.80270715813,12508.971267754025,-16296.084222096528,1859.8672789349657,-300.73836457646706,399.6409538846765,-2314.689301076753,-1107.998059344402,671.9743529346913,540.3538920047919,85.57937382084356,-234.78139779355803,-134.52940177237707,66.62882535419016,-36.178891898767816,-59.908093529123974,1.5481443447779384,12.530688154926679,31.606182404716662,48.14638577624201,7.4464579054433955,-4.617434342886298,12.953618002289772,7.1106723730458725,-13.4655219110374,11.5180600818254,7.763470777884976,-0.8817047819104396,2.1236317371542555,-3.7677621609251446,0.3926771391795967,2.4944159592631863,3.002762969629231,1.0955790457259837,0.2629109570167447,-0.23462379888086105,0.09138263809072456,-0.16685639922515794,-0.09790356039018766,0.22527164346100337,0.02828006854850604,-0.012779272857828872,-0.0884624075351188,0.006015346951802059,0.08752576359012432,0.023038109027402776,0.05123737063439926,-0.023551708208906508,0.007195678072760003,-0.01994191779551535,0.0021014519539184207,-0.0011161656728320146,-0.008676194697718742,-0.006164671302186786,0.011088421341615806,-0.012898488471474678,-0.002798161653139175,-0.00975324797940988,0.008872149868475177,0.007916276764370345,0.013674582021324488,0.0042773167515703925,0.011515997327802285,-0.0017135524670512936,-0.004972847346924381,-0.00511814268937516,-0.0007864872700142911,0.0043796536522966445,0.00459680082824665,-0.0008424510523803441,0.0009050845460631951,0.002066409666680147,-0.000597936376915964,-0.002592239042906952,-0.00043893252161783525,-0.00041883602754166915,-0.0031542756007604256,0.0012941798949444028,0.0009460500511322412,-0.0003393338049203498,-0.001304805257167363,0.0007328739709226983,-0.0014238070748761517,0.0003792254601159284,-0.0007026089850142858,-0.00042294351534744035,-0.0005510742964247601,-0.00043489404629217833,0.0004999428533929429,0.0004148336363367089,0.0007933767160974159,4,NO
43052718.15203494,118957.25194665277,-467971.142234268,-346053.0432358462,-151775.39970830188,-225822.09699198045,129863.4403781316,24221.93637255524,-77590.7281043207,50666.89952360629,9856.951992180064,-6158.180091695802,-990.5556114127139,-6363.522004728119,-2107.105020242716,1281.8113833617513,-839.5488527949972,136.7690444678601,134.95864017649924,24.874485855119246,-58.79431323829988,-28.80924062614909,56.073323473320954,-3.913416737311209,12.85653872357869,2.466627711268302,88.18193284434847,17.940123841487832,-10.403572857727283,-31.749304817200667,5.891771513402404,-7.734668787174769,-0.418553771812185,0.8965146652152498,-10.036818340891262,4.2406720234205295,0.42952720807980427,3.494366347648338,-0.9083102311347488,6.071181491919006,-3.4253079069998655,1.4116482250333178,0.03290342493357912,-0.20109944905409716,0.33122608347151683,0.3275305932289392,-0.15535766472308765,-0.021905431748386217,-0.3831673431020457,-0.19071165655442399,-0.024113367325367285,0.13905771910318476,-0.10993032935105251,-0.06022330733405967,-0.07678442780488481,0.040846907503754415,0.07162214965845815,-0.009292004134763499,-0.042570461744875665,-0.0015006306716536244,-0.01869256654047513,0.04069875819749669,0.020924093444960823,-0.0073474601245013815,0.011294758017573514,7.84075603779133e-05,0.01674716700969331,0.0018397817008893869,0.014584612675972108,-0.002992221764066605,-0.005199294268235843,-0.0005298666880730885,0.003356695707164903,0.002584435554484399,-0.006698050184408499,-0.003104729735562417,0.00022731547307985878,0.002346575519872829,-0.0006041160774916676,0.0016659745761902212,-0.0023566699709460792,-0.002923974011834085,-0.00012696114272015002,0.00022442175546949494,0.0012457784536477057,-0.00040844765111158754,-0.00024668114061343616,-0.00018780788784078517,0.001290380112553391,0.00027472287650009974,0.0017003489419420426,-0.0007938279085861312,-0.0005960472474195733,0.0011571780577142032,-0.0003285505358556623,0.000286087933879171,-0.00017266893211467273,0.0005644632151773354,-0.0005025450548895027,1.1329865738207712e-05,0,NO
18762996.838547945,703923.8373060739,723.8906627279939,-151402.16222199495,448828.15042731096,-4815.166866171014,-13397.249729387608,2673.8454385286022,1102.5748209563899,-19246.57822391656,-6743.461417926221,-30276.9930464074,604.0908157464037,-3068.319435322856,348.54929797454315,256.6558077648913,-431.9179549536507,136.23856310705037,126.30767734587025,22.273661103389372,61.60694583293741,-28.99331866658079,10.170502101826457,14.613529592895333,-10.99136427043855,13.001828046376431,-1.387987047419756,10.631822394288406,-10.266010809394459,8.3103890967096,1.7371831614072732,3.4586002454830123,7.238801943541148,-6.158163729108253,0.1220669779550363,-1.2174734615564944,1.7108521250120319,9.871475549478816,1.2619604298926674,1.1243682343259707,0.08112792580838146,0.22262185935140621,-0.6374711253211416,0.12722394443374307,0.18499913399009316,-0.17501917541905598,0.0355015070246667,-0.01745529364190901,-0.043438583034152156,0.03779098282199919,-0.07826929454713216,-0.04349792987233769,0.09731096188586363,0.029022903891027685,0.05927301715014455,-0.00702794346911817,-0.016088039176621383,0.004267282297028885,0.003441954311405704,-0.0028700665904723976,0.0052784493199209415,0.004274832056664124,0.0017332237140317286,0.006956373771539681,0.0022270243740498685,0.0032334458193288285,-0.0022171563832695806,-0.0023329719501024027,0.004331284474491381,-0.003299883841353435,0.0011473109263367975,-0.002581855200469274,0.0009338237508567104,-0.0008455041721608936,0.0010250748598628068,-0.0036337750830843785,0.0013882732440069212,0.0015093390572400445,5.699190672725507e-05,-0.0028259362402571764,0.0011365351660225231,-0.00015184794269984536,0.0004430803277732931,-0.0006576601690085615,0.0006668221522231343,-0.00042715044759489285,0.0005027736636598057,-0.0001884704173213958,-0.0002808352263807268,-0.00016114338075268186,-0.000224528495965437,0.0004983140575879272,-0.0002786438118704826,-0.0002910747665658686,0.000227046103358039,-0.0004992728824326099,0.00016349733451634894,-0.00011071981409171983,-2.0441148169070278e-05,8.991523775420118e-05,2,YES
77892397.90446556,2822172.7084509293,-452770.78317457775,421282.81566640636,-118994.30004145257,-43340.08374753718,-64930.004860755864,55703.416452071426,12336.518715387036,-9446.039739526332,10380.87426459353,-8580.663657581244,5974.0657055794945,-2686.9412083677003,-63.846358478611364,-859.6408293189938,192.29425509376108,546.0228444977548,-135.96623396095552,63.10847933376465,-98.59852994683371,62.16189139385639,-24.720059552060775,-29.753623866081206,-9.964460997127627,-3.163446579447964,-13.807957893693356,-11.750736013508515,9.153010588282484,-7.997646160702729,-2.163704306110475,-6.844226640110719,-4.210563670405946,0.21712611169209595,-3.736972048640105,6.486891687801602,1.0109689199064569,3.5818926154773294,3.0388034996211672,2.0395690165478157,0.8700737276511177,-0.7850852474363066,0.005065064463337876,0.13579425532745493,-0.1599984331702018,0.043144827025706434,0.052683317993468926,0.02428355719422326,-0.016701351027475386,0.11135346081399002,-0.010102888681424282,-0.09020364300214645,0.005567720213961458,0.020569869081059622,0.03444056873471135,0.0039015275778184755,0.014075578788831145,0.010756452057868682,-0.004735138349611034,0.007601549195437762,-0.0018751694986640643,0.0034840723636548887,0.007800910639993108,-0.00010517157023137713,-0.0003895809982059628,-0.00226422106778168,0.0004479603493668938,0.0031224873624983718,-0.01104078907349082,-0.001761124662588598,0.0008978286260886703,0.0028872000142512455,-8.124584161084414e-05,-0.001941463765009921,-0.003016046231233638,-0.00048276743809494427,8.59854754164946e-05,0.0015058563657581736,-0.001230825851917583,-0.00019213248372773606,-0.003110193775328285,0.0014485851581118592,-0.001358409840558128,-7.236261148116374e-05,0.00046090917799457287,-0.0004748317588608719,2.0149911979849833e-05,-0.0002742128917631037,0.0004464504726596763,-8.859057901977607e-05,0.00016785978758937503,-0.000739612899240241,8.188544514708962e-05,0.0001535378918761099,-5.601242299535514e-05,0.0006719668385548432,0.00015381373046794398,0.00022450535071460997,-7.200474860563633e-05,-3.8701673547525406e-05,2,YES
36663569.87227118,426157.3315614178,-6676.965663779527,-209521.65876187687,476097.55258182285,29441.85519466133,-37081.60257998545,25.856174112333974,22526.64885372395,-21894.859818910976,-19763.329624427683,-28437.43018524145,1097.0409827968397,-5359.56894973349,868.2493190345485,355.2435066035316,-715.0173200510678,208.9125015992745,154.9231446556278,81.08774455283879,151.37936478195945,-9.294788238279835,9.113144995317526,14.549837501639132,-20.555860313455945,13.776362144947257,-8.193548087437932,17.42398852768366,-16.08224564614534,5.043888978342636,4.949626908133581,5.376822231924734,4.970405946984499,-7.288054334400499,-2.993781720048233,-0.3966088999931259,0.002468483253892373,13.164057355928037,1.1435485245611403,1.6868553182607684,0.26104346980790893,0.501151295886082,-0.9584087811958568,0.1610419083944552,0.24330884832393807,-0.18393029208999323,0.14871621672293678,-0.019806521638693564,-0.05119393104154968,0.03416825609438959,-0.0872526732455432,-0.061440990852430044,0.1524680886869847,0.05456695973769943,0.09251847538388747,-0.013198929861789499,-0.03399738874057734,0.01464750120539593,0.022569258514779644,-0.0009840293369798303,0.002223526092074657,0.007115343872158064,0.0010193844711879896,0.014018001358422794,0.007429479714764264,0.004504176244441549,-0.001356098811537837,0.0010761674567263402,0.008094356396963653,-0.0026710843359741276,0.0014881576008941577,-0.005276047968392206,-0.0004579681366587707,-0.0005569758403843883,0.0020983977733672887,-0.005494565614117652,0.002873926264717941,0.0023132551174245286,0.0002457795484214209,-0.0025924551273095453,0.0017790533130441766,-0.00027689181518164574,-0.00013912131870297273,-0.0001217344980636581,0.001218776070215144,-0.0006932970205056899,0.0007908680988171213,0.00012200268755901966,-0.00038265534803355594,2.7896675292904405e-05,-0.00015892165739495034,0.0004416439350032504,-0.0004135000725439264,-0.0004441369181227284,0.000466844262748331,-0.0006840920411286307,0.0004402644869545332,3.825149315428433e-05,0.0001771065593191845,0.00019617917016051534,2,YES
75618685.42496431,2910519.900372304,-460208.5939664269,439691.3811793954,-150286.43724449695,-47506.85984111657,-55380.37127495028,55434.62410246505,12170.022927428421,-10572.381421218819,10021.912531748621,-10018.807445948405,6315.268598393945,-2752.232373175502,-230.89193701750992,-920.9036991903627,178.01683064171596,616.7475420718503,-158.74544331414674,67.35823406289398,-105.51707617180023,65.45696599894018,-24.21880245079015,-32.997166843808884,-9.808586080299474,-2.8511389409351295,-14.701948715416506,-14.095380671190526,7.2139446694374385,-8.825325824499501,-4.1194456183152965,-6.886145151843493,-4.888687535778558,1.0547188536668841,-2.4659677996957647,6.400003324946297,1.6523593555269933,3.9222703268343935,3.098849236719275,2.102285171566976,0.7548199088814229,-0.8205435412736293,0.06344629266750701,0.21330103121215016,-0.1250743269836434,0.04101900203820463,0.035310128367099125,0.024209799281058597,-0.013681631127219429,0.1409623880740119,-0.02262808589296128,-0.10316268521567773,0.01787626721419322,0.021516821110035167,0.039642916842680176,0.00403200367237222,0.014864353175792822,0.010852209857959316,-0.005783604812569676,0.007326051290732494,-0.0003423625305267741,0.0023722196830213704,0.008405190024733056,-0.00011226443769096761,-0.0008377937068937413,-0.003209211914672716,0.0005674910187457305,0.0030119696453416167,-0.01117313310679735,-0.001514218914873855,0.001435296436397393,0.0032718740420891734,-0.0009715994054593224,-0.002145766339577193,-0.0028443958012778214,-0.0006799710612515053,-0.00022429724175898613,0.0011844964871037256,-0.0014733711036307717,-0.00017435601092397057,-0.0031823654297233883,0.0015489696231603123,-0.0011301576404365576,-9.641785481021015e-05,0.0005754935573140108,-0.0003838377683249572,7.449433829664898e-05,-0.00024590701667592807,0.0003521327339909286,1.356426579790515e-05,0.00019442398730618038,-0.0006910529048907831,0.0001058014513476424,0.0001551404014896729,4.508546682796544e-06,0.0007012510227638897,0.00022717994836372012,0.00022414467449594078,-6.14128647059009e-05,-1.4097361043685641e-05,2,YES
-24788728.59193796,616581.882840767,-46643.33759415592,4733.944448428985,266724.58552195027,-78542.73156758303,25897.648322756053,-11151.898289384226,-28782.850537952967,-10558.479980629287,17402.72419245354,-19476.49331179903,-2933.1736179502077,2067.5223257461034,-791.0753546790911,-80.44219445513909,114.72108166347834,-48.88094398191433,6.509313107126843,-69.51439463118925,-209.80796137166476,27.84384600904832,6.398430516648261,-5.33896466320266,12.539107287740375,-2.119516714577344,-1.450199091251136,2.3044667925787508,5.343709482633216,14.32344196416615,-5.903947523286234,-3.5197869158796493,6.296314362085809,1.0172401871237753,5.901761496822115,-1.349840772395666,3.998363139960013,3.418984368865324,1.8884255205400677,1.1237045807000356,-0.4632003033437826,0.07784288655118132,0.30653359082120346,0.005086712526094939,-0.07447187798502952,0.004788968313309994,-0.138589592902143,-0.009443675879336588,0.04792243804772722,0.05190040424739174,0.01606428154752315,-0.039505764848158265,-0.04917075044234398,-0.020771988061226265,-0.03908450884595105,0.005039291091635589,0.00793142822923576,-0.007871475902056169,-0.02519791047741715,-0.01033510737849852,0.004286488582065484,0.0015993677645091964,-0.004307308538694765,-0.010382890139324807,-0.010466617512918441,-0.005904187188281673,-0.0004916550543103693,-0.005460551167374039,-0.0008487835796262555,0.0020484568515661827,0.0022490950833674583,-0.00040052002869561676,0.003243425786008558,0.0005221372841756056,-0.00017605371319517893,0.002210152304191082,-0.0011364552242618675,0.0004816710745596531,0.0006191195541389583,-0.0032708530165321825,0.0011376329784804629,0.0007652104465611931,0.0013646489470300338,-0.0012480770511943684,-0.0004968066925261638,-0.00015498859431939405,0.0005819490864673593,-0.0002619678289031979,-0.00019273317804602286,-0.00021172697160021237,-0.0006047163328448679,0.0001745650461873402,0.0003876573075485279,-1.4728595891244645e-05,-0.00034553075796484034,0.000397831918092232,-0.00022515605630537595,-8.751923968342012e-05,-0.00023865201104006362,-0.00017246233400119992,2,YES
-4726953.245994866,-933141.6720194267,-339976.5259586227,-44080.78164111651,12996.232575152244,-106172.0726624393,-36804.705366628325,-28715.784208247784,-12013.99406382296,16995.56533329337,-1324.2176140475149,2646.3932581931294,-4973.835172678642,-16.927414798766222,-374.7915333001183,2201.256681155971,68.37688308979659,-21.903289546012928,-28.716978756135717,-2.822198086517915,-171.0845450484133,148.13746763110217,1.9833553429901087,-10.151955505171443,12.934326228983078,-4.066097177119445,-32.07602454775446,9.065224185088653,7.651719639650622,7.279338424117768,-4.636769598842022,-4.70315008611351,-2.402985301903101,4.202254940364696,1.2041193244880546,2.194714549851156,-2.2416747066699294,3.5848796510202874,3.047546272419936,1.6275053546017944,-0.4360230436909234,0.04987085274673575,0.32391074688152344,-0.19363705521914287,-0.23850841505756648,0.05890429942358111,-0.061408488369047554,-0.016503237246040747,0.04014323087105076,-0.007046922441593509,0.11095002147342292,-0.07726501559036114,0.009184885075399052,0.015866242779883466,-0.04801789854205918,-0.009227638608713562,-0.03321490398466809,0.02027425376275538,-0.0019413284991995905,-0.023788534343092138,-0.010178038856694993,0.0069559336714899445,-0.012604671478802398,-0.0029644056707978095,-0.006176206828082842,-0.0064229575869148015,0.002077349185652888,-0.001864454089821388,0.0012729115602654328,0.006693537966192931,0.0044933246801918125,-0.005656936099855514,-5.827949297376733e-06,0.0021981819280811887,0.0008927179304951682,0.002939518083366899,-0.0015892141470394971,-1.878695759227611e-05,0.0007117518577155479,-0.0023493634566298383,0.0030163323225703698,0.0014093186466899166,0.00046064433264492166,-0.0004992873619456273,-0.0005105196897956521,-0.0003041993596430981,0.001071375787362383,0.0008144051352928505,-3.828851009579637e-06,-0.00017875997944583055,-0.0006933690531663039,-0.0005725182073464197,0.0007254879859236452,-0.00028093229388503893,3.9570539905206537e-05,0.000578472833593557,0.0003111642508495157,0.0005146749556352859,0.0001102001512378048,-0.00034371547183270623,2,YES
-27384988.297141016,1416025.0648776111,19462.17370230076,-1492.8552152552875,377922.3493528128,-93080.1075185211,47565.65018437964,9394.564560993502,-54012.46437080446,-12407.494628733377,26782.597399532548,-34939.885987572576,-676.4105686369876,2835.528683209088,-990.4840589679643,1.9121213013822853,297.1844982796165,-51.175589686886696,52.248236901782064,-129.05896475218844,-170.0957718820831,-79.23128117292583,12.855427732913881,14.668309107307422,13.672970409275845,10.937648219552102,16.065878012670623,-6.8350258734127465,4.7362151927211755,16.72288507890177,-6.544956580211476,-1.4966651912822044,13.052645009277285,-3.221527778340203,8.144611555154487,-3.3237317479414656,6.105241597144779,1.39139723518133,1.5688409095263296,-0.3184791527025084,-0.38345026844314845,-0.49273816184548735,0.1908003088019683,0.03981250747085152,0.03405369034879513,-0.15121675443881344,-0.255822389481021,-0.011384715446219662,-0.023074170604616473,0.04715786647485509,-0.05472266451038621,0.0025586055193107526,-0.04497740462222133,-0.03673318649954993,-0.02652810405746786,0.0088705724911734,0.02998358593113215,-0.022424101427860776,-0.04577352907474741,-0.007743535222031639,0.013108176492002688,-0.0030280730363454467,0.0035340258083079723,-0.01124960252091789,-0.011186789801288066,-7.198504516203741e-05,-0.004416952753596631,-0.011093725249744502,-0.005348511824648017,-0.004884994725123548,0.00027823389721171043,0.004341251884450781,0.00451586922846392,-0.0015782097283166818,-0.0017345134609354496,0.0011702193745157796,-0.0024366927313357323,-0.000558002933819246,-0.0004247426346331018,-0.003427269736985483,-0.0005120870362371743,0.0001735524846586678,0.0019413874228246808,-0.002035795583071265,-0.0007550643773861498,0.00025709587743372175,-0.0002358688174901591,-0.0009853390394428674,-1.9032929933604503e-05,-0.0006462293724318613,-0.0003948226600758442,0.0006419816703599531,7.078059886045374e-05,0.00010308669390057812,-0.00039107006331647043,-2.043139140575287e-05,-0.0005485486576042534,-0.0004928207679044672,-0.0005284090018141119,-0.00018395637008411514,2,YES
75257919.69793248,2915515.9358688626,-445063.1647311613,440224.54205428186,-146445.57651566475,-47524.60849636917,-54082.8897738093,54514.44668228073,12040.896837289038,-9929.342253401272,9949.213344702375,-9988.389307299556,6114.366586093307,-2769.798496408505,-242.7276786992552,-906.6338140431594,171.92809582243717,592.7197599866716,-159.49766463429557,67.37271603717329,-103.54312579983048,65.69883639263861,-23.729031786686363,-33.005652548250914,-10.454611265686495,-2.7185451325084387,-14.70554727773964,-13.90978762307202,7.729297521356301,-8.619992317755916,-3.9845115541824327,-6.821498021226148,-4.5454475781179156,1.0713920914125765,-2.275738417727279,6.355231589806735,1.7067681031595185,3.8047647456244817,3.11421658158082,1.9755621184242074,0.812439443667806,-0.7644346286059829,0.0776415234863066,0.20965832283251196,-0.12442378340765714,0.04076400542311731,0.037739757181546096,0.02528072276468718,-0.016437021313462363,0.13731555738363369,-0.021812865837756767,-0.10161991203575438,0.018461146517720906,0.02039664956431153,0.04027129511722327,0.003327688978580934,0.014601474056584962,0.011006336008756001,-0.00547680707917797,0.007371673268197654,-0.0002567899787417893,0.0024318984690321344,0.007888824586573473,1.0802523648045792e-05,-0.0007071365187083511,-0.0033069516247334896,0.00048519673987426626,0.0027343896837779824,-0.010836253097989967,-0.0016027466814076408,0.0014528672075830862,0.0033958846428676637,-0.0009035746832752878,-0.002193123971115929,-0.002667402364765037,-0.0006608605368192411,-0.00013267690632723372,0.001072699111483999,-0.0013973560914246619,-0.00021830173355241733,-0.003088497407359281,0.0015216289805195515,-0.0011028713594516404,-7.583334489169591e-05,0.0005466513697274245,-0.000341806003539058,7.040502683230976e-05,-0.00023792441198744463,0.00036090752082412747,3.3719423007116944e-06,0.00020834837468197698,-0.0006729301483018096,0.00011550797109949329,0.0001501847681409929,1.2852173946600876e-05,0.0006979710003652672,0.000221211027265222,0.00023440402797736404,-4.888369802619197e-05,-9.906624368671846e-06,2,YES
28344831.008649647,-404880.7896843017,-304470.4208925917,-173259.93967192026,199774.38317730743,-74269.96798695823,-56984.72115603457,-1855.3941602410923,-12474.351791908732,15052.599243419856,-13292.722821801697,-15860.180389821442,-600.1498259510736,-3385.0253725269927,332.7415477673803,3037.014473036952,-148.4604636383018,114.5025237935663,95.74910226374595,17.405485709606296,72.51067309905926,25.49876078150396,10.257038908122922,23.40333959309386,-2.6915420457672212,19.607536527062507,-21.0864383486238,7.260858681532966,-3.63958101961893,3.8315889762492645,0.47247681065763913,2.0915162090801687,3.1916990462623858,-4.536101519489364,-1.7115042889045284,1.0769389714619706,-3.136717011772525,6.187451155150825,2.5329569112573154,0.27528605919030724,0.041229887662538545,-0.43243573836908666,-0.466537847801888,-0.11525715882965715,0.02107759774177609,-0.2164119275049714,-0.03845464804131726,-0.025799964023611732,-0.09923892361327624,-0.03516766578631636,-0.007374435740354457,-0.0458274024613905,0.13149853987193172,0.043557503301004497,0.03325266175872921,-0.01717513492243944,-0.037229862573020966,0.020485910328425394,0.0028862715067052847,-0.01881134399774176,-0.003739835888960652,0.005369115926900037,-0.0021621007542746984,0.010244825859328621,0.0031509839843562037,0.00593903114742389,-0.0025735108585929756,-0.004541366865577323,0.0008891336792594684,-0.0031467505944060004,0.0022026835529234123,-0.0035782524672089977,-0.0010957158369402364,-0.0005413996519524344,0.0004092949725944539,-0.0021435068606392438,-0.0012020626997044648,-0.00045032783946652444,-0.0007313946398475046,-0.0019832370074117645,0.0017593362672515545,0.00029471086874988117,0.00018378290461051883,-0.0007090435944749618,5.824546415245102e-05,-0.00011391836836660563,0.0002930877631488471,0.00037283801291754237,0.00015184100407183987,-0.0005765774462935802,-0.00022737258430760576,-3.260408547682038e-05,1.411775698900719e-06,-0.0004188516334787673,0.0004899401270659909,-0.00044923613101417736,0.00038114879578696713,0.00022089505645062069,5.021697823454074e-05,-0.00020556663335985492,2,YES
29671057.837163508,-272951.90532890847,-257226.17670068413,-179038.08955691298,243643.41744804868,-57812.40977197456,-53831.69452997548,-1551.5658852320557,-6922.444296560716,9191.470492967299,-14321.531899733647,-17858.977603824344,-329.92930712389716,-3698.951089240595,417.8342698486704,2611.787669575462,-238.37299539804872,129.50496497248758,105.15937196349569,27.512194735461208,85.07071811173483,19.954843716286746,10.076893477767499,22.005517054968124,-5.528118875258091,18.687433659781846,-19.039293433739374,8.872638126732852,-5.615548748787461,4.0232668352125245,1.1836316400866451,2.6141151171671027,3.4749546320800277,-4.974357319605417,-1.9155309446388173,0.842983608219015,-2.638954015492372,7.29463748369335,2.3124517839110013,0.4989265222852879,0.07618417384699683,-0.28444813010539605,-0.5447178257420262,-0.07141482910234398,0.05638083357387913,-0.21131505771949932,-0.00875950632093403,-0.02485127071395521,-0.09164636065970733,-0.024175076595877622,-0.0200684735551091,-0.04829747710328425,0.13484816009934963,0.045310992634470804,0.04266992002548564,-0.016545763493485133,-0.03671777397783993,0.019559864877971123,0.006009509021263737,-0.015982329091225544,-0.0027926939922569005,0.0056456877489754476,-0.001655279929617559,0.010845999746845969,0.0038314618082764262,0.005714025160194147,-0.0023813367454464662,-0.003650782174813516,0.0020320073688754325,-0.003073285849766183,0.002088857292947943,-0.00384712947085486,-0.000994791636406589,-0.0005444082418062379,0.0006771349470946486,-0.002676091262343361,-0.0005554663747269206,-1.2029809984159812e-05,-0.0005767009540433854,-0.0020798016624852256,0.0017621916968496576,0.00020380775678074947,0.00013250453722779554,-0.0006159364808495382,0.00024245361309249702,-0.00020577946260647018,0.00037189027473605307,0.0003329593779805018,6.709564801810064e-05,-0.0004807678580769359,-0.00021642083648942823,4.2730749870464706e-05,-6.454951265344455e-05,-0.0004228869861514495,0.00048636897453140093,-0.00048669548796036015,0.00039053894496008344,0.00019186086594813467,7.032982060301007e-05,-0.0001418075084787529,2,YES
35886423.38017142,345333.13384992117,-35815.96025435452,-206117.13311813943,449235.8447760311,19315.924663964353,-39054.99579980309,-127.69963297658978,19096.304652083316,-18276.75792785284,-19143.012666928786,-27226.191770908496,934.8980646051605,-5169.711087118383,816.5545684991121,619.0071748587111,-659.7542294555872,199.82390943306729,149.27673360388982,74.86310631225092,143.9278897895591,-6.025484746328658,9.237470322155417,15.457292020691796,-18.825116607298636,14.374302805385582,-9.442742615810346,16.425844258219684,-14.876082874843917,4.920646810842996,4.517282069277769,5.062044388102663,4.802660450981023,-7.028631851839066,-2.8712395765239513,-0.25357550424153885,-0.3061309897585325,12.48340121496227,1.2791467816044246,1.5469509124103382,0.24011741365409023,0.40915223771657594,-0.9111304086722356,0.13406447639934393,0.22183452198904163,-0.187430868976179,0.1303969508923437,-0.020403416165775123,-0.05605908234507595,0.027341791108000665,-0.07956451688619826,-0.059877367964791706,0.15056350934979523,0.053508755276981734,0.08680549951422867,-0.013599243908488767,-0.034319791969346536,0.015219636907307876,0.020645612085410603,-0.002726482435895683,0.001647279136358204,0.0069431614835533395,0.0007192399897383295,0.01366349346064144,0.007021513152636327,0.004658231093507936,-0.0014807569966783507,0.0005222806879425224,0.007387653084863444,-0.002729008846344916,0.0015556862669764415,-0.005107389725769185,-0.0005215634820991966,-0.0005587019519603942,0.0019323158544655161,-0.005172028708246401,0.002475189848296866,0.0020418600392035913,0.0001485002239118849,-0.002532315083294101,0.0017757994674574284,-0.0002221092294774074,-0.00010779226779145112,-0.00017944510673087444,0.0011056691137978358,-0.000636333906300357,0.0007412016721133341,0.00014608362010759546,-0.0003301507687842875,-3.183227198677585e-05,-0.00016509128868369416,0.00039579817040355514,-0.00037367525920395384,-0.0004418390212440615,0.00046961360369153493,-0.0006622718690569938,0.00043455963045622124,5.583121634034072e-05,0.00016462380924869846,0.0001569394854714079,2,YES
74314778.64298856,2796919.0083900355,-472274.82265351585,424394.8576029138,-151023.7073802866,-51208.28608265713,-56642.891811793445,54332.32641303721,10572.754592614365,-9148.108135359373,9634.154462879756,-9821.95686778432,6184.284428317484,-2702.7991217052377,-225.76114459044038,-746.412169624241,188.9039205217075,612.7549699630163,-153.41386167107765,64.19437190537246,-104.1199762431745,65.30155395937996,-23.524515802292456,-31.25775645542342,-8.782162311558704,-2.1594166861425492,-15.241843880094336,-13.921548256984352,7.034315321851238,-8.630018431906109,-4.19587369262436,-6.777984648826077,-4.898851370337525,0.9798761333851758,-2.503406641866661,6.325294572891124,1.4086811149457716,3.8377598128873274,3.116640504439431,2.0763981271628893,0.7010801854757105,-0.8652585178091172,0.05678094046550086,0.1984728318797946,-0.1280121680038846,0.03345740612514092,0.026742417099113958,0.022192211402184192,-0.015946549500089446,0.13614139651889154,-0.020312295203937403,-0.10197292330085794,0.01995445300155385,0.02233228545561783,0.037442345911889774,0.0037106574342882226,0.013534306448067301,0.011197714538397907,-0.0062790394584151255,0.00610057054805857,-0.000647122560458957,0.002370629508558153,0.008291671004313494,-1.1439545698266329e-05,-0.000922397396864838,-0.002879407220274688,0.0004907998393876845,0.002788871526722525,-0.011232664686466665,-0.00152654478571429,0.001467470481085198,0.003079675202743992,-0.0010270705020838378,-0.002079576657553317,-0.0028957994714620128,-0.0006305371258636949,-0.0004136400097205506,0.0011170311250046083,-0.0015199266359249286,-0.00018235611343953018,-0.003099830414257654,0.0015462246959350168,-0.0010998635638495013,-0.00013974663516214125,0.0005425807219037182,-0.00038083505606489876,6.786467299058074e-05,-0.00022634359804418747,0.0003580141204265752,-1.4363288847629718e-05,0.00017443899219116155,-0.0006965425485936224,0.00011029440893761677,0.00014328022710796695,1.3758834686752874e-05,0.0006795340771412438,0.00023246673941821304,0.0002242647217551852,-6.838222764776747e-05,-3.2847554844839255e-05,2,YES
-28441571.0165326,1132262.9123553177,49951.73776671616,-71002.73224799486,272204.41964969283,-70976.21040032992,54756.054534276554,18686.48083392209,-37779.31587662725,-11343.204351640776,21744.20542779541,-28045.848892610054,-1142.7754712833048,1630.9461398506883,-459.93956527822775,2.624887743506406,334.95682277087315,-84.64023901490302,-44.677518300370636,-98.22726705133675,-99.1857501946655,-92.42036623309849,-13.5105131054448,9.405859488090542,13.848153865454808,9.386284874545026,4.309997077029038,5.337373303233107,11.831731155722508,12.576661398560702,3.1182819748790678,-1.9219023583589205,9.760825946771178,0.7465509522345997,4.4303111896550895,-1.2635872160086166,3.859965833041066,0.8474478952535378,1.4388418183996805,0.05684221869471173,-1.3120717884897672,-0.27739932768238873,0.14933657064460704,-0.24929946180548646,-0.02682988175081391,-0.08542185958431503,-0.21271880078850725,0.02073001535873953,0.043008849434347685,0.05538053439562793,-0.05961593585285474,0.0023509394520990767,-0.07034124562222566,0.0007090576950445904,-0.026329362155171676,0.003308914440819599,0.021134640010461947,-0.017793742106349875,-0.028439918592704228,-0.00622257483104427,0.012273270534450376,-0.008390191239097788,0.003149376105730961,-0.004390626777817985,-0.00845191742976037,-0.0029178835892937904,-0.003938166076213417,-0.00792746276012729,-0.006901469820393857,-0.0027633062780936246,-6.635340785754451e-05,0.0040062148830304345,0.0023863266454169363,-0.0007989868641327114,-0.00040920698085455953,0.00013813485090152788,-0.0024648636788557887,0.0008303823704896018,0.0005018651586814471,-0.003265762631717628,0.0005625943309446324,0.0007152833435912775,0.0016576989367431683,-0.0019515218371346787,-0.0006909161114002638,9.741910659100128e-05,-0.000298175951977786,-0.0005124162324153803,-4.159571698525433e-05,-0.0003292521373507995,-0.0002158072780293896,0.00014478305578210972,0.0001088850539030517,0.00012972084654316873,-0.00041143714420652233,-9.776733400442515e-05,-0.0004301374771946923,-0.0003410203224405439,-0.0004625119748212225,-0.00016545119836602895,2,YES
-18450318.268708706,1557605.6960599888,-24530.394445766928,39804.0409021363,329248.44493681216,-89743.40239936144,38726.08238739737,13669.016710266398,-48505.28744616223,-12209.453589355711,25568.668057865107,-32725.217199381106,-44.901310463927075,2383.047604068306,-933.1384725660264,-84.65718331641301,293.22279561828293,8.766554881840932,32.49740003823919,-112.6209651980198,-166.41747952562656,-66.5845245178607,9.497008114118586,10.349975208232308,11.797458550836435,9.663784054685038,13.43475210120289,-7.658370061336939,5.071772922786266,14.474324725370849,-6.405996215771864,-2.032319560225801,11.46340761631842,-2.808386431058352,7.246472545597943,-2.4595420613230914,5.738757603875623,1.5499283495278746,1.709503328967969,-0.1062457516991202,-0.28717240682643563,-0.5314705187813402,0.18605358309216058,0.05491240008991527,0.018248072474595034,-0.1335728654093984,-0.23217312373134025,-0.008154821602706086,-0.021913543140031688,0.055909833522759786,-0.05163985890606693,-0.006677116813040396,-0.040591145666897255,-0.0319915007546514,-0.021333074000198238,0.00860808417880321,0.029040241122026966,-0.01965603585968001,-0.042606573942955306,-0.00642367745995287,0.01195570604408136,-0.0026073777693973454,0.004015537558045401,-0.01040982952102798,-0.010375864532418788,-0.0003812273300178859,-0.003981293392438384,-0.009881473906255656,-0.0059787611772124105,-0.004589735581030097,0.00037440452622983234,0.004300883410549794,0.00404768408491929,-0.0016340013149328536,-0.001868049436263286,0.0010448738851904782,-0.0022749084955198118,-0.0004135073810291878,-0.0005276331539927348,-0.003135915329509853,-0.0007732221466223432,0.00030234631186543126,0.0016752892951639176,-0.0018734364046312235,-0.0006459430586364112,0.0002032388998415291,-0.00021419867994598718,-0.0009258755326586598,1.655852191412288e-05,-0.0005903250419412309,-0.0003436077685516903,0.000521652558134268,7.664569387932918e-05,0.00011158124258192625,-0.0003611664012340976,4.9416823913149555e-05,-0.00048438914472839247,-0.00043177368025215657,-0.0004912463256426247,-0.0001712118421124953,2,YES
54167973.92178208,1293174.3579413826,-531091.5356736697,220965.41059697611,-134480.5086104761,-101446.42746595574,-64780.075506123154,33054.65378620049,-11946.659214250336,14578.10717196115,3881.450644905328,-6946.282305965346,3021.7857160226504,-2154.075465744578,-238.16618658454172,1714.9168671788348,294.26910855267033,392.7941980345886,-86.39724450648029,21.437150342242717,-71.57607724618163,64.8637373858077,-10.738650295577571,-7.757498842196867,0.6492312640053868,8.122608455780664,-22.577189580266918,-10.286881630945686,8.160226275067316,-4.569184078373539,-4.299406100353451,-4.8689831265636485,-2.666057167547791,0.0805709701276669,-1.6959829890982085,5.004456844174044,-1.515066767768083,1.8817147076375704,3.4639600118950398,0.850781099177425,0.3714321402940399,-1.0833688602340175,0.06447004156667901,-0.027435129189144813,-0.16331459773017443,-0.07068383881983209,-0.07251105757052656,0.0022666555195232085,-0.06563839941467631,0.045688239834614494,0.016667798823385205,-0.07520562896806116,0.05214861150692052,0.02562416292679992,0.011982204370256433,-0.005510569690552081,-0.006293073648619529,0.01694069034585599,-0.010870824431131076,-0.010179831644884452,-0.0041827581950437676,0.0027619865183208248,0.003188726784143725,0.0022038488599545047,-0.001165135766534764,0.0009107507922958558,-0.0011158598818667154,-0.0021493625807184613,-0.00971306707979358,-0.002304524180619716,0.0020250089090593226,0.0013331658665984847,-0.0013086064630467575,-0.0015105590728516916,-0.0023702344555585064,0.0001707061564810708,-0.00234453038769189,-0.0005687507250637935,-0.0016252799447196153,-0.0005941951345365126,-0.0013337691068662227,0.001320479266317287,-0.0005010962595504154,-0.000584126806431079,-0.00010227745762492191,-4.998422905033717e-05,-5.019224018809609e-05,9.366436264524047e-05,0.0004981339704343557,-0.000463004731939165,-3.182075158925102e-08,-0.0006456818753297526,0.00023817753221699878,-5.160944482540675e-05,0.0001966164610640586,0.0003627860080379318,0.0002628643064685795,0.0002968120381667827,-7.621339342672728e-05,-0.00025789888559729635,2,YES
106919046.10971534,398431.12957730284,517631.47340210597,377063.7441644682,-73152.79760390596,-16300.13526497822,-27417.56839732243,-41611.74690297355,-32481.34382716153,14760.814745849138,9265.655447145984,-8651.771471638378,-1370.1270874072252,-48.03957537643828,367.73072027256785,22.949243285932425,-259.65068552850335,-334.67566552188293,68.79790740863973,106.80827644371573,32.40377867298406,137.07799004109177,-31.055468998017602,9.50982012966945,51.861003890412434,22.285752353975454,-11.93264925140835,10.830372367245445,4.802697003802962,-5.797212033208908,4.501733525931115,4.710238290383813,-8.618160325790598,-0.6134295663423472,7.4909651075626265,-3.7640257082967565,-0.43568096833545056,-0.8708331307041135,5.95524586154454,-4.907876497379291,-1.7807701423786781,0.15037764633445505,0.8795686061434225,0.049498540263332114,-0.041667115450760406,-0.03967199534413979,-0.008011731123755972,0.009749425991317118,0.10592358396409152,0.031777013133084356,-0.009112728186093655,0.05135191975656772,0.05124452029236526,-0.023480481950891585,0.05520676686371351,-0.004898527050639201,0.013278096792014527,-0.00022086237950702525,0.0003377593076847596,0.010081829601393366,0.0016214227113771074,-0.0056577153217745035,-0.005316506291999201,0.0018707344951147675,0.00691288434616788,0.0032375063310288166,-0.0009314309378231633,-0.007519642598051324,0.00548824609129106,-0.004902067191095316,0.0016140059598517276,0.004073882883262048,-0.0023426280295835156,-0.00442299110572375,0.006968422762976267,0.0009179664114613573,0.0018404888085226112,-0.003074601375431474,-0.00040118531462107754,-0.0019276306969364665,0.0005256926806986861,-0.0010499089830855457,0.0005827706199190708,0.0011858465101790006,-0.0014241183752087272,0.0014247052205635935,1.5671836770980718e-05,-0.00014968594609143793,3.2765002130841214e-05,-0.0002448034745627936,-7.427164555284804e-05,-0.00016764008087327524,9.377754036776764e-05,-0.0007000143043710549,0.0002211938137680336,0.0003233329866697138,0.0002443155383084813,0.0005405707310288665,0.0008536545462509149,0.0001604944353907345,2,YES
-29590141.856614053,148658.55663603218,136702.41781912162,-302113.285168644,-74471.64275943494,1507.8625008206873,73863.9399863785,48204.272673719184,16370.692840974254,-6986.127908579852,3874.5147049107236,-5116.829873562267,-2633.571581345179,-2510.023297109762,1305.786432239489,113.57026262955424,436.41529469613903,-185.51363218455526,-355.18608543043547,7.316659421450254,139.46001630636243,-130.93064873881139,-98.62944805278312,-7.25620302989924,13.684363877504378,4.704867952175164,-35.01544593385779,45.18963942614727,34.317741813608336,-1.2976280257963282,34.5717332498497,-3.133345718638452,-1.237043578057495,13.47533986101098,-7.943737909696573,5.547101392040517,-3.7327910562616573,-0.683365129785102,1.0516671665861281,1.2970368829197412,-4.288206226963791,0.42344026756512676,-0.012735605679509376,-1.1863392514478257,-0.2226292366003193,0.12425330262255585,-0.06422935207185265,0.12371947535101047,0.25323997479846705,0.0789257539324379,-0.07386290839460496,-0.00031261765675649755,-0.14501107125059054,0.12469692177723424,-0.023039157309016733,-0.015637212196826122,-0.010054658012810691,-0.0011823716240928484,0.02947303029983317,-0.0016758528989360144,0.008936155499870146,-0.025336983660769974,0.0016977581917519968,0.01859612448097181,0.0009547546843842181,-0.011858534920889952,-0.0023155587560555746,0.0025680043687812404,-0.011626476473880265,0.004148407241730656,-0.0011042925059288056,0.0026031067540071007,-0.004700271983998583,0.0017547067617145196,0.003956782987400542,-0.0033366039522937374,-0.002488452874934266,0.0053236769414377605,0.003481201564082159,-0.0026903447487085508,0.004117649858753292,0.0024639184211310283,0.0006715640483421215,-0.0016244924527028526,-0.0004463301363526462,-0.0004347363297813045,-0.00047572591991462687,0.0010652358797509365,-0.00010984964831872723,0.0006983091165482236,0.0003683211705045597,-0.001482924633095452,0.00022707599961924174,0.000194738597081745,-0.00044208739859015467,-0.00036522367688184183,-1.1094376121146068e-05,0.00017593045853847578,-0.00022647787992174928,-0.00010474374891861205,2,YES
126345798.52872539,-18758.132202913053,170784.3147634383,236271.4983122698,85577.39187817473,11404.960373646289,-126893.57423150385,-9927.270029151478,-22821.420648297586,8400.304067634179,13391.197255175144,1544.3462961695623,663.2626440945642,392.7315872983954,1765.6959492492933,105.30579800888677,17.028826441144815,-313.87635403941556,224.2107770953988,68.85055066599136,30.94414433349249,97.96686041147842,-42.6441831479477,28.501338643254073,53.76301149035359,14.116241540111105,-5.448173884998596,21.93024955808619,10.678310983411762,-3.5838962249252546,15.779240001205608,2.2911987519082686,-9.073375938494706,-7.045860379966939,-6.911671049235569,-0.9190759682685439,-5.9921224170901795,-0.7083541005278562,4.835487516876128,-2.16948879331909,-1.585567795259422,-0.712380557261902,0.07172870144424337,-0.4519678014524846,-0.32991153727246214,-0.007976639012468922,0.08656019859997421,-0.006792694341248406,0.11576629851488018,-0.11325576168793372,0.06964757965531465,0.10119473694090297,-0.05718766203486414,-0.004621265168254007,0.002373211017521193,0.007873916989439289,0.012182740794904667,-0.002184009519291319,0.001997954287177084,0.010979478813923471,-0.011811473941310435,0.002824285738894261,0.0011653350053617562,-0.000538807587245671,0.006933952463274773,0.01127391973321945,-0.00016859375251690456,-0.00029804917145387355,-0.0017845439088116644,-0.004737867338197477,-0.0028056523105405295,-0.001167625063865696,0.0033964954703726846,-0.001716817661584824,0.0011714011563117577,0.0018574090197742699,0.0022840006671751567,0.0019395354744311533,-5.9016387108812296e-05,-0.0010401423379218233,-0.0011043518367351846,-0.0009703264249441013,-0.0018711204885357713,0.0008270694801991163,-0.0015078327009028225,-0.00026243478885212834,-0.00031620626590789236,-0.0005200197429049425,0.0006362681503300771,-0.0008040732411103146,-0.00048746963552104283,-0.0009308767291537649,-0.0002592096875623229,-0.0005072247261364016,-0.0004168312345518149,0.00021087289054438733,-0.00020894287832031767,0.0003173811855712305,0.0004251204597426894,-0.000125031930300612,2,YES
